round,event,driver,grid,market,pre_q_price,post_q_price,vwap,outcome,n_trades,volume
1,Australian Grand Prix,ALB,6,winner,,0.03,0.03,0,1,27
1,Australian Grand Prix,ANT,16,winner,0.02,,0.02,0,1,93
1,Australian Grand Prix,HAM,8,winner,0.07970588235294118,0.07640358014646052,0.07649247822644495,0,21,1263
1,Australian Grand Prix,LEC,7,winner,0.22594736842105262,0.06301339285714287,0.08319426336375489,0,32,1534
1,Australian Grand Prix,NOR,1,winner,0.37428870292887034,0.5383017414085375,0.5270489450265538,1,160,6967
1,Australian Grand Prix,PIA,2,winner,0.18672169811320752,0.21354430379746836,0.20935543278084714,0,66,2715
1,Australian Grand Prix,RUS,4,winner,0.08,0.04685714285714286,0.04781841109709963,0,22,793
1,Australian Grand Prix,SAI,9,winner,0.0534641638225256,0.013934240362811795,0.01956490034030141,0,30,4114
1,Australian Grand Prix,TSU,5,winner,,0.030000000000000002,0.030000000000000002,0,4,310
1,Australian Grand Prix,VER,3,winner,0.19319454414931797,0.27983522142121525,0.26311677517661725,0,204,7219
2,Chinese Grand Prix,HAD,7,winner,0.03,,0.03,0,1,49
2,Chinese Grand Prix,HAM,5,winner,0.08448156396931453,0.0896167008898015,0.08584514721919301,1,70,5502
2,Chinese Grand Prix,LEC,6,winner,0.08343065693430657,0.05710659898477157,0.07755102040816327,0,26,882
2,Chinese Grand Prix,NOR,3,winner,0.4131283422459893,0.3852566861358746,0.4001630201630202,0,192,6993
2,Chinese Grand Prix,PIA,1,winner,0.3836277298586897,0.5801773425092642,0.4126636427621803,0,657,25574
2,Chinese Grand Prix,RUS,2,winner,0.06337281795511221,0.0736637589214909,0.06790226876090749,0,156,2865
2,Chinese Grand Prix,SAI,12,winner,0.03,,0.03,0,1,93
2,Chinese Grand Prix,TSU,9,winner,0.03,0.03,0.029999999999999995,0,3,229
2,Chinese Grand Prix,VER,4,winner,0.14806226956165505,0.0984469170143718,0.13285836056257994,0,94,7039
3,Japanese Grand Prix,ALB,9,winner,0.020000000000000004,0.03,0.02722222222222222,0,4,54
3,Japanese Grand Prix,ALO,13,winner,,0.01,0.01,0,1,5
3,Japanese Grand Prix,ANT,6,winner,0.04033333333333334,0.055351089588377735,0.051349911190053284,1,12,563
3,Japanese Grand Prix,HAD,7,winner,0.02,,0.02,0,1,93
3,Japanese Grand Prix,HAM,8,winner,0.05960210803689064,0.10717325227963527,0.07185090980238701,0,34,5111
3,Japanese Grand Prix,LAW,14,winner,,0.06,0.06,0,1,100
3,Japanese Grand Prix,LEC,4,winner,0.12992537313432834,0.10862867319679431,0.11424262295081969,0,29,1525
3,Japanese Grand Prix,NOR,2,winner,0.4461533101045297,0.3042460391425909,0.35370248937462057,0,177,8235
3,Japanese Grand Prix,PIA,3,winner,0.3739029850746268,0.24138413142257953,0.28365389193049284,0,116,4201
3,Japanese Grand Prix,RUS,5,winner,0.10951807228915662,0.10131389488840895,0.10218971061093246,0,36,3110
3,Japanese Grand Prix,SAI,12,winner,0.025,0.05545454545454545,0.05076923076923077,0,5,130
3,Japanese Grand Prix,TSU,15,winner,0.07274176408076514,0.036003937007874014,0.06713899729810867,0,37,3331
3,Japanese Grand Prix,VER,1,winner,0.21809382862216958,0.5129433109680953,0.4196840331414128,0,300,21363
4,Bahrain Grand Prix,ALB,16,winner,,0.02,0.02,0,1,5
4,Bahrain Grand Prix,ANT,4,winner,0.045351386202450036,0.1157446808510638,0.054613661814109725,0,21,1786
4,Bahrain Grand Prix,GAS,5,winner,0.043640552995391706,0.030939393939393944,0.03815445026178011,0,13,764
4,Bahrain Grand Prix,HAD,12,winner,0.1,,0.1,0,1,45
4,Bahrain Grand Prix,HAM,9,winner,0.05917073170731707,0.039012605042016806,0.04834085778781039,0,21,886
4,Bahrain Grand Prix,LEC,3,winner,0.07573813708260106,0.07179819153308672,0.07455804505724486,0,157,16246
4,Bahrain Grand Prix,NOR,6,winner,0.2480984438803664,0.23683523384564534,0.2435885389094759,0,266,15112
4,Bahrain Grand Prix,PIA,1,winner,0.695597647966069,0.8648266908996495,0.7677097969795874,1,281,18077
4,Bahrain Grand Prix,RUS,2,winner,0.16807085714285716,0.612768532526475,0.44083160266890553,0,217,22631
4,Bahrain Grand Prix,TSU,10,winner,0.04783919597989949,0.02,0.046507177033492816,0,5,209
4,Bahrain Grand Prix,VER,7,winner,0.12091677410113165,0.11448518332496233,0.11948952296032099,0,117,8972
5,Saudi Arabian Grand Prix,ALB,11,winner,,0.01,0.01,0,2,202
5,Saudi Arabian Grand Prix,ALO,13,winner,0.01,0.01,0.01,0,5,1566
5,Saudi Arabian Grand Prix,ANT,6,winner,0.034982007197121155,0.04125,0.035861120660020625,0,23,2909
5,Saudi Arabian Grand Prix,BEA,15,winner,0.01,0.01,0.01,0,2,193
5,Saudi Arabian Grand Prix,BOR,20,winner,0.01,0.01,0.01,0,4,508
5,Saudi Arabian Grand Prix,DOO,17,winner,0.01,0.010000000000000002,0.01,0,3,473
5,Saudi Arabian Grand Prix,GAS,9,winner,0.01,0.010704225352112677,0.010330578512396696,0,7,605
5,Saudi Arabian Grand Prix,HAD,14,winner,,0.01,0.01,0,2,193
5,Saudi Arabian Grand Prix,HAM,10,winner,0.03953545232273838,0.03788699690402477,0.039068799298860646,0,53,4564
5,Saudi Arabian Grand Prix,HUL,18,winner,,0.01,0.01,0,2,193
5,Saudi Arabian Grand Prix,LAW,12,winner,,0.010000000000000002,0.010000000000000002,0,2,373
5,Saudi Arabian Grand Prix,LEC,5,winner,0.07414805360561583,0.28260045146726864,0.21033920802300715,0,218,13561
5,Saudi Arabian Grand Prix,NOR,4,winner,0.26805243445692883,0.21452566225165562,0.23256572087152186,1,329,18221
5,Saudi Arabian Grand Prix,OCO,19,winner,,0.01,0.01,0,3,293
5,Saudi Arabian Grand Prix,PIA,2,winner,0.5446733668341709,0.7779746835443039,0.7190504211376485,0,513,26001
5,Saudi Arabian Grand Prix,RUS,3,winner,0.24183875835309335,0.298443529156731,0.270061608300908,0,231,9252
5,Saudi Arabian Grand Prix,SAI,8,winner,0.021517241379310346,0.01925619834710744,0.021081941129673827,0,14,1257
5,Saudi Arabian Grand Prix,STR,16,winner,0.01,0.010000000000000002,0.01,0,4,316
5,Saudi Arabian Grand Prix,TSU,7,winner,0.014718309859154928,0.010000000000000002,0.012607003891050586,0,7,514
5,Saudi Arabian Grand Prix,VER,1,winner,0.3146750385547477,0.4260930087876196,0.3904364302963002,0,847,56733
6,Miami Grand Prix,ALB,7,winner,0.04,0.01586888657648283,0.016432926829268293,0,15,984
6,Miami Grand Prix,ALO,17,winner,0.01,0.015,0.013333333333333334,0,6,600
6,Miami Grand Prix,ANT,4,winner,0.10023064097814005,0.13985730360065465,0.1257605114010808,0,316,30348
6,Miami Grand Prix,BEA,20,winner,,0.01658703071672355,0.01658703071672355,0,3,293
6,Miami Grand Prix,BOR,13,winner,0.01,0.015,0.013412969283276451,0,3,293
6,Miami Grand Prix,DOO,14,winner,0.01,0.015,0.013412969283276451,0,3,293
6,Miami Grand Prix,GAS,18,winner,0.01,0.02518134715025907,0.020244755244755244,0,3,286
6,Miami Grand Prix,HAD,11,winner,,0.017518796992481205,0.017518796992481205,0,4,266
6,Miami Grand Prix,HAM,12,winner,0.02561937068663002,0.026848304580606785,0.02622861861507609,0,75,16954
6,Miami Grand Prix,HUL,16,winner,0.01,0.0131740614334471,0.012409326424870467,0,5,386
6,Miami Grand Prix,LAW,15,winner,,0.013333333333333334,0.013333333333333334,0,3,300
6,Miami Grand Prix,LEC,8,winner,0.07971981591770437,0.020393201420598684,0.04909311157674173,0,119,15272
6,Miami Grand Prix,NOR,3,winner,0.3705118768819003,0.3031731132886367,0.3227901366925757,1,641,41041
6,Miami Grand Prix,OCO,9,winner,,0.016666666666666666,0.016666666666666666,0,3,300
6,Miami Grand Prix,PIA,2,winner,0.35364076231855435,0.6747777885642171,0.6220104815680166,0,814,61632
6,Miami Grand Prix,RUS,5,winner,0.10256768558951965,0.3775312886810617,0.32499193413806526,0,180,17977
6,Miami Grand Prix,SAI,6,winner,0.011705446853516656,0.01607222222222222,0.013835004063939314,0,31,7382
6,Miami Grand Prix,STR,19,winner,0.010000000000000002,0.015,0.010881057268722467,0,4,1135
6,Miami Grand Prix,TSU,10,winner,0.01590625,0.01,0.011505976095617529,0,8,1255
6,Miami Grand Prix,VER,1,winner,0.2841802866482273,0.3021888734674994,0.2965150914996435,0,1017,75738
7,Emilia Romagna Grand Prix,ALB,7,winner,0.010000000000000002,0.10562408223201174,0.06667536988685813,0,9,1149
7,Emilia Romagna Grand Prix,ALO,6,winner,0.02247002398081535,0.013305439330543931,0.017575418994413408,0,14,895
7,Emilia Romagna Grand Prix,ANT,13,winner,0.029906716417910453,0.20938837150767683,0.08926579538832931,0,80,12013
7,Emilia Romagna Grand Prix,BEA,14,winner,,0.01,0.01,0,1,46
7,Emilia Romagna Grand Prix,GAS,9,winner,0.01,0.01,0.01,0,3,433
7,Emilia Romagna Grand Prix,HAD,10,winner,,0.01,0.01,0,1,46
7,Emilia Romagna Grand Prix,HAM,12,winner,0.029085267134376685,0.031052392832841915,0.03015403573629082,0,50,8115
7,Emilia Romagna Grand Prix,LEC,11,winner,0.04557341772151898,0.04220092915214867,0.04496986073581376,0,91,9622
7,Emilia Romagna Grand Prix,NOR,4,winner,0.1822613675807011,0.1277866093136338,0.14686071949440932,0,315,16456
7,Emilia Romagna Grand Prix,PIA,1,winner,0.46683001893939396,0.3939530606883264,0.4053281353928017,0,607,54124
7,Emilia Romagna Grand Prix,RUS,3,winner,0.23755233910571202,0.22911261872455901,0.23201797312928193,0,122,11239
7,Emilia Romagna Grand Prix,SAI,5,winner,0.0389119804400978,0.01,0.03468684759916493,0,13,958
7,Emilia Romagna Grand Prix,STR,8,winner,0.01,0.02,0.010967117988394583,0,2,517
7,Emilia Romagna Grand Prix,TSU,99,winner,0.010931098696461826,,0.010931098696461826,0,4,537
7,Emilia Romagna Grand Prix,VER,2,winner,0.2026340579710145,0.7279534242600116,0.5777377745544966,1,587,38608
8,Monaco Grand Prix,ALB,6,winner,0.013247200689061154,0.01,0.013113129644921551,0,55,3633
8,Monaco Grand Prix,ALO,8,winner,0.055652173913043466,0.01,0.022903225806451613,0,9,651
8,Monaco Grand Prix,ANT,15,winner,0.02194656488549618,0.01,0.021876824284880327,0,30,3426
8,Monaco Grand Prix,BEA,17,winner,0.01,0.01,0.01,0,2,140
8,Monaco Grand Prix,BOR,16,winner,0.01,0.01,0.01,0,2,200
8,Monaco Grand Prix,GAS,18,winner,0.01,0.01,0.01,0,3,200
8,Monaco Grand Prix,HAD,7,winner,0.009999999999999998,0.04878504672897196,0.04441127694859038,0,15,1206
8,Monaco Grand Prix,HAM,4,winner,0.04092724940443467,0.029806733167082294,0.038401076334796766,0,173,14122
8,Monaco Grand Prix,HUL,14,winner,0.01,,0.01,0,2,200
8,Monaco Grand Prix,LAW,10,winner,0.01,0.01,0.01,0,2,120
8,Monaco Grand Prix,LEC,2,winner,0.1895881536325775,0.2652484262589928,0.21529369080354416,0,545,26184
8,Monaco Grand Prix,NOR,1,winner,0.3250790823211876,0.7984814006052944,0.6019729766066146,1,426,44628
8,Monaco Grand Prix,OCO,9,winner,0.01,0.01,0.01,0,2,139
8,Monaco Grand Prix,PIA,3,winner,0.30453921840354764,0.11700484373963241,0.2087411449683083,0,296,29503
8,Monaco Grand Prix,RUS,13,winner,0.13942246415294743,0.021778455284552845,0.1258290277125411,0,79,8516
8,Monaco Grand Prix,SAI,11,winner,0.010810810810810813,,0.010810810810810813,0,51,2479
8,Monaco Grand Prix,STR,19,winner,0.01,0.01,0.01,0,2,140
8,Monaco Grand Prix,TSU,12,winner,0.07053475935828879,0.03811059907834102,0.053118811881188124,0,10,404
8,Monaco Grand Prix,VER,5,winner,0.258819596585329,0.08277866047421169,0.1915724356879406,0,448,42838
9,Spanish Grand Prix,ALB,11,winner,,0.017175025588536338,0.017175025588536338,0,7,977
9,Spanish Grand Prix,ALO,10,winner,0.06,0.01,0.011224874371859294,0,15,6368
9,Spanish Grand Prix,ANT,6,winner,0.029774718397997495,0.01029251984956122,0.018093209721874216,0,24,3991
9,Spanish Grand Prix,BEA,15,winner,,0.01,0.01,0,2,1869
9,Spanish Grand Prix,GAS,8,winner,,0.05,0.05,0,1,93
9,Spanish Grand Prix,HAM,5,winner,0.057165318957771785,0.042387720295622516,0.05064240903387705,0,51,3985
9,Spanish Grand Prix,LEC,7,winner,0.04353953738569123,0.13666508987701043,0.1082240841136849,0,67,6087
9,Spanish Grand Prix,NOR,2,winner,0.31995616781465247,0.1668889041472123,0.19441997972744676,0,296,17758
9,Spanish Grand Prix,PIA,1,winner,0.4672045574986752,0.7792070876769764,0.7236241119686563,1,492,42369
9,Spanish Grand Prix,RUS,3,winner,0.051031553398058246,0.05448569994982438,0.05292227410052183,0,59,3641
9,Spanish Grand Prix,VER,4,winner,0.2418331672161312,0.1423699144403702,0.178455119468165,0,419,35951
10,Canadian Grand Prix,ALB,10,winner,0.053982808022922636,0.013971044467425028,0.02458206686930092,0,15,1316
10,Canadian Grand Prix,ALO,6,winner,0.0275234521575985,0.01,0.020282568807339453,0,16,2725
10,Canadian Grand Prix,ANT,4,winner,0.03540847201210288,0.23591922591501902,0.16425790754257907,0,97,7398
10,Canadian Grand Prix,BEA,14,winner,,0.01,0.01,0,2,280
10,Canadian Grand Prix,BOR,16,winner,,0.01,0.01,0,2,560
10,Canadian Grand Prix,COL,12,winner,,0.01,0.01,0,4,550
10,Canadian Grand Prix,GAS,20,winner,,0.01,0.01,0,2,285
10,Canadian Grand Prix,HAM,5,winner,0.0837401185770751,0.04474071595851456,0.06048673449032516,0,78,5013
10,Canadian Grand Prix,HUL,13,winner,,0.01,0.01,0,1,187
10,Canadian Grand Prix,LAW,19,winner,,0.01,0.01,0,2,280
10,Canadian Grand Prix,LEC,8,winner,0.06607432721059377,0.017044378698224852,0.03710714909980773,0,58,5721
10,Canadian Grand Prix,NOR,7,winner,0.3283530299220518,0.15599391480730224,0.24253250852165129,0,216,7921
10,Canadian Grand Prix,OCO,15,winner,,0.01,0.01,0,1,130
10,Canadian Grand Prix,PIA,3,winner,0.3985842971530249,0.2531905332534452,0.336633265254021,0,305,15668
10,Canadian Grand Prix,RUS,1,winner,0.24193016344725113,0.7608191353907718,0.6104456788528614,1,379,23223
10,Canadian Grand Prix,SAI,17,winner,0.016069114470842333,,0.016069114470842333,0,4,463
10,Canadian Grand Prix,STR,18,winner,0.01,0.01,0.01,0,2,186
10,Canadian Grand Prix,TSU,11,winner,,0.01,0.01,0,1,187
10,Canadian Grand Prix,VER,2,winner,0.28832571191020584,0.28480540188740644,0.28564482553528947,0,495,40352
11,Austrian Grand Prix,ALB,13,winner,,0.01,0.01,0,1,93
11,Austrian Grand Prix,ANT,10,winner,0.10095238095238095,0.01367130008176615,0.01993168880455408,0,18,2635
11,Austrian Grand Prix,BOR,7,winner,0.18,,0.18,0,1,52
11,Austrian Grand Prix,HAM,4,winner,0.059887827170751966,0.03928154558261219,0.04600596529284164,0,95,7376
11,Austrian Grand Prix,LAW,9,winner,0.035247524752475244,0.01,0.018874709976798142,0,6,862
11,Austrian Grand Prix,LEC,2,winner,0.1647637161667886,0.23244677312042586,0.1964373005370904,0,230,12847
11,Austrian Grand Prix,NOR,1,winner,0.5014930270713699,0.8326612827200452,0.7549811184606133,0,549,41575
11,Austrian Grand Prix,PIA,3,winner,0.27541909996564756,0.2425896114424692,0.2508670044606124,1,419,23091
11,Austrian Grand Prix,RUS,5,winner,0.1596435915010281,0.09029310882444651,0.11197813973424775,0,53,4666
11,Austrian Grand Prix,VER,6,winner,0.13520312237703547,0.07742592809462467,0.11108150393585292,0,213,20453
12,British Grand Prix,ALB,14,winner,,0.012226487523992323,0.012226487523992323,0,13,1042
12,British Grand Prix,ALO,9,winner,0.01711678832116788,0.012559523809523809,0.016047486033519555,0,9,716
12,British Grand Prix,ANT,7,winner,0.03155492154065621,0.035006009615384616,0.03307937350676931,0,30,3767
12,British Grand Prix,BEA,8,winner,,0.01,0.01,0,3,239
12,British Grand Prix,BOR,17,winner,,0.01,0.01,0,1,93
12,British Grand Prix,COL,20,winner,,0.009999999999999998,0.009999999999999998,0,4,293
12,British Grand Prix,GAS,10,winner,,0.017652830188679247,0.017652830188679247,0,14,1325
12,British Grand Prix,HAD,13,winner,0.1,0.01,0.015436241610738257,0,2,298
12,British Grand Prix,HAM,5,winner,0.12169959150873905,0.25524526248979956,0.201333837960585,0,571,36991
12,British Grand Prix,HUL,19,winner,,0.2740023014959724,0.2740023014959724,0,40,4345
12,British Grand Prix,LEC,6,winner,0.09410961242957146,0.061022794552989944,0.07638706096884168,0,148,12613
12,British Grand Prix,NOR,3,winner,0.3339609829704677,0.5795983853135525,0.5322872682734425,0,793,48171
12,British Grand Prix,OCO,15,winner,,0.01,0.01,0,2,103
12,British Grand Prix,PIA,2,winner,0.3387816468660385,0.28423841694216856,0.2965783083396667,1,855,53947
12,British Grand Prix,RUS,4,winner,0.0794660771977555,0.05398767731766729,0.06563919129082427,0,208,12860
12,British Grand Prix,SAI,11,winner,,0.010761904761904762,0.010761904761904762,0,3,105
12,British Grand Prix,STR,18,winner,,0.025936409461031408,0.025936409461031408,0,34,2579
12,British Grand Prix,TSU,12,winner,,0.01,0.01,0,2,102
12,British Grand Prix,VER,1,winner,0.3618575293056808,0.2528135738831615,0.28902008483033936,0,961,80160
13,Belgian Grand Prix,ALB,5,winner,0.03382316754588509,0.028145435368569085,0.03255487637272739,0,235,76399
13,Belgian Grand Prix,ALO,19,winner,0.010713389796089018,0.014434097421203437,0.010833477833651234,0,116,86505
13,Belgian Grand Prix,ANT,18,winner,0.024024268379728764,0.010567920184190331,0.02364990231768637,1,258,93671
13,Belgian Grand Prix,BEA,12,winner,0.01015915119363395,0.011842105263157895,0.01064272211720227,0,31,2645
13,Belgian Grand Prix,BOR,10,winner,0.010688494492044065,0.011626016260162601,0.010883991281181886,0,29,4129
13,Belgian Grand Prix,COL,17,winner,0.010000000000000002,0.01,0.010000000000000002,0,23,2739
13,Belgian Grand Prix,GAS,13,winner,0.010856067732831608,0.012410491257285593,0.01133989892445251,0,55,7717
13,Belgian Grand Prix,HAD,8,winner,0.02622787878787879,0.03392680921052632,0.030393814662365112,0,52,8989
13,Belgian Grand Prix,HAM,14,winner,0.09654034272494752,0.045934435223921544,0.08513972954077552,0,960,258893
13,Belgian Grand Prix,HUL,16,winner,0.022733547447585233,0.017989099254159497,0.02242506761167584,0,109,53615
13,Belgian Grand Prix,LAW,9,winner,0.010615637184485943,0.017207446808510638,0.011087826252619547,0,29,5249
13,Belgian Grand Prix,LEC,3,winner,0.13408115405080503,0.5091609296032472,0.39587907585782733,0,1418,504035
13,Belgian Grand Prix,NOR,1,winner,0.48645393044453156,0.3658525050352468,0.4201768964431855,0,4816,1445535
13,Belgian Grand Prix,OCO,11,winner,0.01013697947798366,0.013421052631578948,0.010285360981641775,0,63,21026
13,Belgian Grand Prix,PIA,2,winner,0.5464472364604895,0.7267622091497606,0.6417047119333671,0,5510,1485993
13,Belgian Grand Prix,RUS,7,winner,0.10037922655815451,0.04241686626190609,0.08322228954646817,0,817,242607
13,Belgian Grand Prix,SAI,15,winner,0.010998944217057403,0.012546316242998708,0.011096293284542928,0,135,73785
13,Belgian Grand Prix,STR,20,winner,0.01,0.010000000000000002,0.01,0,34,3765
13,Belgian Grand Prix,TSU,6,winner,0.014833449213071235,0.04190504717687584,0.02286781047204196,0,91,22498
13,Belgian Grand Prix,VER,4,winner,0.26630299430119553,0.2902938292046106,0.2766843895829249,0,4608,1270107
14,Hungarian Grand Prix,ALB,20,winner,0.01178147268408551,0.01,0.011243486499289437,0,157,33776
14,Hungarian Grand Prix,ALO,5,winner,0.026434705145902217,0.06525094574109228,0.04080201388081506,0,386,197827
14,Hungarian Grand Prix,ANT,12,winner,0.03753160437150981,0.010000000000000002,0.03535638784589657,0,137,31693
14,Hungarian Grand Prix,BEA,13,winner,0.01,0.01,0.01,0,14,1988
14,Hungarian Grand Prix,BOR,9,winner,0.0102151185303102,0.010400320256204965,0.01023309117749893,0,37,25741
14,Hungarian Grand Prix,COL,15,winner,0.01,0.01,0.01,0,20,9758
14,Hungarian Grand Prix,GAS,17,winner,0.01,,0.01,0,24,2509
14,Hungarian Grand Prix,HAD,7,winner,0.012508796083830502,0.01,0.012499238037183785,0,38,13124
14,Hungarian Grand Prix,HAM,14,winner,0.08383335776341905,0.021745539953025837,0.07927280936160216,0,929,272432
14,Hungarian Grand Prix,HUL,19,winner,0.017568649353067116,0.01,0.016803614760271108,0,40,11951
14,Hungarian Grand Prix,LAW,10,winner,0.009999999999999998,0.01,0.009999999999999998,0,18,5858
14,Hungarian Grand Prix,LEC,6,winner,0.26783290331081205,0.3792916807750702,0.32912027357254664,0,4005,1332005
14,Hungarian Grand Prix,NOR,1,winner,0.5669878691462192,0.4656297187400764,0.5030991803700885,0,5563,1533741
14,Hungarian Grand Prix,OCO,18,winner,0.01,0.01,0.01,0,15,1234
14,Hungarian Grand Prix,PIA,2,winner,0.5631117630434003,0.45842150323595043,0.5125901365987525,0,7805,2427621
14,Hungarian Grand Prix,RUS,4,winner,0.10223720356261402,0.26721714626603243,0.1975194253540537,1,1362,441176
14,Hungarian Grand Prix,SAI,11,winner,0.015077546955036995,0.01,0.014510237613751266,0,75,15824
14,Hungarian Grand Prix,STR,3,winner,0.013990264885669007,0.02443063152660368,0.014444901582902058,0,93,46181
14,Hungarian Grand Prix,TSU,16,winner,0.012035886818495514,0.01,0.012031214138168463,0,37,4357
14,Hungarian Grand Prix,VER,8,winner,0.20948504334582174,0.03375017303985774,0.17959897681999273,0,3626,1104400
15,Dutch Grand Prix,ALB,15,winner,0.020375670840787122,0.009999999999999998,0.018456865127582014,0,22,4115
15,Dutch Grand Prix,ALO,8,winner,0.1603690407599462,0.020179676800876473,0.09767226877031374,0,192,122454
15,Dutch Grand Prix,ANT,11,winner,0.02512424797279623,0.010823529411764706,0.023441033925686593,0,47,4333
15,Dutch Grand Prix,BEA,19,winner,0.01,0.01,0.01,0,6,469
15,Dutch Grand Prix,BOR,13,winner,0.018264462809917354,0.01,0.01821917808219178,0,10,730
15,Dutch Grand Prix,COL,16,winner,0.01221414408460013,0.01,0.012212681638044915,0,9,1514
15,Dutch Grand Prix,GAS,14,winner,0.009999999999999998,0.01,0.01,0,10,806
15,Dutch Grand Prix,HAD,4,winner,0.0931647185934584,0.1079556115490701,0.10303769202193021,0,247,244959
15,Dutch Grand Prix,HAM,6,winner,0.07298334234820635,0.0580940634381327,0.06877546859585662,0,182,152050
15,Dutch Grand Prix,HUL,17,winner,0.012166882276843467,0.01,0.012164082687338502,0,14,1548
15,Dutch Grand Prix,LAW,9,winner,0.01,0.01,0.01,0,4,15
15,Dutch Grand Prix,LEC,7,winner,0.12058628956781497,0.12162396900774805,0.12076295437379655,0,318,94003
15,Dutch Grand Prix,NOR,2,winner,0.7087741971662492,0.5141257481761785,0.6345410982189731,0,1742,432391
15,Dutch Grand Prix,OCO,18,winner,0.011553803339517625,0.01,0.011552363299351252,0,13,2158
15,Dutch Grand Prix,PIA,1,winner,0.6790350952068286,0.8353761398676238,0.7727635838195888,1,2368,760574
15,Dutch Grand Prix,RUS,5,winner,0.21880578802145464,0.24096793027948313,0.23021261457145634,0,446,226278
15,Dutch Grand Prix,SAI,10,winner,0.021686433793663692,0.05737839221710189,0.03028367044893932,0,35,8108
15,Dutch Grand Prix,STR,20,winner,0.05687781085703428,0.01,0.05687187282285136,0,33,15789
15,Dutch Grand Prix,TSU,12,winner,0.015387713997985901,0.01,0.015376884422110552,0,13,3980
15,Dutch Grand Prix,VER,3,winner,0.3051738220588175,0.37880677192254275,0.32032439889633424,0,2057,608880
16,Italian Grand Prix,ALB,14,winner,0.028198553583168973,0.010910089056972064,0.017092476489028213,0,44,12760
16,Italian Grand Prix,ALO,9,winner,0.015982725932167687,0.01507546611423498,0.015605463942899335,0,25,8126
16,Italian Grand Prix,ANT,7,winner,0.03033902636398484,0.031058698820723464,0.030514084961000453,0,80,31026
16,Italian Grand Prix,BEA,11,winner,0.01,0.01,0.01,0,8,774
16,Italian Grand Prix,BOR,8,winner,0.010809865774335453,0.029870952874755156,0.015499489738065537,0,29,35276
16,Italian Grand Prix,COL,18,winner,0.01,0.01,0.01,0,4,85
16,Italian Grand Prix,GAS,19,winner,0.01,0.01,0.009999999999999998,0,6,402
16,Italian Grand Prix,HAD,16,winner,0.026317439822927242,0.01038576376448107,0.019375520399666942,0,45,19216
16,Italian Grand Prix,HAM,5,winner,0.10489555494117285,0.05216020893706844,0.08053343580589714,0,418,121008
16,Italian Grand Prix,HUL,12,winner,0.01,0.014553734061930784,0.012045408058907754,0,18,4889
16,Italian Grand Prix,LAW,20,winner,0.013086080586080585,,0.013086080586080585,0,7,1092
16,Italian Grand Prix,LEC,4,winner,0.18629767483575863,0.12481446003461526,0.1551029188413001,0,971,181065
16,Italian Grand Prix,NOR,2,winner,0.4923523209068343,0.3713969727730614,0.39890171042640765,1,1910,400368
16,Italian Grand Prix,OCO,15,winner,0.01,0.01,0.009999999999999998,0,8,327
16,Italian Grand Prix,PIA,3,winner,0.5229669181164728,0.36336097880957136,0.43440892374495993,0,1734,315966
16,Italian Grand Prix,RUS,6,winner,0.1300251186156852,0.06652201808107319,0.08969803598381376,0,357,107993
16,Italian Grand Prix,SAI,13,winner,0.03258948902450132,0.01,0.028331731835316724,0,65,13529
16,Italian Grand Prix,STR,17,winner,0.013300653594771243,0.01,0.01282122905027933,0,7,358
16,Italian Grand Prix,TSU,10,winner,0.010597034006647917,0.01900900900900901,0.014088393658390666,0,17,13372
16,Italian Grand Prix,VER,1,winner,0.2757940041840201,0.656124421457202,0.5785068202070053,0,2371,510615
17,Azerbaijan Grand Prix,ALB,20,winner,0.0241725514276942,0.019385863267670916,0.02251454946819185,0,31,4983
17,Azerbaijan Grand Prix,ALO,12,winner,0.012227495407225964,0.016497890295358652,0.012646693359105341,0,25,7243
17,Azerbaijan Grand Prix,ANT,6,winner,0.042598282052447395,0.15038036011280642,0.10262600430921649,0,202,49661
17,Azerbaijan Grand Prix,BEA,15,winner,0.01,,0.01,0,10,751
17,Azerbaijan Grand Prix,BOR,14,winner,0.018995726495726496,,0.018995726495726496,0,11,468
17,Azerbaijan Grand Prix,COL,16,winner,0.01,,0.01,0,4,177
17,Azerbaijan Grand Prix,GAS,19,winner,0.009999999999999998,,0.009999999999999998,0,7,427
17,Azerbaijan Grand Prix,HAD,9,winner,0.07451441829632086,0.08,0.07499773311168204,0,45,6617
17,Azerbaijan Grand Prix,HAM,11,winner,0.12618921275063488,0.05417901481778135,0.12112069512272468,0,415,141903
17,Azerbaijan Grand Prix,HUL,17,winner,0.01,,0.01,0,6,241
17,Azerbaijan Grand Prix,LAW,7,winner,0.031303907502742846,0.03384466361394857,0.03254729584141349,0,133,23205
17,Azerbaijan Grand Prix,LEC,5,winner,0.16645940670101445,0.07855102751654476,0.15281365737611852,0,570,73982
17,Azerbaijan Grand Prix,NOR,2,winner,0.44887239714174065,0.3265696150358585,0.41250099284660147,0,1327,203959
17,Azerbaijan Grand Prix,OCO,18,winner,0.01,0.03,0.010020855057351407,0,12,959
17,Azerbaijan Grand Prix,PIA,3,winner,0.3951798644799142,0.2522977766945595,0.36766207011651314,0,1876,383476
17,Azerbaijan Grand Prix,RUS,4,winner,0.20883451105539091,0.28446128500823725,0.24856659093367953,0,419,92430
17,Azerbaijan Grand Prix,SAI,8,winner,0.05735107787065552,0.2747190670181325,0.183269816297256,0,552,108055
17,Azerbaijan Grand Prix,STR,13,winner,0.01,,0.01,0,8,1463
17,Azerbaijan Grand Prix,TSU,10,winner,0.019214377406931965,0.06944304953207031,0.04580352827452875,0,39,8276
17,Azerbaijan Grand Prix,VER,1,winner,0.4289951796890773,0.7278360788573104,0.5269952876458299,1,2066,353751
18,Singapore Grand Prix,ALB,12,winner,0.025677018633540372,0.010835016835016835,0.02055432887855898,0,56,8605
18,Singapore Grand Prix,ALO,10,winner,0.07144395705119812,0.025468306527909178,0.07066207584509196,0,175,62153
18,Singapore Grand Prix,ANT,4,winner,0.05077721815923831,0.11157827299449792,0.08595717463040223,0,302,68791
18,Singapore Grand Prix,BEA,9,winner,0.013785310734463275,0.026,0.01785175879396985,0,13,1592
18,Singapore Grand Prix,BOR,16,winner,0.024838905775075987,0.010000000000000002,0.02162380952380952,0,22,2100
18,Singapore Grand Prix,COL,18,winner,0.015725714285714284,0.01,0.01446524064171123,0,8,1122
18,Singapore Grand Prix,GAS,20,winner,0.010717821782178215,0.014673366834170854,0.012023217247097845,0,9,603
18,Singapore Grand Prix,HAD,8,winner,0.049883932317158444,0.0366523473458116,0.04574159462055716,0,100,10410
18,Singapore Grand Prix,HAM,6,winner,0.08018023450586265,0.02639609120521173,0.06917974683544303,1,506,112575
18,Singapore Grand Prix,HUL,11,winner,0.019086206896551723,0.01246031746031746,0.017079326923076926,0,22,1664
18,Singapore Grand Prix,LAW,14,winner,0.014878836833602586,0.01,0.013397075365579303,0,11,889
18,Singapore Grand Prix,LEC,7,winner,0.19004444740760496,0.044674841143764896,0.1450908030272793,0,391,65141
18,Singapore Grand Prix,NOR,5,winner,0.43072938991284465,0.20597926267281105,0.31353660561660557,0,1747,204750
18,Singapore Grand Prix,OCO,19,winner,0.020526810912511757,0.01,0.018535469107551487,0,18,1311
18,Singapore Grand Prix,PIA,3,winner,0.4502600680247495,0.28228442958895383,0.3821514351326496,0,1767,185941
18,Singapore Grand Prix,RUS,1,winner,0.23747039988085486,0.7167691299680761,0.5861993488249434,0,1703,197182
18,Singapore Grand Prix,SAI,13,winner,0.03220522837787291,0.013555555555555555,0.03186283709354983,0,106,24511
18,Singapore Grand Prix,STR,17,winner,0.01975609756097561,0.01,0.0178064012490242,0,15,1281
18,Singapore Grand Prix,TSU,15,winner,0.023543457497612223,0.013453237410071943,0.020669398907103825,0,29,1464
18,Singapore Grand Prix,VER,2,winner,0.43519221187681,0.3978346289752651,0.41829126470199557,0,4501,469154
19,United States Grand Prix,ALB,15,winner,0.02497443609022557,0.01,0.020696025778732554,0,44,4655
19,United States Grand Prix,ALO,10,winner,0.026059148405487263,0.01543057996485061,0.02508087997411841,0,52,6182
19,United States Grand Prix,ANT,6,winner,0.036762034879048465,0.030518793607922576,0.033089856031772294,1,113,30215
19,United States Grand Prix,BEA,9,winner,0.010574075442875797,0.01262922262922263,0.010796026460956903,0,34,45501
19,United States Grand Prix,BOR,18,winner,0.01,0.01,0.01,0,11,726
19,United States Grand Prix,COL,17,winner,0.014126984126984127,0.01,0.01300578034682081,0,13,692
19,United States Grand Prix,GAS,14,winner,0.010335400872961177,0.009999999999999998,0.01029153354632588,0,14,5008
19,United States Grand Prix,HAD,99,winner,0.03240060501296456,0.010317460317460319,0.03153414988582105,0,50,4817
19,United States Grand Prix,HAM,5,winner,0.10949007056645975,0.08941067490074989,0.10531826235718213,0,676,163670
19,United States Grand Prix,HUL,11,winner,0.0335307388606881,0.015966296163499462,0.03149511739040099,0,106,24065
19,United States Grand Prix,LAW,12,winner,0.02069642857142857,0.010064102564102562,0.01585603112840467,0,15,2056
19,United States Grand Prix,LEC,3,winner,0.17199125847262298,0.19156315279971467,0.17984482494249937,0,1066,195650
19,United States Grand Prix,NOR,2,winner,0.44259134211263657,0.44606893112967766,0.4444529220673537,0,1486,153607
19,United States Grand Prix,OCO,19,winner,0.011879350348027843,0.01,0.011310679611650486,0,11,1236
19,United States Grand Prix,PIA,7,winner,0.3351887638014755,0.1471845223299362,0.2857676279258872,0,1460,275472
19,United States Grand Prix,RUS,4,winner,0.1865891916877688,0.2609863706617957,0.20618507635028607,0,965,135101
19,United States Grand Prix,SAI,8,winner,0.03392125494378528,0.021163405088062623,0.02993674174128289,0,168,32723
19,United States Grand Prix,STR,16,winner,0.012281786941580757,0.009999999999999998,0.011574205784732101,0,11,2109
19,United States Grand Prix,TSU,13,winner,0.01688330871491876,0.032270203578038247,0.022644952644952646,0,34,4329
19,United States Grand Prix,VER,1,winner,0.4806038330065755,0.7363385971355123,0.6018930731779286,0,3909,488016
20,Mexico City Grand Prix,ALB,17,winner,0.021704297159504733,0.01010344827586207,0.019681298857486474,0,21,1663
20,Mexico City Grand Prix,ALO,15,winner,0.013062654575432812,0.01005524861878453,0.012512630515325024,0,33,2969
20,Mexico City Grand Prix,ANT,6,winner,0.03586232226244819,0.07640815583469869,0.04493361029651352,0,189,24552
20,Mexico City Grand Prix,BEA,10,winner,0.03626588465298143,0.31228945560051924,0.3070026773511074,0,485,53411
20,Mexico City Grand Prix,BOR,16,winner,0.021333333333333333,0.010077120822622108,0.014372019077901432,0,8,629
20,Mexico City Grand Prix,COL,20,winner,0.03347417840375587,0.01,0.024605647517039923,0,6,1027
20,Mexico City Grand Prix,GAS,18,winner,0.010431372549019609,0.01,0.010345911949685534,0,7,954
20,Mexico City Grand Prix,HAD,9,winner,0.07137879355563882,0.012366666666666668,0.06054756806362802,0,40,3269
20,Mexico City Grand Prix,HAM,3,winner,0.11342407590146569,0.1501132776565234,0.12568469782637523,0,1161,165898
20,Mexico City Grand Prix,HUL,14,winner,0.0221875,0.013734177215189873,0.017879032258064517,0,15,1240
20,Mexico City Grand Prix,LAW,13,winner,0.013452115812917597,0.010025706940874037,0.011861575178997613,0,10,838
20,Mexico City Grand Prix,LEC,2,winner,0.18951729843561974,0.2989743867830739,0.23923277751779518,0,1463,121803
20,Mexico City Grand Prix,NOR,1,winner,0.572703975225937,0.7870064176471405,0.686743777766279,0,2527,270562
20,Mexico City Grand Prix,OCO,12,winner,0.029865470852017937,0.010077120822622108,0.017287581699346407,0,9,612
20,Mexico City Grand Prix,PIA,8,winner,0.23025404024456758,0.08409617070148398,0.17358912616808742,0,1464,170685
20,Mexico City Grand Prix,RUS,4,winner,0.13053196060569602,0.1520917884554726,0.1412075802407004,1,738,115247
20,Mexico City Grand Prix,SAI,7,winner,0.09598038834195885,0.01945359102839418,0.08525025092004014,0,172,29890
20,Mexico City Grand Prix,STR,19,winner,0.01,0.010077120822622108,0.010029069767441862,0,9,1032
20,Mexico City Grand Prix,TSU,11,winner,0.017964426877470355,0.014914809960681522,0.017351934719663068,0,18,3799
20,Mexico City Grand Prix,VER,5,winner,0.4121033381982684,0.28665763791531124,0.3543054148885133,0,5563,637834
21,São Paulo Grand Prix,ALB,14,winner,0.014251156172180717,0.011401869158878504,0.013874652670577336,1,18,3239
21,São Paulo Grand Prix,ALO,11,winner,0.02223437911943053,0.010273483947681333,0.017456459784673844,0,42,12632
21,São Paulo Grand Prix,ANT,2,winner,0.22165640049277635,0.36172432205035276,0.29129654806245825,0,880,124307
21,São Paulo Grand Prix,BEA,3,winner,0.032281970176231356,0.020436128306133932,0.030883759548322814,0,138,30110
21,São Paulo Grand Prix,BOR,99,winner,0.01989956958393113,,0.01989956958393113,0,11,2091
21,São Paulo Grand Prix,COL,18,winner,0.023777777777777773,,0.023777777777777773,0,2,45
21,São Paulo Grand Prix,GAS,6,winner,0.024876118375774258,0.03833333333333333,0.02914473684210527,0,31,4256
21,São Paulo Grand Prix,HAD,8,winner,0.05147332768839966,0.05841467676179383,0.05691696355165799,0,81,10947
21,São Paulo Grand Prix,HAM,12,winner,0.08505215856202857,0.023675048355899425,0.06622362321527905,0,181,26965
21,São Paulo Grand Prix,HUL,10,winner,0.017440656020716445,0.010679578661230038,0.012589296598805316,0,20,8203
21,São Paulo Grand Prix,LAW,9,winner,0.0369281045751634,0.052095080154781655,0.049900709219858154,0,9,2115
21,São Paulo Grand Prix,LEC,4,winner,0.12410406395365031,0.16820920342402265,0.14639392144165989,0,506,72583
21,São Paulo Grand Prix,NOR,1,winner,0.5601203688756154,0.8326021946060285,0.7497691637630661,0,2028,326032
21,São Paulo Grand Prix,OCO,17,winner,0.012727272727272726,,0.012727272727272726,0,2,110
21,São Paulo Grand Prix,PIA,5,winner,0.3040171672753472,0.2813280681271891,0.2932421872452008,0,1379,153307
21,São Paulo Grand Prix,RUS,7,winner,0.08945942287910778,0.1266032542550602,0.11141584300877709,0,594,90349
21,São Paulo Grand Prix,SAI,15,winner,0.024794007490636705,0.03,0.024951573849878932,0,23,3304
21,São Paulo Grand Prix,STR,13,winner,0.028828382838283827,0.03875,0.0290210355987055,0,21,1236
21,São Paulo Grand Prix,TSU,19,winner,0.029027777777777777,0.01,0.02787345075016308,0,6,1533
21,São Paulo Grand Prix,VER,16,winner,0.26028905610183745,0.2872269199776647,0.2770380818933258,0,3406,481016
22,Las Vegas Grand Prix,ALB,16,winner,0.0281619233535395,0.011266679944234219,0.024697594642054968,0,111,24487
22,Las Vegas Grand Prix,ALO,7,winner,0.01792778288868445,0.028408246029063874,0.023221988277471125,0,91,17573
22,Las Vegas Grand Prix,ANT,17,winner,0.08306673559313689,0.178903117319881,0.10434933310353411,0,709,104439
22,Las Vegas Grand Prix,BEA,14,winner,0.023166643769748595,0.010169491525423728,0.02035864297253635,0,84,9285
22,Las Vegas Grand Prix,BOR,18,winner,0.020196078431372548,0.010017391304347827,0.0135527809307605,0,12,1762
22,Las Vegas Grand Prix,COL,15,winner,0.014252873563218391,0.010019841269841267,0.011870463428252372,0,14,1791
22,Las Vegas Grand Prix,GAS,10,winner,0.020806111696522654,0.010275880906856051,0.012443600867678959,0,35,9220
22,Las Vegas Grand Prix,HAD,8,winner,0.030590735231619204,0.023351153132455598,0.024597293343087058,0,107,27340
22,Las Vegas Grand Prix,HAM,20,winner,0.05290322580645161,0.020386546184738955,0.03845849748950865,0,748,147979
22,Las Vegas Grand Prix,HUL,11,winner,0.016762305218896864,0.026230718523401447,0.022938596491228067,0,69,11628
22,Las Vegas Grand Prix,LAW,6,winner,0.02307775611869179,0.018495809971664553,0.01949349179400113,0,71,21204
22,Las Vegas Grand Prix,LEC,9,winner,0.1087858140318775,0.061095743019280495,0.08587092658683834,0,1203,239848
22,Las Vegas Grand Prix,NOR,1,winner,0.39235439403666456,0.34413704134174555,0.3601767650177596,0,5405,674285
22,Las Vegas Grand Prix,OCO,13,winner,0.010849636668529904,0.010030737704918032,0.010560578661844485,0,20,2765
22,Las Vegas Grand Prix,PIA,5,winner,0.2544441903716577,0.07517004380890221,0.16358331077897734,0,2026,399036
22,Las Vegas Grand Prix,RUS,4,winner,0.22021063277231184,0.18736333076261713,0.1995660099493257,0,2913,431185
22,Las Vegas Grand Prix,SAI,3,winner,0.08491477090968916,0.06152056887559392,0.0711967534136789,0,902,264524
22,Las Vegas Grand Prix,STR,12,winner,0.0121227745889678,0.012998084291187739,0.012270558745047302,0,39,12367
22,Las Vegas Grand Prix,TSU,19,winner,0.011745501528377401,0.014384105960264902,0.011776521698509835,0,82,64221
22,Las Vegas Grand Prix,VER,2,winner,0.41325900255634357,0.7549314148628113,0.6339219618839408,1,6636,841640
23,Qatar Grand Prix,ALB,15,winner,0.01466871322588897,0.01,0.01166681888756964,0,50,10949
23,Qatar Grand Prix,ALO,7,winner,0.027179219695389112,0.014678238780694327,0.018287056556044085,0,107,16603
23,Qatar Grand Prix,ANT,5,winner,0.08057758518342634,0.1045444371910846,0.09158032751792787,0,664,93430
23,Qatar Grand Prix,BEA,13,winner,0.017629310344827585,0.010053475935828877,0.016358744394618836,0,12,1115
23,Qatar Grand Prix,BOR,14,winner,0.029251583189407026,0.01,0.026583188693280434,0,19,4033
23,Qatar Grand Prix,COL,20,winner,0.012681728880157173,0.01,0.011752246469833121,0,18,1558
23,Qatar Grand Prix,GAS,9,winner,0.010295819935691319,0.015,0.01094287298946201,0,14,1803
23,Qatar Grand Prix,HAD,6,winner,0.0321152030217186,0.03370300751879699,0.0323429495820976,0,56,7418
23,Qatar Grand Prix,HAM,18,winner,0.039606171932402644,0.01,0.03806184274670938,0,171,28718
23,Qatar Grand Prix,HUL,11,winner,0.014806338028169014,0.01,0.011866028708133972,0,36,4389
23,Qatar Grand Prix,LAW,12,winner,0.010308310991957104,0.010000000000000002,0.010205540661304736,0,15,1119
23,Qatar Grand Prix,LEC,10,winner,0.07748204309656824,0.03122353785432365,0.07183621633457413,0,234,22835
23,Qatar Grand Prix,NOR,2,winner,0.4035134376686455,0.20811443510703306,0.2664583796605144,0,2875,310293
23,Qatar Grand Prix,OCO,17,winner,0.01035276073619632,0.01,0.01009163346613546,0,17,2510
23,Qatar Grand Prix,PIA,1,winner,0.46478551106793425,0.37465352318105866,0.4051023484347675,1,4027,426582
23,Qatar Grand Prix,RUS,4,winner,0.20799607479825438,0.10773697694278395,0.16673186862057338,0,1050,139413
23,Qatar Grand Prix,SAI,8,winner,0.046999389499389504,0.5607539516016227,0.48117100503581817,0,463,42297
23,Qatar Grand Prix,STR,19,winner,0.015327868852459018,0.01,0.013470368392952483,0,25,1873
23,Qatar Grand Prix,TSU,16,winner,0.0223682361208714,0.011492537313432836,0.021650804069576632,0,32,3047
23,Qatar Grand Prix,VER,3,winner,0.35352228254459545,0.6503370090103425,0.5490955072822429,0,5894,820283
24,Abu Dhabi Grand Prix,ALB,17,winner,0.014944042132982222,0.01,0.011267724510465902,0,30,5924
24,Abu Dhabi Grand Prix,ALO,6,winner,0.0218411432369558,0.023417938931297712,0.02306620209059233,0,76,13489
24,Abu Dhabi Grand Prix,ANT,8,winner,0.08609808360960622,0.020412738319715067,0.0678065927654609,0,207,34280
24,Abu Dhabi Grand Prix,BEA,12,winner,0.025990948519705823,0.01,0.024448798773215194,0,46,5869
24,Abu Dhabi Grand Prix,BOR,7,winner,0.029999999999999995,0.02993316004455997,0.029938482570061514,0,16,2926
24,Abu Dhabi Grand Prix,COL,20,winner,0.013693843594009984,0.01,0.013663366336633663,0,5,1818
24,Abu Dhabi Grand Prix,GAS,19,winner,0.013383297644539613,0.01,0.013357416064598383,0,6,2353
24,Abu Dhabi Grand Prix,HAD,10,winner,0.03392680801626488,0.019850202429149796,0.025631635452701893,0,48,8383
24,Abu Dhabi Grand Prix,HAM,16,winner,0.04003335513407455,0.013555634807417977,0.032928031390563696,0,112,20898
24,Abu Dhabi Grand Prix,HUL,18,winner,0.027091075236064573,0.009999999999999998,0.0176537989360251,0,24,7331
24,Abu Dhabi Grand Prix,LAW,14,winner,0.014325883201153569,0.01,0.014013377926421404,0,6,1495
24,Abu Dhabi Grand Prix,LEC,5,winner,0.06669577314705186,0.10430763558473935,0.09030427260003746,1,519,90741
24,Abu Dhabi Grand Prix,NOR,2,winner,0.4229372335077364,0.25521104183640936,0.30927362969097905,0,2426,333246
24,Abu Dhabi Grand Prix,OCO,9,winner,0.014807436918990705,0.01442857142857143,0.014775212636695019,0,9,1646
24,Abu Dhabi Grand Prix,PIA,3,winner,0.315312011336982,0.21876151018333548,0.2502417408206999,0,1843,251054
24,Abu Dhabi Grand Prix,RUS,4,winner,0.1819739809670499,0.1097319612301065,0.1433443814545129,0,646,78143
24,Abu Dhabi Grand Prix,SAI,13,winner,0.04948268644219843,0.01636190476190476,0.03795640645714731,0,149,25646
24,Abu Dhabi Grand Prix,STR,15,winner,0.017515060240963855,0.01,0.01723712835387962,0,22,2758
24,Abu Dhabi Grand Prix,TSU,11,winner,0.03168141592920354,0.02266813671444322,0.029272030651340993,0,27,3393
24,Abu Dhabi Grand Prix,VER,1,winner,0.501643695819768,0.826719375545894,0.7066832690944986,0,3952,488282
