event,event_name,driver,qual_pos,finish_pos,won,podium,pole,avg_race_pos,win_rate,podium_rate,track_type_street,race_pre_weekend_vwap,race_pre_weekend_last,race_pre_weekend_n,race_friday_vwap,race_friday_last,race_friday_n,race_saturday_vwap,race_saturday_last,race_saturday_n,race_race_day_vwap,race_race_day_last,race_race_day_n,pod_pre_weekend_vwap,pod_pre_weekend_last,pod_pre_weekend_n,pod_friday_vwap,pod_friday_last,pod_friday_n,pod_saturday_vwap,pod_saturday_last,pod_saturday_n,pod_race_day_vwap,pod_race_day_last,pod_race_day_n
AGP25,Australian Grand Prix,ALB,6.0,8.0,0,0,0,11.1,0.0,0.1111111111111111,1,,,0,,,0,,,0,0.03,0.03,1,,,0,,,0,,,0,,,0
AGP25,Australian Grand Prix,ALO,12.0,17.0,0,0,0,7.6,0.027027027027027,0.1756756756756756,1,,,0,,,0,,,0,,,0,,,0,,,0,,,0,,,0
AGP25,Australian Grand Prix,ANT,16.0,9.0,0,0,0,10.0,0.0,0.0,1,,,0,,,0,,,0,0.02,0.02,1,,,0,,,0,,,0,,,0
AGP25,Australian Grand Prix,BEA,,16.0,0,0,0,5.0,0.0,0.0,1,,,0,,,0,,,0,,,0,,,0,,,0,,,0,,,0
AGP25,Australian Grand Prix,BOR,15.0,5.0,0,0,0,10.0,0.0,0.0,1,,,0,,,0,,,0,,,0,,,0,,,0,,,0,,,0
AGP25,Australian Grand Prix,DOO,13.0,,0,0,0,10.0,0.0,0.0,1,,,0,,,0,,,0,,,0,,,0,,,0,,,0,,,0
AGP25,Australian Grand Prix,GAS,10.0,10.0,0,0,0,12.0,0.0267857142857142,0.0714285714285714,1,,,0,,,0,,,0,,,0,,,0,,,0,,,0,,,0
AGP25,Australian Grand Prix,HAD,11.0,,0,0,0,10.0,0.0,0.0,1,,,0,,,0,,,0,,,0,,,0,,,0,,,0,,,0
AGP25,Australian Grand Prix,HAM,8.0,7.0,0,0,0,7.5,0.2252252252252252,0.5315315315315315,1,,,0,0.08,0.08,1,0.06583333333333333,0.08,12,0.08,0.1,8,,,0,,,0,,,0,,,0
AGP25,Australian Grand Prix,HUL,17.0,12.0,0,0,0,13.9,0.0,0.0,1,,,0,,,0,,,0,,,0,,,0,,,0,,,0,,,0
AGP25,Australian Grand Prix,LAW,18.0,2.0,0,1,0,13.2,0.0,0.0,1,,,0,,,0,,,0,,,0,,,0,,,0,,,0,,,0
AGP25,Australian Grand Prix,LEC,7.0,13.0,0,0,0,4.7,0.0803571428571428,0.2321428571428571,1,,,0,0.235,0.24,4,0.1392857142857143,0.02,14,0.06357142857142857,0.01,14,,,0,,,0,,,0,,,0
AGP25,Australian Grand Prix,NOR,1.0,1.0,1,1,1,7.2,0.0535714285714285,0.1428571428571428,1,,,0,0.36,0.38,5,0.39322580645161287,0.43,31,0.59,0.99,124,,,0,,,0,,,0,,,0
AGP25,Australian Grand Prix,OCO,19.0,15.0,0,0,0,14.8,0.0,0.0,1,,,0,,,0,,,0,,,0,,,0,,,0,,,0,,,0
AGP25,Australian Grand Prix,PIA,2.0,4.0,0,0,0,6.1,0.1,0.1333333333333333,1,,,0,0.18333333333333332,0.18,3,0.21899999999999997,0.23,20,0.20744186046511628,0.04,43,,,0,,,0,,,0,,,0
AGP25,Australian Grand Prix,RUS,4.0,11.0,0,0,0,7.5,0.0625,0.125,1,,,0,,,0,0.07875,0.08,8,0.02857142857142857,0.01,14,,,0,,,0,,,0,,,0
AGP25,Australian Grand Prix,SAI,9.0,,0,0,0,6.9,0.0267857142857142,0.1607142857142857,1,,,0,0.02,0.02,3,0.06055555555555556,0.04,18,0.014444444444444444,0.01,9,,,0,,,0,,,0,,,0
AGP25,Australian Grand Prix,STR,14.0,14.0,0,0,0,10.8,0.0,0.027027027027027,1,,,0,,,0,,,0,,,0,,,0,,,0,,,0,,,0
AGP25,Australian Grand Prix,TSU,5.0,6.0,0,0,0,14.0,0.0135135135135135,0.0405405405405405,1,,,0,,,0,0.03,0.03,3,0.03,0.03,1,,,0,,,0,,,0,,,0
AGP25,Australian Grand Prix,VER,3.0,3.0,0,1,0,4.8,0.2589285714285714,0.5714285714285714,1,,,0,0.18571428571428572,0.18,7,0.29735849056603775,0.31,53,0.281875,0.01,144,,,0,,,0,,,0,,,0
CGP25,Chinese Grand Prix,ALB,10.0,14.0,0,0,0,11.0,0.0,0.1098901098901098,0,,,0,,,0,,,0,,,0,,,0,,,0,,,0,,,0
CGP25,Chinese Grand Prix,ALO,14.0,20.0,0,0,0,8.5,0.0266666666666666,0.1733333333333333,0,,,0,,,0,,,0,,,0,,,0,,,0,,,0,,,0
CGP25,Chinese Grand Prix,ANT,8.0,12.0,0,0,0,9.0,0.0,0.0,0,,,0,,,0,,,0,,,0,,,0,,,0,,,0,,,0
CGP25,Chinese Grand Prix,BEA,17.0,15.0,0,0,0,10.5,0.0,0.0,0,,,0,,,0,,,0,,,0,,,0,,,0,,,0,,,0
CGP25,Chinese Grand Prix,BOR,19.0,9.0,0,0,0,5.0,0.0,0.0,0,,,0,,,0,,,0,,,0,,,0,,,0,,,0,,,0
CGP25,Chinese Grand Prix,DOO,18.0,16.0,0,0,0,10.0,0.0,0.0,0,,,0,,,0,,,0,,,0,,,0,,,0,,,0,,,0
CGP25,Chinese Grand Prix,GAS,16.0,17.0,0,0,0,11.9,0.0265486725663716,0.0707964601769911,0,,,0,,,0,,,0,,,0,,,0,,,0,,,0,,,0
CGP25,Chinese Grand Prix,HAD,7.0,7.0,0,0,0,10.0,0.0,0.0,0,,,0,,,0,,,0,0.03,0.03,1,,,0,,,0,,,0,,,0
CGP25,Chinese Grand Prix,HAM,5.0,1.0,1,1,0,7.8,0.2232142857142857,0.5267857142857143,0,0.034,0.04,5,0.11461538461538462,0.14,13,0.16297297297297297,0.08,37,0.09666666666666666,0.01,15,,,0,,,0,,,0,,,0
CGP25,Chinese Grand Prix,HUL,13.0,19.0,0,0,0,13.7,0.0,0.0,0,,,0,,,0,,,0,,,0,,,0,,,0,,,0,,,0
CGP25,Chinese Grand Prix,LAW,20.0,10.0,0,0,0,11.333333333333334,0.0,0.1111111111111111,0,,,0,,,0,,,0,,,0,,,0,,,0,,,0,,,0
CGP25,Chinese Grand Prix,LEC,6.0,13.0,0,0,0,5.7,0.079646017699115,0.2300884955752212,0,0.05,0.05,3,,,0,0.08866666666666667,0.08,15,0.0425,0.01,8,,,0,,,0,,,0,,,0
CGP25,Chinese Grand Prix,NOR,3.0,2.0,0,1,0,5.3,0.0619469026548672,0.1504424778761062,0,0.485,0.5,2,0.476875,0.42,16,0.40345454545454545,0.29,110,0.32734375,0.01,64,,,0,,,0,,,0,,,0
CGP25,Chinese Grand Prix,OCO,11.0,5.0,0,0,0,15.7,0.0,0.0,0,,,0,,,0,,,0,,,0,,,0,,,0,,,0,,,0
CGP25,Chinese Grand Prix,PIA,1.0,4.0,0,0,1,6.4,0.0967741935483871,0.1290322580645161,0,0.24,0.24,2,0.22333333333333333,0.23,3,0.4539065420560748,0.53,535,0.5668376068376069,0.99,117,,,0,,,0,,,0,,,0
CGP25,Chinese Grand Prix,RUS,2.0,6.0,0,0,0,7.9,0.0619469026548672,0.1238938053097345,0,0.04,0.04,3,0.04263157894736842,0.05,76,0.08452830188679245,0.11,53,0.07708333333333334,0.01,24,,,0,,,0,,,0,,,0
CGP25,Chinese Grand Prix,SAI,12.0,18.0,0,0,0,6.9,0.0265486725663716,0.1592920353982301,0,,,0,,,0,,,0,0.03,0.03,1,,,0,,,0,,,0,,,0
CGP25,Chinese Grand Prix,STR,15.0,11.0,0,0,0,11.3,0.0,0.0267857142857142,0,,,0,,,0,,,0,,,0,,,0,,,0,,,0,,,0
CGP25,Chinese Grand Prix,TSU,9.0,8.0,0,0,0,12.8,0.0133333333333333,0.04,0,,,0,0.03,0.03,1,0.03,0.03,1,0.03,0.03,1,,,0,,,0,,,0,,,0
CGP25,Chinese Grand Prix,VER,4.0,3.0,0,1,0,4.9,0.2566371681415929,0.5752212389380531,0,0.22,0.2,4,0.13892857142857143,0.13,28,0.21766666666666665,0.12,30,0.1215625,0.01,32,,,0,,,0,,,0,,,0
JGP25,Japanese Grand Prix,ALB,9.0,6.0,0,0,0,11.1,0.0,0.108695652173913,0,,,0,,,0,,,0,,,0,0.025,0.01,2,,,0,,,0,0.03,0.03,2
JGP25,Japanese Grand Prix,ALO,13.0,11.0,0,0,0,9.6,0.0263157894736842,0.1710526315789473,0,,,0,,,0,,,0,,,0,,,0,,,0,,,0,0.01,0.01,1
JGP25,Japanese Grand Prix,ANT,6.0,1.0,1,1,0,10.5,0.0,0.0,0,0.02,0.02,1,,,0,,,0,0.055,0.04,4,0.08,0.05,2,0.07333333333333333,0.07,3,0.08,0.08,1,0.1,0.1,1
JGP25,Japanese Grand Prix,BEA,10.0,15.0,0,0,0,12.0,0.0,0.0,0,,,0,,,0,,,0,,,0,,,0,,,0,,,0,,,0
JGP25,Japanese Grand Prix,BOR,17.0,16.0,0,0,0,7.0,0.0,0.0,0,,,0,,,0,,,0,,,0,,,0,,,0,,,0,,,0
JGP25,Japanese Grand Prix,DOO,19.0,20.0,0,0,0,16.0,0.0,0.0,0,,,0,,,0,,,0,,,0,,,0,,,0,,,0,,,0
JGP25,Japanese Grand Prix,GAS,11.0,12.0,0,0,0,12.5,0.0263157894736842,0.0701754385964912,0,,,0,,,0,,,0,,,0,,,0,,,0,,,0,,,0
JGP25,Japanese Grand Prix,HAD,7.0,7.0,0,0,0,7.0,0.0,0.0,0,,,0,,,0,,,0,0.02,0.02,1,,,0,,,0,,,0,,,0
JGP25,Japanese Grand Prix,HAM,8.0,9.0,0,0,0,6.9,0.2300884955752212,0.5309734513274337,0,0.07,0.07,2,0.06,0.06,1,0.04,0.03,5,0.04,0.01,11,0.33666666666666667,0.3,3,0.2814285714285714,0.28,7,0.16,0.14,3,0.19,0.2,2
JGP25,Japanese Grand Prix,HIR,,,0,0,0,10.0,0.0,0.0,0,,,0,,,0,,,0,,,0,,,0,,,0,,,0,,,0
JGP25,Japanese Grand Prix,HUL,16.0,19.0,0,0,0,13.9,0.0,0.0,0,,,0,,,0,,,0,,,0,,,0,,,0,,,0,,,0
JGP25,Japanese Grand Prix,LAW,14.0,17.0,0,0,0,11.142857142857142,0.0,0.1,0,,,0,,,0,,,0,0.06,0.06,1,,,0,,,0,,,0,,,0
JGP25,Japanese Grand Prix,LEC,4.0,10.0,0,0,0,6.2,0.0789473684210526,0.2280701754385964,0,0.07,0.07,1,0.06,0.06,1,0.05333333333333333,0.04,3,0.051,0.02,10,0.33,0.3,2,0.275,0.28,2,0.305,0.33,2,0.26625,0.05,8
JGP25,Japanese Grand Prix,NOR,2.0,5.0,0,0,0,4.9,0.0614035087719298,0.1578947368421052,0,0.37,0.37,5,0.41100000000000003,0.42,10,0.425,0.41,18,0.29766129032258065,0.01,124,0.728,0.68,5,0.78,0.78,1,0.794,0.84,5,0.6877777777777777,0.98,9
JGP25,Japanese Grand Prix,OCO,18.0,14.0,0,0,0,15.2,0.0,0.0,0,,,0,,,0,,,0,,,0,,,0,,,0,,,0,,,0
JGP25,Japanese Grand Prix,PIA,3.0,2.0,0,1,0,6.3,0.09375,0.125,0,0.3307142857142857,0.29,28,0.28454545454545455,0.32,11,0.29285714285714287,0.2,14,0.1408888888888889,0.13,45,0.72,0.68,3,0.65,0.75,3,0.7133333333333333,0.73,6,0.93,0.99,6
JGP25,Japanese Grand Prix,RUS,5.0,8.0,0,0,0,7.8,0.0614035087719298,0.1228070175438596,0,0.07,0.07,2,,,0,0.0375,0.04,4,0.03888888888888889,0.02,9,0.37,0.33,3,0.35,0.35,1,0.36333333333333334,0.37,3,0.3842857142857143,0.02,14
JGP25,Japanese Grand Prix,SAI,12.0,4.0,0,0,0,7.8,0.0263157894736842,0.1578947368421052,0,,,0,,,0,,,0,0.06,0.06,1,0.03,0.01,3,,,0,,,0,0.01,0.01,1
JGP25,Japanese Grand Prix,STR,20.0,18.0,0,0,0,12.0,0.0,0.0265486725663716,0,,,0,,,0,,,0,,,0,,,0,,,0,,,0,,,0
JGP25,Japanese Grand Prix,TSU,15.0,13.0,0,0,0,12.0,0.0131578947368421,0.0394736842105263,0,0.03,0.04,6,0.05,0.05,1,,,0,0.01714285714285714,0.01,7,0.1,0.06,6,0.14090909090909093,0.14,11,0.06333333333333332,0.04,3,0.04,0.02,3
JGP25,Japanese Grand Prix,VER,1.0,3.0,0,1,1,5.1,0.2543859649122807,0.5789473684210527,0,0.13,0.13,9,0.13428571428571429,0.11,21,0.2761764705882353,0.32,34,0.6010714285714286,0.95,196,0.5489999999999999,0.55,10,0.555,0.56,2,0.6981818181818181,0.75,11,0.8252941176470588,0.92,17
BGP25,Bahrain Grand Prix,ALB,16.0,13.0,0,0,0,11.4,0.0,0.1075268817204301,0,,,0,,,0,,,0,0.02,0.02,1,,,0,,,0,,,0,,,0
BGP25,Bahrain Grand Prix,ALO,14.0,18.0,0,0,0,10.4,0.0259740259740259,0.1688311688311688,0,,,0,,,0,,,0,,,0,,,0,,,0,,,0,,,0
BGP25,Bahrain Grand Prix,ANT,4.0,9.0,0,0,0,7.333333333333333,0.3333333333333333,0.3333333333333333,0,,,0,,,0,0.025,0.04,6,0.016666666666666666,0.02,3,,,0,,,0,0.1716666666666667,0.18,6,0.125,0.01,6
BGP25,Bahrain Grand Prix,BEA,20.0,15.0,0,0,0,12.75,0.0,0.0,0,,,0,,,0,,,0,,,0,,,0,,,0,,,0,,,0
BGP25,Bahrain Grand Prix,BEG,,,0,0,0,10.0,0.0,0.0,0,,,0,,,0,,,0,,,0,,,0,,,0,,,0,,,0
BGP25,Bahrain Grand Prix,BOR,18.0,19.0,0,0,0,10.0,0.0,0.0,0,,,0,,,0,,,0,,,0,,,0,,,0,,,0,,,0
BGP25,Bahrain Grand Prix,BRO,,,0,0,0,10.0,0.0,0.0,0,,,0,,,0,,,0,,,0,,,0,,,0,,,0,,,0
BGP25,Bahrain Grand Prix,DOO,11.0,8.0,0,0,0,18.0,0.0,0.0,0,,,0,,,0,,,0,,,0,,,0,,,0,,,0,,,0
BGP25,Bahrain Grand Prix,DRU,,,0,0,0,10.0,0.0,0.0,0,,,0,,,0,,,0,,,0,,,0,,,0,,,0,,,0
BGP25,Bahrain Grand Prix,GAS,5.0,7.0,0,0,0,12.3,0.0260869565217391,0.0695652173913043,0,,,0,,,0,0.02,0.02,2,0.016666666666666666,0.01,3,,,0,,,0,0.066,0.07,5,0.07333333333333333,0.07,3
BGP25,Bahrain Grand Prix,HAD,12.0,10.0,0,0,0,7.0,0.0,0.0,0,,,0,,,0,,,0,,,0,,,0,,,0,,,0,0.1,0.1,1
BGP25,Bahrain Grand Prix,HAM,9.0,6.0,0,0,0,7.1,0.2280701754385964,0.5263157894736842,0,,,0,0.05,0.05,3,0.04,0.02,4,0.02,0.02,3,,,0,,,0,0.08333333333333334,0.07,6,0.06,0.03,5
BGP25,Bahrain Grand Prix,HIR,,,0,0,0,10.0,0.0,0.0,0,,,0,,,0,,,0,,,0,,,0,,,0,,,0,,,0
BGP25,Bahrain Grand Prix,HUL,15.0,16.0,0,0,0,14.3,0.0,0.0,0,,,0,,,0,,,0,,,0,,,0,,,0,,,0,,,0
BGP25,Bahrain Grand Prix,IWA,,,0,0,0,10.0,0.0,0.0,0,,,0,,,0,,,0,,,0,,,0,,,0,,,0,,,0
BGP25,Bahrain Grand Prix,LAW,17.0,17.0,0,0,0,11.875,0.0,0.0909090909090909,0,,,0,,,0,,,0,,,0,,,0,,,0,,,0,,,0
BGP25,Bahrain Grand Prix,LEC,3.0,4.0,0,0,0,7.0,0.0782608695652174,0.2260869565217391,0,,,0,0.05,0.05,1,0.07166666666666667,0.1,42,0.05333333333333333,0.01,75,,,0,0.19571428571428573,0.19,7,0.360625,0.5,16,0.4375,0.02,16
BGP25,Bahrain Grand Prix,NOR,6.0,3.0,0,1,0,4.9,0.0608695652173913,0.1565217391304348,0,,,0,0.3775,0.39,12,0.3432167832167832,0.17,143,0.12384615384615386,0.06,91,,,0,0.72,0.74,4,0.74,0.75,2,0.7442857142857143,0.99,14
BGP25,Bahrain Grand Prix,OCO,13.0,12.0,0,0,0,14.6,0.0,0.0,0,,,0,,,0,,,0,,,0,,,0,,,0,,,0,,,0
BGP25,Bahrain Grand Prix,PIA,1.0,1.0,1,1,1,5.6,0.0909090909090909,0.1515151515151515,0,,,0,0.344,0.32,5,0.5975,0.66,40,0.8140444444444445,0.99,225,,,0,0.7133333333333333,0.75,3,0.818,0.8,5,0.9,0.92,3
BGP25,Bahrain Grand Prix,RUS,2.0,2.0,0,1,0,7.4,0.0608695652173913,0.1217391304347826,0,,,0,0.06857142857142856,0.06,7,0.12767441860465115,0.06,43,0.10384615384615385,0.01,91,,,0,0.45,0.45,3,0.617,0.6,10,0.8682539682539683,0.99,63
BGP25,Bahrain Grand Prix,SAI,8.0,11.0,0,0,0,7.6,0.0260869565217391,0.1565217391304348,0,,,0,,,0,,,0,,,0,,,0,,,0,,,0,,,0
BGP25,Bahrain Grand Prix,STR,19.0,20.0,0,0,0,12.2,0.0,0.0263157894736842,0,,,0,,,0,,,0,,,0,,,0,,,0,,,0,,,0
BGP25,Bahrain Grand Prix,TSU,10.0,14.0,0,0,0,11.5,0.0129870129870129,0.0389610389610389,0,,,0,,,0,0.01,0.01,2,0.02,0.02,1,,,0,,,0,0.06,0.06,1,0.09,0.09,1
BGP25,Bahrain Grand Prix,VER,7.0,5.0,0,0,0,5.3,0.2521739130434782,0.5826086956521739,0,,,0,0.19363636363636363,0.14,22,0.10333333333333333,0.05,30,0.040740740740740744,0.01,27,,,0,0.5589999999999999,0.59,10,0.3453333333333333,0.19,15,0.1846153846153846,0.02,13
BGP25,Bahrain Grand Prix,VES,,,0,0,0,10.0,0.0,0.0,0,,,0,,,0,,,0,,,0,,,0,,,0,,,0,,,0
SGP25,Saudi Arabian Grand Prix,ALB,11.0,16.0,0,0,0,11.0,0.0,0.1063829787234042,1,,,0,,,0,,,0,0.01,0.01,5,,,0,,,0,,,0,0.05,0.04,2
SGP25,Saudi Arabian Grand Prix,ALO,13.0,11.0,0,0,0,10.9,0.0256410256410256,0.1666666666666666,1,,,0,,,0,,,0,0.01,0.01,14,,,0,,,0,,,0,0.06,0.06,1
SGP25,Saudi Arabian Grand Prix,ANT,6.0,5.0,0,0,0,7.75,0.25,0.25,1,0.01,0.01,2,0.01,0.01,4,0.01,0.01,2,0.01,0.01,10,0.16,0.16,1,0.16,0.16,1,0.15,0.15,1,0.023333333333333334,0.02,3
SGP25,Saudi Arabian Grand Prix,BEA,15.0,13.0,0,0,0,13.2,0.0,0.0,1,,,0,,,0,,,0,0.01,0.01,2,,,0,,,0,,,0,,,0
SGP25,Saudi Arabian Grand Prix,BOR,20.0,18.0,0,0,0,12.25,0.0,0.0,1,,,0,,,0,,,0,,,0,,,0,,,0,,,0,,,0
SGP25,Saudi Arabian Grand Prix,DOO,17.0,12.0,0,0,0,14.666666666666666,0.0,0.0,1,,,0,,,0,,,0,,,0,,,0,,,0,,,0,,,0
SGP25,Saudi Arabian Grand Prix,GAS,9.0,,0,0,0,12.0,0.0258620689655172,0.0689655172413793,1,,,0,,,0,,,0,,,0,,,0,,,0,,,0,0.05,0.05,1
SGP25,Saudi Arabian Grand Prix,HAD,14.0,14.0,0,0,0,8.0,0.0,0.0,1,,,0,,,0,,,0,,,0,,,0,,,0,,,0,,,0
SGP25,Saudi Arabian Grand Prix,HAM,10.0,7.0,0,0,0,7.5,0.2260869565217391,0.5217391304347826,1,0.04,0.04,3,0.03,0.03,5,0.015,0.01,6,0.018571428571428572,0.01,14,0.15666666666666665,0.11,3,,,0,0.1814285714285714,0.15,7,0.11076923076923077,0.02,13
SGP25,Saudi Arabian Grand Prix,HUL,18.0,15.0,0,0,0,14.8,0.0,0.0,1,,,0,,,0,,,0,,,0,,,0,,,0,,,0,,,0
SGP25,Saudi Arabian Grand Prix,LAW,12.0,10.0,0,0,0,12.444444444444445,0.0,0.0833333333333333,1,,,0,,,0,,,0,,,0,,,0,,,0,,,0,,,0
SGP25,Saudi Arabian Grand Prix,LEC,5.0,2.0,0,1,0,7.3,0.0775862068965517,0.2241379310344827,1,0.05,0.05,2,0.05333333333333333,0.03,6,0.02846153846153846,0.01,13,0.019545454545454546,0.01,22,0.3466666666666666,0.35,3,,,0,,,0,0.4280952380952381,0.99,21
SGP25,Saudi Arabian Grand Prix,NOR,4.0,1.0,1,1,0,4.8,0.0603448275862069,0.1637931034482758,1,0.345,0.32,6,0.35916666666666663,0.36,12,0.3061702127659574,0.27,47,0.16035555555555553,0.01,225,,,0,0.82,0.82,1,0.72,0.72,1,0.885,0.97,4
SGP25,Saudi Arabian Grand Prix,OCO,19.0,17.0,0,0,0,13.8,0.0,0.0,1,,,0,,,0,,,0,,,0,,,0,,,0,,,0,,,0
SGP25,Saudi Arabian Grand Prix,PIA,2.0,3.0,0,1,0,4.7,0.1176470588235294,0.1764705882352941,1,0.33888888888888885,0.34,9,0.3546153846153846,0.34,26,0.5317525773195877,0.6,97,0.7850574712643679,0.99,348,0.795,0.79,2,0.8,0.8,2,0.8433333333333333,0.9,3,0.91,0.95,5
SGP25,Saudi Arabian Grand Prix,RUS,3.0,9.0,0,0,0,6.9,0.0603448275862069,0.1293103448275862,1,0.04,0.04,1,0.025,0.03,8,0.022000000000000002,0.02,10,0.020476190476190474,0.01,21,0.35,0.35,2,0.345,0.32,2,0.23,0.23,1,0.20428571428571426,0.08,14
SGP25,Saudi Arabian Grand Prix,SAI,8.0,6.0,0,0,0,7.0,0.0258620689655172,0.1551724137931034,1,,,0,,,0,,,0,,,0,,,0,,,0,,,0,,,0
SGP25,Saudi Arabian Grand Prix,STR,16.0,8.0,0,0,0,12.3,0.0,0.0260869565217391,1,,,0,,,0,,,0,,,0,,,0,,,0,,,0,,,0
SGP25,Saudi Arabian Grand Prix,TSU,7.0,,0,0,0,11.1,0.0128205128205128,0.0384615384615384,1,,,0,,,0,,,0,,,0,,,0,,,0,,,0,,,0
SGP25,Saudi Arabian Grand Prix,VER,1.0,4.0,0,0,1,5.5,0.25,0.5775862068965517,1,0.245625,0.25,16,0.235,0.21,38,0.14105263157894737,0.1,76,0.13549019607843138,0.01,255,0.575,0.59,4,0.62625,0.65,8,0.6225,0.77,4,0.7633333333333333,0.91,18
MGP25,Miami Grand Prix,ALB,7.0,6.0,0,0,0,11.7,0.0,0.1052631578947368,1,,,0,,,0,,,0,0.01,0.01,4,0.04,0.04,1,,,0,,,0,0.024,0.01,10
MGP25,Miami Grand Prix,ALO,17.0,15.0,0,0,0,11.3,0.0253164556962025,0.1645569620253164,1,,,0,,,0,0.01,0.01,1,0.01,0.01,4,,,0,,,0,,,0,0.03,0.03,1
MGP25,Miami Grand Prix,ANT,4.0,9.0,0,0,0,7.2,0.2,0.2,1,0.016666666666666666,0.01,3,0.08777777777777779,0.08,9,0.062,0.08,30,0.05447761194029851,0.01,134,0.1872222222222222,0.24,36,0.25952380952380955,0.13,21,0.29097560975609754,0.01,82,0.02,0.02,1
MGP25,Miami Grand Prix,BEA,20.0,19.0,0,0,0,13.166666666666666,0.0,0.0,1,,,0,,,0,,,0,0.01,0.01,1,,,0,,,0,,,0,0.02,0.02,2
MGP25,Miami Grand Prix,BOR,13.0,18.0,0,0,0,13.4,0.0,0.0,1,,,0,,,0,,,0,0.01,0.01,2,,,0,,,0,,,0,0.02,0.02,1
MGP25,Miami Grand Prix,DOO,14.0,,0,0,0,14.0,0.0,0.0,1,,,0,,,0,,,0,0.01,0.01,2,,,0,,,0,,,0,0.02,0.02,1
MGP25,Miami Grand Prix,GAS,18.0,14.0,0,0,0,12.0,0.0256410256410256,0.0683760683760683,1,,,0,,,0,,,0,0.01,0.01,1,,,0,,,0,,,0,0.025,0.02,2
MGP25,Miami Grand Prix,HAD,11.0,11.0,0,0,0,9.5,0.0,0.0,1,,,0,,,0,,,0,0.01,0.01,2,,,0,,,0,,,0,0.02,0.01,2
MGP25,Miami Grand Prix,HAM,12.0,7.0,0,0,0,6.4,0.2241379310344827,0.5172413793103449,1,0.027999999999999997,0.02,5,0.02,0.02,1,0.021333333333333333,0.01,15,0.071,0.02,30,0.18,0.18,1,0.17,0.19,5,0.31,0.38,5,0.041538461538461545,0.02,13
MGP25,Miami Grand Prix,HUL,16.0,12.0,0,0,0,15.1,0.0,0.0,1,,,0,,,0,,,0,0.01,0.01,4,,,0,,,0,,,0,0.02,0.02,1
MGP25,Miami Grand Prix,LAW,15.0,17.0,0,0,0,12.2,0.0,0.0769230769230769,1,,,0,,,0,,,0,0.01,0.01,2,,,0,,,0,,,0,0.02,0.02,1
MGP25,Miami Grand Prix,LEC,8.0,4.0,0,0,0,7.4,0.0769230769230769,0.2307692307692307,1,0.05277777777777778,0.06,18,0.0925,0.14,4,0.0435,0.05,20,0.01903225806451613,0.01,31,0.4157142857142857,0.44,14,0.44,0.44,2,0.1307142857142857,0.12,14,0.065,0.01,16
MGP25,Miami Grand Prix,NOR,3.0,1.0,1,1,0,4.7,0.0683760683760683,0.1709401709401709,1,0.34736842105263155,0.32,38,0.350188679245283,0.34,53,0.26728215767634855,0.01,482,0.01,0.01,1,0.774,0.73,5,0.729090909090909,0.52,11,0.8008333333333333,0.99,48,0.9833333333333333,0.97,3
MGP25,Miami Grand Prix,OCO,9.0,13.0,0,0,0,13.8,0.0,0.0,1,,,0,,,0,,,0,0.01,0.01,2,,,0,,,0,,,0,0.03,0.03,1
MGP25,Miami Grand Prix,PIA,2.0,2.0,0,1,0,4.6,0.1142857142857142,0.2,1,0.359433962264151,0.35,53,0.2988181818181818,0.22,110,0.5492955326460481,0.99,582,0.99,0.99,12,0.8033333333333332,0.81,3,0.8079999999999999,0.82,5,0.7061538461538461,0.78,13,0.7980555555555555,0.97,36
MGP25,Miami Grand Prix,RUS,5.0,3.0,0,1,0,7.3,0.0598290598290598,0.1282051282051282,1,0.06333333333333332,0.06,3,0.12,0.18,6,0.062,0.04,10,0.022000000000000002,0.04,65,0.5127272727272727,0.54,11,0.276,0.22,10,0.7505633802816901,0.94,71,0.99,0.99,4
MGP25,Miami Grand Prix,SAI,6.0,8.0,0,0,0,7.0,0.0256410256410256,0.1538461538461538,1,0.01,0.01,1,,,0,0.015,0.01,2,0.01375,0.01,16,,,0,,,0,0.4275,0.44,4,0.02375,0.02,8
MGP25,Miami Grand Prix,STR,19.0,16.0,0,0,0,12.3,0.0,0.0258620689655172,1,,,0,,,0,0.01,0.01,2,0.01,0.01,1,,,0,,,0,,,0,0.02,0.02,1
MGP25,Miami Grand Prix,TSU,10.0,10.0,0,0,0,11.1,0.0126582278481012,0.0379746835443038,1,0.01,0.01,3,,,0,,,0,0.01,0.01,2,0.08,0.08,2,,,0,,,0,0.08,0.08,1
MGP25,Miami Grand Prix,VER,1.0,5.0,0,0,1,4.0,0.2478632478632478,0.5726495726495726,1,0.19493150684931507,0.19,73,0.3148170731707317,0.37,164,0.29626794258373207,0.01,627,0.01,0.01,1,0.5884,0.53,25,0.6885714285714286,0.84,28,0.45666666666666667,0.05,90,0.03888888888888889,0.05,9
ERGP25,Emilia Romagna Grand Prix,ALB,7.0,3.0,0,1,0,10.6,0.0,0.1041666666666666,0,0.01,0.01,1,,,0,0.01,0.01,1,0.01,0.01,1,,,0,,,0,,,0,0.10666666666666666,0.1,6
ERGP25,Emilia Romagna Grand Prix,ALO,6.0,11.0,0,0,0,12.2,0.025,0.1625,0,,,0,0.01,0.01,1,0.01,0.01,1,0.01,0.01,4,,,0,,,0,0.05,0.05,2,0.028333333333333335,0.01,6
ERGP25,Emilia Romagna Grand Prix,ANT,13.0,18.0,0,0,0,7.5,0.1666666666666666,0.1666666666666666,0,0.021904761904761906,0.02,21,0.028095238095238093,0.03,21,0.01,0.01,6,0.1523076923076923,0.01,13,0.18363636363636363,0.23,11,0.23,0.23,1,0.08,0.03,4,0.05666666666666667,0.09,3
ERGP25,Emilia Romagna Grand Prix,BEA,14.0,8.0,0,0,0,14.0,0.0,0.0,0,,,0,,,0,,,0,0.01,0.01,1,,,0,,,0,,,0,,,0
ERGP25,Emilia Romagna Grand Prix,BOR,16.0,19.0,0,0,0,14.166666666666666,0.0,0.0,0,,,0,,,0,,,0,,,0,,,0,,,0,,,0,,,0
ERGP25,Emilia Romagna Grand Prix,COL,15.0,13.0,0,0,0,10.0,0.0,0.0,0,,,0,,,0,,,0,,,0,,,0,,,0,,,0,,,0
ERGP25,Emilia Romagna Grand Prix,GAS,9.0,14.0,0,0,0,12.4,0.0254237288135593,0.0677966101694915,0,0.01,0.01,1,0.01,0.01,1,,,0,0.01,0.01,1,,,0,,,0,,,0,,,0
ERGP25,Emilia Romagna Grand Prix,HAD,10.0,7.0,0,0,0,9.8,0.0,0.0,0,,,0,,,0,,,0,0.01,0.01,1,,,0,,,0,,,0,,,0
ERGP25,Emilia Romagna Grand Prix,HAM,12.0,2.0,0,1,0,6.7,0.2222222222222222,0.5128205128205128,0,0.021111111111111112,0.02,9,,,0,0.05555555555555555,0.01,18,0.012857142857142859,0.01,14,0.14,0.14,1,,,0,,,0,0.075,0.1,8
ERGP25,Emilia Romagna Grand Prix,HUL,18.0,15.0,0,0,0,15.1,0.0,0.0,0,,,0,,,0,,,0,,,0,,,0,,,0,,,0,,,0
ERGP25,Emilia Romagna Grand Prix,LAW,17.0,16.0,0,0,0,12.7,0.0,0.0714285714285714,0,,,0,,,0,,,0,,,0,,,0,,,0,,,0,,,0
ERGP25,Emilia Romagna Grand Prix,LEC,11.0,6.0,0,0,0,6.9,0.0762711864406779,0.2288135593220339,0,0.03076923076923077,0.03,13,0.03,0.03,3,0.051428571428571435,0.01,35,0.018333333333333333,0.01,12,0.20875,0.24,8,,,0,0.05333333333333333,0.01,3,0.08470588235294117,0.01,17
ERGP25,Emilia Romagna Grand Prix,NOR,4.0,4.0,0,0,0,3.8,0.0762711864406779,0.1779661016949152,0,0.35545454545454547,0.36,33,0.33333333333333337,0.32,3,0.12632183908045977,0.12,87,0.10680232558139535,0.01,172,0.7866666666666667,0.78,3,,,0,0.645,0.65,2,0.7753333333333333,0.98,15
ERGP25,Emilia Romagna Grand Prix,OCO,19.0,20.0,0,0,0,13.6,0.0,0.0,0,,,0,,,0,,,0,,,0,,,0,,,0,,,0,,,0
ERGP25,Emilia Romagna Grand Prix,PIA,1.0,5.0,0,0,1,4.1,0.1111111111111111,0.2222222222222222,0,0.3701162790697674,0.38,86,0.38333333333333336,0.39,27,0.5949038461538462,0.66,104,0.32626062322946175,0.01,353,0.7879999999999999,0.78,5,,,0,0.7966666666666667,0.92,3,0.9037931034482759,0.98,29
ERGP25,Emilia Romagna Grand Prix,RUS,3.0,9.0,0,0,0,7.1,0.059322033898305,0.135593220338983,0,0.052142857142857144,0.05,14,0.045,0.06,4,0.035,0.02,22,0.044000000000000004,0.01,20,0.5025,0.52,12,0.46,0.44,4,0.6171428571428571,0.56,7,0.3087179487179487,0.12,39
ERGP25,Emilia Romagna Grand Prix,SAI,5.0,10.0,0,0,0,7.5,0.0254237288135593,0.1525423728813559,0,,,0,0.01,0.01,5,0.01,0.01,1,0.01,0.01,1,,,0,,,0,0.09,0.09,1,0.27,0.06,5
ERGP25,Emilia Romagna Grand Prix,STR,8.0,17.0,0,0,0,12.7,0.0,0.0256410256410256,0,,,0,,,0,,,0,0.01,0.01,1,,,0,,,0,,,0,0.02,0.02,1
ERGP25,Emilia Romagna Grand Prix,TSU,,12.0,0,0,0,11.0,0.0125,0.0375,0,0.01,0.01,1,,,0,,,0,0.01,0.01,1,,,0,,,0,,,0,0.015,0.01,2
ERGP25,Emilia Romagna Grand Prix,VER,2.0,1.0,1,1,0,4.4,0.2457627118644068,0.5677966101694916,0,0.17214285714285715,0.16,42,0.159,0.15,10,0.2125,0.2,88,0.6408860759493671,0.99,395,0.53375,0.54,16,0.42,0.42,1,0.6293333333333333,0.7,15,0.838,0.99,20
MCGP25,Monaco Grand Prix,ALB,6.0,9.0,0,0,0,9.7,0.0,0.1134020618556701,1,0.011428571428571429,0.02,7,0.01,0.01,39,0.012857142857142859,0.01,7,0.01,0.01,1,,,0,,,0,,,0,0.14,0.14,1
MCGP25,Monaco Grand Prix,ALO,8.0,18.0,0,0,0,13.2,0.0246913580246913,0.1604938271604938,1,,,0,,,0,0.01,0.01,3,0.01,0.01,3,,,0,0.09,0.09,2,,,0,0.09,0.09,1
MCGP25,Monaco Grand Prix,ANT,15.0,3.0,0,1,0,9.0,0.1428571428571428,0.1428571428571428,1,0.017368421052631578,0.03,19,0.016666666666666666,0.01,6,0.015,0.01,2,0.01,0.01,1,,,0,0.14,0.14,1,,,0,0.01,0.01,1
MCGP25,Monaco Grand Prix,BEA,17.0,10.0,0,0,0,13.25,0.0,0.0,1,0.01,0.01,1,,,0,,,0,0.01,0.01,1,,,0,,,0,,,0,,,0
MCGP25,Monaco Grand Prix,BOR,16.0,12.0,0,0,0,14.857142857142858,0.0,0.0,1,,,0,,,0,,,0,0.01,0.01,1,,,0,,,0,,,0,0.01,0.01,1
MCGP25,Monaco Grand Prix,COL,20.0,16.0,0,0,0,13.0,0.0,0.0,1,,,0,,,0,,,0,,,0,,,0,,,0,,,0,,,0
MCGP25,Monaco Grand Prix,GAS,18.0,20.0,0,0,0,12.2,0.0252100840336134,0.0672268907563025,1,,,0,,,0,,,0,0.01,0.01,1,,,0,,,0,,,0,0.01,0.01,2
MCGP25,Monaco Grand Prix,HAD,7.0,19.0,0,0,0,9.333333333333334,0.0,0.0,1,0.01,0.01,1,,,0,0.01,0.01,2,0.05,0.06,10,0.01,0.01,1,,,0,,,0,0.04,0.04,1
MCGP25,Monaco Grand Prix,HAM,4.0,7.0,0,0,0,5.5,0.2203389830508474,0.5169491525423728,1,0.03210526315789474,0.03,19,0.03359375,0.05,64,0.05418181818181818,0.05,55,0.024090909090909093,0.01,22,0.13,0.08,4,0.225,0.23,4,0.24,0.24,1,0.11,0.02,4
MCGP25,Monaco Grand Prix,HUL,14.0,15.0,0,0,0,15.5,0.0,0.0,1,,,0,,,0,,,0,0.01,0.01,1,,,0,,,0,,,0,0.01,0.01,1
MCGP25,Monaco Grand Prix,LAW,10.0,17.0,0,0,0,13.5,0.0,0.0666666666666666,1,0.01,0.01,1,,,0,,,0,0.01,0.01,1,,,0,,,0,,,0,,,0
MCGP25,Monaco Grand Prix,LEC,2.0,6.0,0,0,0,6.9,0.0756302521008403,0.226890756302521,1,0.08909090909090908,0.03,44,0.13344827586206898,0.24,232,0.3103960396039604,0.28,101,0.19455999999999998,0.03,125,0.2542857142857143,0.28,7,0.3957142857142857,0.42,7,0.7223076923076923,0.67,13,0.826875,0.99,16
MCGP25,Monaco Grand Prix,NOR,1.0,1.0,1,1,1,3.8,0.0756302521008403,0.1764705882352941,1,0.2989655172413793,0.29,29,0.24129032258064517,0.18,31,0.4334513274336283,0.56,113,0.721864406779661,0.95,236,,,0,0.62,0.62,1,0.75,0.72,8,0.82375,0.99,8
MCGP25,Monaco Grand Prix,OCO,9.0,14.0,0,0,0,14.3,0.0,0.0,1,,,0,,,0,,,0,0.01,0.01,1,,,0,,,0,,,0,0.01,0.01,1
MCGP25,Monaco Grand Prix,PIA,3.0,4.0,0,0,0,3.7,0.1081081081081081,0.2162162162162162,1,0.34055555555555556,0.33,36,0.3187671232876712,0.3,73,0.16211764705882353,0.12,85,0.09892307692307693,0.01,65,0.7546666666666667,0.7,15,0.705,0.71,2,0.685,0.73,6,0.765,0.98,14
MCGP25,Monaco Grand Prix,RUS,13.0,2.0,0,1,0,6.9,0.0588235294117647,0.134453781512605,1,0.03888888888888889,0.04,9,0.026000000000000002,0.03,15,0.016,0.01,5,0.01,0.01,3,0.475625,0.47,16,0.3275,0.32,8,0.16666666666666669,0.06,18,0.048,0.05,5
MCGP25,Monaco Grand Prix,SAI,11.0,5.0,0,0,0,8.3,0.0252100840336134,0.1512605042016806,1,0.01,0.01,2,0.0125,0.02,4,0.01,0.01,44,0.01,0.01,1,,,0,,,0,,,0,,,0
MCGP25,Monaco Grand Prix,STR,19.0,11.0,0,0,0,13.6,0.0,0.0254237288135593,1,,,0,,,0,,,0,0.01,0.01,1,,,0,,,0,,,0,0.01,0.01,1
MCGP25,Monaco Grand Prix,TSU,12.0,13.0,0,0,0,10.8,0.0123456790123456,0.037037037037037,1,,,0,,,0,,,0,0.02,0.02,1,0.07285714285714286,0.07,7,,,0,,,0,0.035,0.05,2
MCGP25,Monaco Grand Prix,VER,5.0,8.0,0,0,0,4.3,0.2521008403361344,0.5714285714285714,1,0.22768115942028985,0.23,69,0.22,0.2,86,0.17232758620689656,0.07,116,0.07476190476190477,0.01,147,0.74,0.74,1,0.54875,0.46,8,0.4675,0.6,16,0.45799999999999996,0.01,5
SAGP25,Spanish Grand Prix,ALB,11.0,19.0,0,0,0,10.4,0.0,0.1122448979591836,0,,,0,,,0,,,0,0.01,0.01,2,,,0,,,0,,,0,,,0
SAGP25,Spanish Grand Prix,ALO,10.0,11.0,0,0,0,13.9,0.024390243902439,0.1585365853658536,0,,,0,,,0,0.01,0.01,1,0.01,0.01,4,,,0,,,0,,,0,,,0
SAGP25,Spanish Grand Prix,ANT,6.0,12.0,0,0,0,8.25,0.125,0.25,0,,,0,,,0,0.015,0.02,2,0.026666666666666665,0.06,3,,,0,0.1,0.1,2,0.10166666666666666,0.11,6,0.033,0.07,10
SAGP25,Spanish Grand Prix,BEA,15.0,16.0,0,0,0,12.88888888888889,0.0,0.0,0,,,0,,,0,0.01,0.01,1,0.01,0.01,1,,,0,,,0,,,0,,,0
SAGP25,Spanish Grand Prix,BOR,12.0,13.0,0,0,0,14.5,0.0,0.0,0,,,0,,,0,0.01,0.01,1,0.01,0.01,3,,,0,,,0,,,0,,,0
SAGP25,Spanish Grand Prix,COL,19.0,14.0,0,0,0,14.5,0.0,0.0,0,,,0,,,0,,,0,,,0,,,0,,,0,,,0,,,0
SAGP25,Spanish Grand Prix,GAS,8.0,9.0,0,0,0,13.7,0.025,0.0666666666666666,0,,,0,0.01,0.01,2,0.01,0.01,1,0.02,0.01,4,,,0,,,0,,,0,,,0
SAGP25,Spanish Grand Prix,HAD,9.0,8.0,0,0,0,10.714285714285714,0.0,0.0,0,,,0,,,0,,,0,0.01,0.01,2,,,0,,,0,,,0,,,0
SAGP25,Spanish Grand Prix,HAM,5.0,7.0,0,0,0,5.5,0.2184873949579832,0.5126050420168067,0,,,0,0.04,0.04,3,0.01681818181818182,0.02,22,0.013333333333333332,0.02,3,0.18,0.21,2,0.15,0.15,1,0.09090909090909091,0.04,11,0.038181818181818185,0.01,11
SAGP25,Spanish Grand Prix,HIR,,,0,0,0,10.0,0.0,0.0,0,,,0,,,0,,,0,,,0,,,0,,,0,,,0,,,0
SAGP25,Spanish Grand Prix,HUL,16.0,6.0,0,0,0,15.7,0.0,0.0,0,,,0,,,0,,,0,0.01,0.01,2,,,0,,,0,,,0,,,0
SAGP25,Spanish Grand Prix,LAW,13.0,18.0,0,0,0,13.7,0.0,0.0625,0,,,0,,,0,,,0,0.01,0.01,2,,,0,,,0,,,0,,,0
SAGP25,Spanish Grand Prix,LEC,7.0,5.0,0,0,0,6.9,0.075,0.225,0,0.06,0.06,1,0.06,0.06,1,0.051904761904761905,0.01,21,0.024150943396226414,0.01,53,0.33,0.33,1,0.32666666666666666,0.32,3,0.27384615384615385,0.17,13,0.44423999999999997,0.99,125
SAGP25,Spanish Grand Prix,MAR,,,0,0,0,10.0,0.0,0.0,0,,,0,,,0,,,0,,,0,,,0,,,0,,,0,,,0
SAGP25,Spanish Grand Prix,NOR,2.0,2.0,0,1,0,3.4,0.0833333333333333,0.1833333333333333,0,0.39,0.39,3,0.40454545454545454,0.4,11,0.2197916666666667,0.06,96,0.06088235294117647,0.01,102,,,0,0.92,0.83,3,0.5708333333333333,0.46,24,0.2668888888888889,0.01,90
SAGP25,Spanish Grand Prix,OCO,17.0,15.0,0,0,0,14.2,0.0,0.0,0,,,0,,,0,,,0,0.01,0.01,3,,,0,,,0,,,0,,,0
SAGP25,Spanish Grand Prix,PIA,1.0,1.0,1,1,1,4.0,0.1052631578947368,0.2105263157894736,0,0.40142857142857147,0.4,7,0.438125,0.41,16,0.510377358490566,0.51,106,0.6678654970760234,0.99,342,0.83,0.83,1,0.8933333333333333,0.93,3,0.8170000000000001,0.84,10,0.874642857142857,0.98,28
SAGP25,Spanish Grand Prix,RUS,3.0,4.0,0,0,0,5.8,0.0583333333333333,0.1416666666666666,0,0.08,0.08,1,0.07125,0.06,8,0.08861111111111111,0.08,36,0.05512820512820513,0.02,78,0.45,0.48,2,0.5175,0.48,8,0.49333333333333335,0.55,21,0.44025974025974024,0.07,77
SAGP25,Spanish Grand Prix,SAI,18.0,17.0,0,0,0,7.8,0.025,0.15,0,,,0,,,0,0.01,0.01,2,0.01,0.01,2,,,0,,,0,0.046,0.05,5,0.018000000000000002,0.05,5
SAGP25,Spanish Grand Prix,STR,14.0,,0,0,0,13.8,0.0,0.0252100840336134,0,,,0,,,0,0.01,0.01,1,0.01,0.01,3,,,0,,,0,,,0,,,0
SAGP25,Spanish Grand Prix,TSU,20.0,10.0,0,0,0,10.1,0.0121951219512195,0.0365853658536585,0,,,0,,,0,0.01,0.01,1,0.01,0.01,2,,,0,0.07,0.07,1,,,0,0.02,0.01,3
SAGP25,Spanish Grand Prix,VER,4.0,3.0,0,1,0,4.3,0.25,0.5666666666666667,0,0.0975,0.1,12,0.1125,0.12,28,0.33338235294117646,0.43,136,0.3535521235521235,0.02,518,0.48,0.48,1,0.48,0.48,3,0.6875,0.84,28,0.7270247933884297,0.99,121
CAGP25,Canadian Grand Prix,ALB,10.0,18.0,0,0,0,10.8,0.0,0.1111111111111111,0,,,0,0.05,0.05,2,0.015,0.01,2,0.01,0.01,5,,,0,0.1,0.1,2,,,0,0.0425,0.04,4
CAGP25,Canadian Grand Prix,ALO,6.0,12.0,0,0,0,14.8,0.0240963855421686,0.1566265060240964,0,,,0,,,0,0.025,0.04,2,0.01,0.01,8,,,0,,,0,,,0,0.06166666666666667,0.06,6
CAGP25,Canadian Grand Prix,ANT,4.0,7.0,0,0,0,8.666666666666666,0.1111111111111111,0.2222222222222222,0,,,0,0.07,0.07,1,0.021111111111111112,0.02,9,0.056065573770491796,0.01,61,,,0,0.19,0.19,1,0.48666666666666664,0.99,24,0.99,0.99,1
CAGP25,Canadian Grand Prix,BEA,14.0,15.0,0,0,0,13.2,0.0,0.0,0,,,0,,,0,,,0,0.01,0.01,2,,,0,,,0,,,0,,,0
CAGP25,Canadian Grand Prix,BOR,16.0,16.0,0,0,0,14.333333333333334,0.0,0.0,0,,,0,,,0,,,0,0.01,0.01,2,,,0,,,0,,,0,,,0
CAGP25,Canadian Grand Prix,COL,12.0,17.0,0,0,0,14.333333333333334,0.0,0.0,0,,,0,,,0,,,0,0.01,0.01,4,,,0,,,0,,,0,,,0
CAGP25,Canadian Grand Prix,GAS,20.0,11.0,0,0,0,12.9,0.024793388429752,0.0661157024793388,0,,,0,,,0,,,0,0.01,0.01,2,,,0,,,0,,,0,,,0
CAGP25,Canadian Grand Prix,HAD,9.0,19.0,0,0,0,10.375,0.0,0.0,0,,,0,,,0,,,0,,,0,,,0,,,0,,,0,,,0
CAGP25,Canadian Grand Prix,HAM,5.0,9.0,0,0,0,5.4,0.2166666666666666,0.5083333333333333,0,,,0,,,0,0.03111111111111111,0.03,9,0.030750000000000003,0.01,40,,,0,0.15333333333333335,0.15,3,0.1675,0.23,12,0.13642857142857143,0.01,14
CAGP25,Canadian Grand Prix,HUL,13.0,14.0,0,0,0,14.9,0.0,0.0,0,,,0,,,0,,,0,0.01,0.01,1,,,0,,,0,,,0,,,0
CAGP25,Canadian Grand Prix,LAW,19.0,20.0,0,0,0,14.0,0.0,0.0588235294117647,0,,,0,,,0,,,0,0.01,0.01,2,,,0,,,0,,,0,,,0
CAGP25,Canadian Grand Prix,LEC,8.0,4.0,0,0,0,6.9,0.0743801652892562,0.2231404958677686,0,,,0,,,0,0.05052631578947368,0.01,19,0.01769230769230769,0.01,26,,,0,,,0,0.2114285714285714,0.09,7,0.14666666666666667,0.01,6
CAGP25,Canadian Grand Prix,NOR,7.0,2.0,0,1,0,3.0,0.0826446280991735,0.1900826446280991,0,0.35,0.31,2,0.29318181818181815,0.1,66,0.08929824561403508,0.01,114,0.01,0.01,1,,,0,0.73,0.66,2,0.6522222222222223,0.46,9,0.4968181818181818,0.01,22
CAGP25,Canadian Grand Prix,OCO,15.0,8.0,0,0,0,14.1,0.0,0.0,0,,,0,,,0,,,0,0.01,0.01,1,,,0,,,0,,,0,,,0
CAGP25,Canadian Grand Prix,PIA,3.0,3.0,0,1,0,3.7,0.1282051282051282,0.2307692307692307,0,,,0,0.63,0.45,3,0.3787951807228916,0.37,83,0.28,0.01,191,,,0,,,0,0.75,0.79,4,0.7395833333333333,0.5,24
CAGP25,Canadian Grand Prix,RUS,1.0,1.0,1,1,1,6.1,0.0578512396694214,0.140495867768595,0,0.105,0.11,2,0.19254545454545455,0.25,55,0.5797122302158273,0.99,278,0.99,0.99,7,,,0,0.345,0.34,2,0.498125,0.33,16,0.7242105263157894,0.99,19
CAGP25,Canadian Grand Prix,SAI,17.0,6.0,0,0,0,9.1,0.024793388429752,0.1487603305785124,0,,,0,,,0,0.05,0.05,1,0.013333333333333332,0.01,3,,,0,,,0,,,0,,,0
CAGP25,Canadian Grand Prix,STR,18.0,10.0,0,0,0,13.8,0.0,0.025,0,,,0,,,0,0.01,0.01,1,0.01,0.01,1,,,0,,,0,,,0,,,0
CAGP25,Canadian Grand Prix,TSU,11.0,13.0,0,0,0,10.1,0.0120481927710843,0.036144578313253,0,,,0,,,0,,,0,0.01,0.01,1,,,0,,,0,,,0,,,0
CAGP25,Canadian Grand Prix,VER,2.0,5.0,0,0,0,3.7,0.2479338842975206,0.5702479338842975,0,0.2341666666666667,0.21,12,0.25875,0.33,72,0.32720626631853783,0.01,383,0.01,0.01,3,,,0,0.7,0.7,3,0.5977777777777777,0.71,9,0.9107692307692308,0.99,13
AUGP25,Austrian Grand Prix,ALB,13.0,17.0,0,0,0,11.2,0.0,0.11,0,,,0,,,0,,,0,0.01,0.01,1,,,0,,,0,,,0,,,0
AUGP25,Austrian Grand Prix,ALO,12.0,12.0,0,0,0,14.4,0.0238095238095238,0.1547619047619047,0,,,0,,,0,,,0,,,0,,,0,,,0,,,0,,,0
AUGP25,Austrian Grand Prix,ANT,10.0,,0,0,0,8.5,0.1,0.2,0,,,0,,,0,,,0,0.013333333333333332,0.01,15,,,0,,,0,0.13,0.13,1,0.065,0.01,2
AUGP25,Austrian Grand Prix,BEA,14.0,13.0,0,0,0,14.2,0.0,0.0,0,,,0,,,0,,,0,,,0,,,0,,,0,,,0,,,0
AUGP25,Austrian Grand Prix,BEG,,,0,0,0,10.0,0.0,0.0,0,,,0,,,0,,,0,,,0,,,0,,,0,,,0,,,0
AUGP25,Austrian Grand Prix,BOR,7.0,6.0,0,0,0,14.5,0.0,0.0,0,,,0,,,0,,,0,,,0,,,0,,,0,,,0,0.18,0.18,1
AUGP25,Austrian Grand Prix,COL,15.0,10.0,0,0,0,15.0,0.0,0.0,0,,,0,,,0,,,0,,,0,,,0,,,0,,,0,,,0
AUGP25,Austrian Grand Prix,DUN,,,0,0,0,10.0,0.0,0.0,0,,,0,,,0,,,0,,,0,,,0,,,0,,,0,,,0
AUGP25,Austrian Grand Prix,GAS,8.0,15.0,0,0,0,12.3,0.0245901639344262,0.0655737704918032,0,,,0,,,0,,,0,,,0,,,0,,,0,,,0,,,0
AUGP25,Austrian Grand Prix,HAD,11.0,16.0,0,0,0,11.333333333333334,0.0,0.0,0,,,0,,,0,,,0,,,0,,,0,,,0,,,0,,,0
AUGP25,Austrian Grand Prix,HAM,4.0,3.0,0,1,0,6.2,0.2148760330578512,0.5041322314049587,0,,,0,,,0,0.018333333333333333,0.02,12,0.02532258064516129,0.01,62,,,0,,,0,0.1575,0.2,8,0.2592307692307692,0.01,13
AUGP25,Austrian Grand Prix,HUL,20.0,8.0,0,0,0,14.3,0.0,0.0,0,,,0,,,0,,,0,,,0,,,0,,,0,,,0,,,0
AUGP25,Austrian Grand Prix,LAW,9.0,14.0,0,0,0,14.4,0.0,0.0555555555555555,0,,,0,,,0,0.01,0.01,1,0.01,0.01,4,,,0,,,0,,,0,0.06,0.06,1
AUGP25,Austrian Grand Prix,LEC,2.0,4.0,0,0,0,6.7,0.0737704918032786,0.221311475409836,0,,,0,0.02,0.02,6,0.052307692307692305,0.08,65,0.06185185185185185,0.01,108,,,0,0.17,0.11,3,0.46370370370370373,0.63,27,0.7623809523809524,0.99,21
AUGP25,Austrian Grand Prix,NOR,1.0,2.0,0,1,1,2.2,0.081967213114754,0.1967213114754098,0,,,0,0.32,0.32,5,0.42733766233766235,0.66,154,0.7696505376344086,0.99,372,,,0,0.7233333333333333,0.72,3,0.754,0.89,5,0.883,0.98,10
AUGP25,Austrian Grand Prix,OCO,17.0,9.0,0,0,0,13.3,0.0,0.0,0,,,0,,,0,,,0,,,0,,,0,,,0,,,0,,,0
AUGP25,Austrian Grand Prix,PIA,3.0,1.0,1,1,0,2.9,0.125,0.25,0,,,0,0.335,0.33,8,0.2842553191489362,0.19,47,0.22823008849557522,0.01,339,,,0,0.8,0.8,1,0.7633333333333333,0.66,6,0.84,0.87,18
AUGP25,Austrian Grand Prix,RUS,5.0,7.0,0,0,0,5.5,0.0655737704918032,0.1475409836065573,0,,,0,0.1,0.1,2,0.05714285714285714,0.02,7,0.025714285714285717,0.01,21,,,0,0.5233333333333333,0.52,3,0.41111111111111115,0.06,9,0.3109090909090909,0.01,11
AUGP25,Austrian Grand Prix,SAI,19.0,,0,0,0,9.0,0.0245901639344262,0.1475409836065573,0,,,0,,,0,,,0,,,0,,,0,,,0,,,0,,,0
AUGP25,Austrian Grand Prix,STR,16.0,5.0,0,0,0,13.8,0.0,0.024793388429752,0,,,0,,,0,,,0,,,0,,,0,,,0,,,0,,,0
AUGP25,Austrian Grand Prix,TSU,18.0,11.0,0,0,0,10.3,0.0119047619047619,0.0357142857142857,0,,,0,,,0,,,0,,,0,,,0,,,0,,,0,,,0
AUGP25,Austrian Grand Prix,VER,6.0,,0,0,0,4.0,0.2459016393442623,0.5655737704918032,0,,,0,0.19,0.19,3,0.0975268817204301,0.06,93,0.0555,0.01,60,,,0,0.68,0.68,2,0.5313513513513514,0.39,37,0.3327777777777778,0.01,18
BRGP25,British Grand Prix,ALB,14.0,4.0,0,0,0,12.1,0.0,0.1089108910891089,0,,,0,,,0,,,0,0.01,0.01,11,,,0,,,0,,,0,0.055,0.05,2
BRGP25,British Grand Prix,ALO,9.0,6.0,0,0,0,13.9,0.0235294117647058,0.1529411764705882,0,,,0,0.01,0.01,1,,,0,0.01,0.01,5,,,0,,,0,0.06,0.06,1,0.055,0.06,2
BRGP25,British Grand Prix,ANT,7.0,16.0,0,0,0,8.5,0.0909090909090909,0.1818181818181818,0,0.02,0.02,2,0.014285714285714285,0.01,7,0.01,0.01,2,0.01125,0.01,8,0.11,0.11,1,0.54,0.54,1,0.06,0.06,3,0.06333333333333332,0.07,6
BRGP25,British Grand Prix,ARO,,,0,0,0,10.0,0.0,0.0,0,,,0,,,0,,,0,,,0,,,0,,,0,,,0,,,0
BRGP25,British Grand Prix,BEA,8.0,13.0,0,0,0,13.9,0.0,0.0,0,,,0,,,0,,,0,0.01,0.01,3,,,0,,,0,,,0,,,0
BRGP25,British Grand Prix,BOR,17.0,18.0,0,0,0,14.6,0.0,0.0,0,,,0,,,0,,,0,0.01,0.01,1,,,0,,,0,,,0,,,0
BRGP25,British Grand Prix,COL,20.0,,0,0,0,14.0,0.0,0.0,0,,,0,,,0,,,0,0.01,0.01,4,,,0,,,0,,,0,,,0
BRGP25,British Grand Prix,GAS,10.0,8.0,0,0,0,12.9,0.024390243902439,0.065040650406504,0,,,0,,,0,,,0,0.022727272727272728,0.01,11,,,0,,,0,,,0,0.05,0.05,3
BRGP25,British Grand Prix,HAD,13.0,17.0,0,0,0,11.8,0.0,0.0,0,,,0,,,0,,,0,0.01,0.01,1,,,0,,,0,,,0,0.1,0.1,1
BRGP25,British Grand Prix,HAM,5.0,3.0,0,1,0,5.8,0.2131147540983606,0.5081967213114754,0,0.05842105263157895,0.06,38,0.1317241379310345,0.12,29,0.12764150943396227,0.09,106,0.07548387096774194,0.01,248,0.294,0.24,10,0.32363636363636367,0.3,11,0.2911111111111111,0.26,27,0.3234313725490196,0.01,102
BRGP25,British Grand Prix,HUL,19.0,14.0,0,0,0,13.9,0.0,0.0,0,,,0,,,0,,,0,0.0275,0.01,16,,,0,,,0,,,0,0.8504166666666667,0.99,24
BRGP25,British Grand Prix,LAW,16.0,,0,0,0,15.6,0.0,0.0526315789473684,0,,,0,,,0,,,0,,,0,,,0,,,0,,,0,,,0
BRGP25,British Grand Prix,LEC,6.0,10.0,0,0,0,5.8,0.073170731707317,0.2195121951219512,0,0.04,0.04,8,0.053809523809523814,0.08,21,0.05625,0.02,8,0.03337662337662337,0.01,77,0.2877777777777778,0.31,9,0.31,0.31,1,0.345,0.15,8,0.146875,0.16,16
BRGP25,British Grand Prix,LIN,,,0,0,0,10.0,0.0,0.0,0,,,0,,,0,,,0,,,0,,,0,,,0,,,0,,,0
BRGP25,British Grand Prix,NOR,3.0,2.0,0,1,0,2.3,0.08130081300813,0.2032520325203252,0,0.3366071428571428,0.34,56,0.37733333333333335,0.38,60,0.29,0.21,107,0.5091923076923077,0.99,520,0.7816666666666667,0.78,6,,,0,0.7625,0.78,8,0.8441666666666667,0.99,36
BRGP25,British Grand Prix,OCO,15.0,9.0,0,0,0,12.7,0.0,0.0,0,,,0,,,0,,,0,0.01,0.01,2,,,0,,,0,,,0,,,0
BRGP25,British Grand Prix,PIA,2.0,1.0,1,1,0,2.6,0.1463414634146341,0.2682926829268293,0,0.33827586206896554,0.33,29,0.3644,0.32,50,0.33535353535353535,0.32,99,0.36046439628482974,0.01,646,0.78,0.78,4,,,0,0.856,0.84,5,0.8254545454545454,0.99,22
BRGP25,British Grand Prix,RUS,4.0,11.0,0,0,0,5.1,0.065040650406504,0.1463414634146341,0,0.0625,0.06,16,0.08714285714285713,0.09,14,0.04607142857142857,0.03,28,0.03803738317757009,0.04,107,0.33166666666666667,0.36,6,0.525,0.69,2,0.17833333333333332,0.18,12,0.17173913043478262,0.3,23
BRGP25,British Grand Prix,SAI,11.0,7.0,0,0,0,9.0,0.024390243902439,0.1463414634146341,0,,,0,,,0,,,0,0.01,0.01,2,,,0,,,0,,,0,0.05,0.05,1
BRGP25,British Grand Prix,STR,18.0,15.0,0,0,0,13.0,0.0,0.0245901639344262,0,,,0,,,0,,,0,0.03375,0.01,24,,,0,,,0,,,0,0.052000000000000005,0.03,10
BRGP25,British Grand Prix,TSU,12.0,12.0,0,0,0,11.0,0.0117647058823529,0.0352941176470588,0,,,0,,,0,,,0,0.01,0.01,2,,,0,,,0,,,0,,,0
BRGP25,British Grand Prix,VER,1.0,5.0,0,0,1,4.0,0.2439024390243902,0.5609756097560976,0,0.16699999999999998,0.17,50,0.11794871794871796,0.08,39,0.3344970414201183,0.39,169,0.2923731587561375,0.01,611,0.5483333333333333,0.57,6,0.5028571428571429,0.39,14,0.5936666666666667,0.84,30,0.43666666666666665,0.01,42
BELGP25,Belgian Grand Prix,ALB,5.0,15.0,0,0,0,11.1,0.0,0.1078431372549019,0,0.01,0.01,3,0.01,0.01,38,0.01,0.01,36,0.01,0.01,43,0.02,0.02,4,0.015789473684210527,0.01,19,0.05694444444444444,0.07,36,0.07321428571428572,0.01,56
BELGP25,Belgian Grand Prix,ALO,19.0,5.0,0,0,0,12.5,0.0232558139534883,0.1511627906976744,0,0.01,0.01,7,0.01,0.01,24,0.01,0.01,23,0.01,0.01,4,0.02857142857142857,0.02,7,0.02,0.02,21,0.013333333333333332,0.01,18,0.011666666666666667,0.01,12
BELGP25,Belgian Grand Prix,ANT,18.0,1.0,1,1,0,9.2,0.0833333333333333,0.1666666666666666,0,0.0125,0.01,16,0.015537190082644627,0.01,121,0.01,0.01,17,0.01,0.01,5,0.07400000000000001,0.07,20,0.051777777777777784,0.04,45,0.03652173913043478,0.02,23,0.013636363636363636,0.01,11
BELGP25,Belgian Grand Prix,BEA,12.0,13.0,0,0,0,13.7,0.0,0.0,0,,,0,,,0,0.01,0.01,5,0.01,0.01,4,0.01,0.01,1,0.01,0.01,7,0.011428571428571429,0.02,7,0.011428571428571429,0.01,7
BELGP25,Belgian Grand Prix,BOR,10.0,16.0,0,0,0,15.5,0.0,0.0,0,,,0,0.01,0.01,5,0.01,0.01,1,0.01,0.01,2,0.01,0.01,1,0.01,0.01,8,0.012857142857142859,0.02,7,0.012,0.01,5
BELGP25,Belgian Grand Prix,COL,17.0,8.0,0,0,0,14.0,0.0,0.0,0,0.01,0.01,1,0.01,0.01,3,0.01,0.01,2,0.01,0.01,2,0.01,0.01,1,0.01,0.01,8,0.01,0.01,5,0.01,0.01,1
BELGP25,Belgian Grand Prix,GAS,13.0,17.0,0,0,0,12.7,0.0241935483870967,0.064516129032258,0,0.01,0.01,1,0.01,0.01,6,0.01,0.01,4,0.01,0.01,8,0.01,0.01,5,0.01,0.01,7,0.014545454545454545,0.02,11,0.013076923076923076,0.01,13
BELGP25,Belgian Grand Prix,HAD,8.0,20.0,0,0,0,12.8,0.0,0.0,0,,,0,0.01,0.01,4,0.01,0.01,5,0.01,0.01,3,0.01,0.01,2,0.01,0.01,3,0.0325,0.04,16,0.04578947368421052,0.01,19
BELGP25,Belgian Grand Prix,HAM,14.0,10.0,0,0,0,6.0,0.2113821138211382,0.5121951219512195,0,0.052452830188679245,0.05,53,0.04893536121673004,0.04,263,0.02495238095238095,0.01,105,0.01359375,0.01,64,0.3363636363636363,0.33,33,0.215,0.16,178,0.08587301587301586,0.03,126,0.07072463768115943,0.01,138
BELGP25,Belgian Grand Prix,HUL,16.0,2.0,0,1,0,13.4,0.0,0.0,0,,,0,0.01,0.01,10,0.01,0.01,17,0.01,0.01,3,0.17074074074074072,0.03,27,0.02,0.01,21,0.018235294117647058,0.02,17,0.01714285714285714,0.01,14
BELGP25,Belgian Grand Prix,LAW,9.0,12.0,0,0,0,15.6,0.0,0.05,0,0.01,0.01,1,0.01,0.01,2,0.01,0.01,6,0.01,0.01,2,0.01,0.01,2,0.01,0.01,6,0.013333333333333332,0.02,6,0.0175,0.01,4
BELGP25,Belgian Grand Prix,LEC,3.0,9.0,0,0,0,5.5,0.0725806451612903,0.2177419354838709,0,0.051219512195121955,0.05,41,0.0481140350877193,0.04,228,0.04665,0.05,200,0.037394957983193276,0.01,238,0.3442857142857143,0.34,14,0.3175555555555556,0.3,90,0.33877697841726623,0.37,139,0.5850641025641026,0.99,468
BELGP25,Belgian Grand Prix,NOR,1.0,3.0,0,1,1,2.3,0.0806451612903225,0.2096774193548387,0,0.33644578313253015,0.33,166,0.2827894257064722,0.23,1097,0.35425968109339406,0.43,878,0.2806156806156806,0.01,2079,0.7588095238095238,0.76,42,0.7730882352941176,0.79,204,0.8445112781954888,0.87,133,0.8789400921658986,0.99,217
BELGP25,Belgian Grand Prix,OCO,11.0,14.0,0,0,0,13.1,0.0,0.0,0,,,0,0.01,0.01,12,0.01,0.01,13,0.01,0.01,2,0.01,0.01,1,0.01,0.01,14,0.012142857142857143,0.02,14,0.014285714285714285,0.01,7
BELGP25,Belgian Grand Prix,PIA,2.0,4.0,0,0,0,2.3,0.1666666666666666,0.2857142857142857,0,0.3407960199004975,0.33,201,0.435,0.52,1624,0.4605133470225873,0.39,974,0.6780852082336045,0.99,2089,0.7591428571428571,0.72,35,0.7995726495726495,0.84,234,0.8496621621621621,0.85,148,0.8651219512195122,0.99,205
BELGP25,Belgian Grand Prix,RUS,7.0,11.0,0,0,0,5.6,0.064516129032258,0.1451612903225806,0,0.04772727272727272,0.05,44,0.04,0.03,250,0.02710526315789474,0.02,114,0.014756097560975609,0.01,82,0.30066666666666664,0.31,15,0.29989473684210527,0.26,95,0.19275229357798163,0.14,109,0.1198148148148148,0.01,108
BELGP25,Belgian Grand Prix,SAI,15.0,6.0,0,0,0,9.2,0.0241935483870967,0.1451612903225806,0,0.01,0.01,3,0.01,0.01,24,0.01,0.01,29,0.01,0.01,8,0.02,0.02,6,0.01588235294117647,0.01,34,0.019,0.01,20,0.015454545454545453,0.01,11
BELGP25,Belgian Grand Prix,STR,20.0,18.0,0,0,0,13.1,0.0,0.024390243902439,0,0.01,0.01,3,0.01,0.01,3,0.01,0.01,4,0.01,0.01,5,,,0,0.01,0.01,7,0.01,0.01,8,0.01,0.01,4
BELGP25,Belgian Grand Prix,TSU,6.0,19.0,0,0,0,11.6,0.0116279069767441,0.0348837209302325,0,0.01,0.01,1,0.01,0.01,13,0.01,0.01,9,0.01,0.01,6,0.02,0.01,3,0.01,0.01,15,0.031176470588235295,0.04,17,0.05037037037037037,0.01,27
BELGP25,Belgian Grand Prix,VER,4.0,7.0,0,0,0,4.2,0.2419354838709677,0.5564516129032258,0,0.18933673469387757,0.18,196,0.19930275229357797,0.19,1090,0.1713327674023769,0.15,1178,0.12980042016806723,0.01,952,0.6166666666666667,0.6,66,0.6160079051383399,0.63,253,0.6476923076923078,0.64,234,0.47544600938967135,0.01,639
HUNGP25,Hungarian Grand Prix,ALB,20.0,14.0,0,0,0,12.0,0.0,0.1067961165048543,0,0.01,0.01,48,0.01,0.01,20,0.01,0.01,26,0.01,0.01,26,0.02,0.02,12,0.018461538461538463,0.01,13,0.01,0.01,7,0.01,0.01,5
HUNGP25,Hungarian Grand Prix,ALO,5.0,8.0,0,0,0,11.9,0.0229885057471264,0.1494252873563218,0,0.01,0.01,10,0.01,0.01,7,0.01,0.01,52,0.01,0.01,36,0.016428571428571428,0.01,14,0.018000000000000002,0.02,20,0.13214285714285715,0.14,112,0.10103703703703705,0.01,135
HUNGP25,Hungarian Grand Prix,ANT,12.0,13.0,0,0,0,8.1,0.1538461538461538,0.2307692307692307,0,0.01,0.01,22,0.01,0.01,11,0.01,0.01,15,0.01,0.01,5,0.06918918918918919,0.05,37,0.04642857142857143,0.04,28,0.04,0.02,18,0.01,0.01,1
HUNGP25,Hungarian Grand Prix,ARO,,,0,0,0,10.0,0.0,0.0,0,,,0,,,0,,,0,,,0,,,0,,,0,,,0,,,0
HUNGP25,Hungarian Grand Prix,BEA,13.0,20.0,0,0,0,13.5,0.0,0.0,0,,,0,,,0,0.01,0.01,3,0.01,0.01,2,0.01,0.01,4,0.01,0.01,2,0.01,0.01,2,0.01,0.01,1
HUNGP25,Hungarian Grand Prix,BOR,9.0,11.0,0,0,0,15.5,0.0,0.0,0,0.01,0.01,7,0.01,0.01,2,0.01,0.01,4,0.01,0.01,8,0.01,0.01,2,0.01,0.01,1,0.011666666666666667,0.01,6,0.011428571428571429,0.02,7
HUNGP25,Hungarian Grand Prix,COL,15.0,16.0,0,0,0,13.0,0.0,0.0,0,0.01,0.01,4,0.01,0.01,4,,,0,0.01,0.01,7,,,0,,,0,0.01,0.01,3,0.01,0.01,2
HUNGP25,Hungarian Grand Prix,DRU,,,0,0,0,10.0,0.0,0.0,0,,,0,,,0,,,0,,,0,,,0,,,0,,,0,,,0
HUNGP25,Hungarian Grand Prix,GAS,17.0,18.0,0,0,0,12.7,0.024,0.064,0,,,0,0.01,0.01,5,0.01,0.01,5,0.01,0.01,3,,,0,0.01,0.01,2,0.01,0.01,5,0.01,0.01,4
HUNGP25,Hungarian Grand Prix,HAD,7.0,15.0,0,0,0,14.1,0.0,0.0,0,,,0,0.01,0.01,4,0.01,0.01,6,0.01,0.01,4,0.01,0.01,2,0.018333333333333333,0.02,12,0.012222222222222223,0.01,9,0.01,0.01,1
HUNGP25,Hungarian Grand Prix,HAM,14.0,7.0,0,0,0,6.1,0.2096774193548387,0.5080645161290323,0,0.03968586387434555,0.04,191,0.03712820512820513,0.04,195,0.025714285714285717,0.01,84,0.01,0.01,23,0.21821428571428572,0.22,140,0.19580882352941179,0.18,136,0.11934426229508198,0.04,122,0.038157894736842106,0.01,38
HUNGP25,Hungarian Grand Prix,HUL,19.0,6.0,0,0,0,11.7,0.0,0.0144927536231884,0,0.01,0.01,11,0.01,0.01,5,0.01,0.01,3,0.01,0.01,2,0.0175,0.01,8,0.02,0.02,6,0.016666666666666666,0.02,3,0.01,0.01,2
HUNGP25,Hungarian Grand Prix,LAW,10.0,10.0,0,0,0,15.8,0.0,0.0476190476190476,0,0.01,0.01,9,0.01,0.01,2,,,0,0.01,0.01,2,,,0,0.01,0.01,2,0.01,0.01,2,0.01,0.01,1
HUNGP25,Hungarian Grand Prix,LEC,6.0,9.0,0,0,0,5.4,0.072,0.216,0,0.0636144578313253,0.06,166,0.05666666666666667,0.06,189,0.1626525198938992,0.19,754,0.3312002341920375,0.01,1708,0.3725,0.37,120,0.4789403973509934,0.53,151,0.6333333333333333,0.66,405,0.51744140625,0.01,512
HUNGP25,Hungarian Grand Prix,NOR,1.0,5.0,0,0,1,2.1,0.08,0.216,0,0.3697050561797753,0.37,712,0.4181062670299728,0.45,734,0.3527077747989276,0.29,746,0.3834729064039408,0.99,2436,0.810625,0.8,176,0.8412290502793296,0.84,179,0.8652238805970149,0.84,134,0.8050896860986547,0.99,446
HUNGP25,Hungarian Grand Prix,OCO,18.0,19.0,0,0,0,13.1,0.0,0.0,0,,,0,0.01,0.01,4,0.01,0.01,1,0.01,0.01,2,0.01,0.01,5,0.01,0.01,1,0.01,0.01,1,0.01,0.01,1
HUNGP25,Hungarian Grand Prix,PIA,2.0,2.0,0,1,0,2.5,0.1627906976744186,0.2790697674418604,0,0.40784452296819784,0.41,1415,0.4171224307417337,0.42,1119,0.48137692307692304,0.48,1300,0.45068232307204065,0.01,3151,0.8364583333333333,0.84,192,0.849795918367347,0.87,245,0.8768396226415095,0.88,212,0.8919298245614036,0.99,171
HUNGP25,Hungarian Grand Prix,RUS,4.0,1.0,1,1,0,5.9,0.064,0.144,0,0.03644230769230769,0.03,104,0.02010204081632653,0.02,98,0.021451612903225805,0.03,124,0.028579881656804737,0.01,169,0.21015873015873016,0.18,63,0.15923076923076923,0.14,65,0.22443298969072165,0.34,194,0.42179816513761464,0.99,545
HUNGP25,Hungarian Grand Prix,SAI,11.0,4.0,0,0,0,8.0,0.024,0.144,0,0.01,0.01,21,0.01,0.01,9,0.01,0.01,5,0.01,0.01,3,0.01818181818181818,0.02,11,0.01785714285714286,0.02,14,0.01,0.01,7,0.01,0.01,5
HUNGP25,Hungarian Grand Prix,STR,3.0,12.0,0,0,0,13.8,0.0,0.0241935483870967,0,0.01,0.01,3,0.01,0.01,5,0.01,0.01,10,0.01,0.01,2,0.01,0.01,1,0.01,0.01,10,0.02707317073170732,0.01,41,0.02857142857142857,0.01,21
HUNGP25,Hungarian Grand Prix,TSU,16.0,17.0,0,0,0,12.7,0.0114942528735632,0.0344827586206896,0,0.01,0.01,6,0.01,0.01,11,0.01,0.01,2,0.01,0.01,2,0.06,0.06,1,0.02,0.01,6,0.01,0.01,8,0.01,0.01,1
HUNGP25,Hungarian Grand Prix,VER,8.0,3.0,0,1,0,4.6,0.24,0.552,0,0.1424804469273743,0.14,895,0.11486825595984942,0.08,797,0.04904672897196262,0.02,535,0.0184020618556701,0.01,194,0.5840314136125655,0.58,191,0.538498023715415,0.5,253,0.22594059405940595,0.11,505,0.10109375,0.01,256
DUTGP25,Dutch Grand Prix,ALB,15.0,7.0,0,0,0,12.1,0.0,0.1057692307692307,0,,,0,0.01,0.01,5,0.01,0.01,1,0.01,0.01,4,0.02,0.02,2,0.08,0.06,2,0.05,0.02,4,0.01,0.01,4
DUTGP25,Dutch Grand Prix,ALO,8.0,8.0,0,0,0,10.9,0.0227272727272727,0.1477272727272727,0,,,0,0.030476190476190476,0.05,42,0.02066666666666667,0.01,15,0.01,0.01,2,0.03666666666666667,0.03,6,0.2368,0.23,50,0.1394915254237288,0.03,59,0.027777777777777776,0.01,18
DUTGP25,Dutch Grand Prix,ANT,11.0,6.0,0,0,0,9.3,0.1428571428571428,0.2142857142857142,0,0.01,0.01,3,0.01,0.01,1,0.01,0.01,3,0.01,0.01,5,0.0475,0.05,8,0.0575,0.03,8,0.016666666666666666,0.01,15,0.0225,0.01,4
DUTGP25,Dutch Grand Prix,BEA,19.0,13.0,0,0,0,14.0,0.0,0.0,0,,,0,0.01,0.01,1,0.01,0.01,2,0.01,0.01,1,,,0,0.01,0.01,1,,,0,0.01,0.01,1
DUTGP25,Dutch Grand Prix,BOR,13.0,15.0,0,0,0,14.7,0.0,0.0,0,,,0,0.01,0.01,1,0.01,0.01,3,0.01,0.01,1,0.02,0.02,2,0.02,0.02,2,,,0,0.01,0.01,1
DUTGP25,Dutch Grand Prix,COL,16.0,4.0,0,0,0,13.428571428571429,0.0,0.0,0,,,0,,,0,0.01,0.01,1,0.01,0.01,2,,,0,0.0125,0.02,4,0.01,0.01,1,0.01,0.01,1
DUTGP25,Dutch Grand Prix,GAS,14.0,19.0,0,0,0,13.3,0.0238095238095238,0.0634920634920634,0,,,0,0.01,0.01,1,0.01,0.01,2,0.01,0.01,1,0.01,0.01,1,0.01,0.01,3,0.01,0.01,1,0.01,0.01,1
DUTGP25,Dutch Grand Prix,HAD,4.0,5.0,0,0,0,14.6,0.0,0.0,0,,,0,0.01,0.01,1,0.01,0.01,8,0.01,0.01,23,0.01,0.01,2,0.0125,0.02,4,0.10161290322580646,0.1,31,0.333876404494382,0.99,178
DUTGP25,Dutch Grand Prix,HAM,6.0,20.0,0,0,0,6.2,0.208,0.504,0,0.02,0.02,20,0.016875,0.02,16,0.01375,0.01,8,0.01,0.01,3,0.155,0.14,32,0.11156862745098038,0.02,51,0.05964285714285714,0.05,28,0.05083333333333333,0.01,24
DUTGP25,Dutch Grand Prix,HUL,17.0,18.0,0,0,0,10.7,0.0,0.0142857142857142,0,,,0,0.01,0.01,1,0.01,0.01,2,0.01,0.01,1,0.01,0.01,3,0.013999999999999999,0.02,5,0.01,0.01,1,0.01,0.01,1
DUTGP25,Dutch Grand Prix,LAW,9.0,12.0,0,0,0,15.1,0.0,0.0454545454545454,0,,,0,0.01,0.01,1,0.01,0.01,1,0.01,0.01,1,,,0,,,0,,,0,0.01,0.01,1
DUTGP25,Dutch Grand Prix,LEC,7.0,17.0,0,0,0,5.9,0.0714285714285714,0.2142857142857142,0,0.05484848484848484,0.06,33,0.031315789473684214,0.02,38,0.0175,0.02,16,0.01,0.01,7,0.39229166666666665,0.39,48,0.1991489361702128,0.12,47,0.11358490566037735,0.09,53,0.14105263157894737,0.01,76
DUTGP25,Dutch Grand Prix,NOR,2.0,2.0,0,1,0,2.3,0.0793650793650793,0.2142857142857142,0,0.3877040816326531,0.39,196,0.4543478260869565,0.48,230,0.426,0.35,305,0.2552650822669104,0.01,547,0.8320000000000001,0.82,190,0.85816091954023,0.89,87,0.9027941176470589,0.9,68,0.7973109243697479,0.01,119
DUTGP25,Dutch Grand Prix,OCO,18.0,14.0,0,0,0,13.8,0.0,0.0,0,,,0,0.01,0.01,1,0.01,0.01,2,0.01,0.01,2,0.01,0.01,1,0.011666666666666667,0.01,6,,,0,0.01,0.01,1
DUTGP25,Dutch Grand Prix,PIA,1.0,1.0,1,1,1,2.6,0.1590909090909091,0.2954545454545454,0,0.4224305555555556,0.42,288,0.40142131979695433,0.38,197,0.5428481012658228,0.61,316,0.7370287253141831,0.99,1114,0.8370068027210884,0.85,147,0.8471717171717172,0.89,99,0.9110958904109588,0.92,73,0.9011940298507463,0.99,134
DUTGP25,Dutch Grand Prix,RUS,5.0,9.0,0,0,0,5.8,0.0714285714285714,0.1507936507936507,0,0.0327027027027027,0.03,37,0.043076923076923075,0.03,26,0.027111111111111114,0.02,45,0.024642857142857143,0.01,28,0.2719607843137255,0.27,51,0.316,0.33,35,0.2638888888888889,0.24,72,0.22763157894736843,0.01,152
DUTGP25,Dutch Grand Prix,SAI,10.0,10.0,0,0,0,8.0,0.0238095238095238,0.1428571428571428,0,,,0,0.01,0.01,3,0.01,0.01,5,0.01,0.01,2,0.028333333333333335,0.03,6,0.044000000000000004,0.05,5,0.034,0.03,5,0.044444444444444446,0.01,9
DUTGP25,Dutch Grand Prix,STR,20.0,11.0,0,0,0,13.2,0.0,0.024,0,,,0,0.01,0.01,5,0.01,0.01,3,0.01,0.01,1,0.015,0.02,2,0.07875,0.1,16,0.055999999999999994,0.01,5,0.01,0.01,1
DUTGP25,Dutch Grand Prix,TSU,12.0,16.0,0,0,0,13.1,0.0113636363636363,0.034090909090909,0,,,0,0.01,0.01,4,0.01,0.01,2,0.01,0.01,1,,,0,0.025,0.03,4,0.03,0.03,1,0.01,0.01,1
DUTGP25,Dutch Grand Prix,VER,3.0,3.0,0,1,0,4.6,0.238095238095238,0.5555555555555556,0,0.10029411764705883,0.11,272,0.1018324607329843,0.09,191,0.08200757575757577,0.08,264,0.07739884393063584,0.01,346,0.481268115942029,0.48,276,0.47069767441860466,0.44,172,0.6043693693693694,0.71,222,0.7710191082802548,0.99,314
ITAGP25,Italian Grand Prix,ALB,14.0,5.0,0,0,0,11.2,0.0,0.1047619047619047,0,0.01,0.01,2,0.01,0.01,2,0.01,0.01,1,0.01,0.01,6,0.025714285714285717,0.02,7,0.03857142857142857,0.05,14,0.04333333333333333,0.01,6,0.018333333333333333,0.01,6
ITAGP25,Italian Grand Prix,ALO,9.0,19.0,0,0,0,10.6,0.0224719101123595,0.146067415730337,0,0.01,0.01,1,0.01,0.01,1,,,0,0.01,0.01,6,0.02,0.02,7,0.02,0.02,1,0.015,0.02,6,0.02,0.02,3
ITAGP25,Italian Grand Prix,ANT,7.0,10.0,0,0,0,9.0,0.1333333333333333,0.2,0,0.01,0.01,2,0.01,0.01,2,0.01,0.01,7,0.01,0.01,7,0.035833333333333335,0.03,12,0.03625,0.04,8,0.0961111111111111,0.04,18,0.03375,0.01,24
ITAGP25,Italian Grand Prix,ARO,,,0,0,0,10.0,0.0,0.0,0,,,0,,,0,,,0,,,0,,,0,,,0,,,0,,,0
ITAGP25,Italian Grand Prix,BAD,,,0,0,0,10.0,0.0,0.0,0,,,0,,,0,,,0,,,0,,,0,,,0,,,0,,,0
ITAGP25,Italian Grand Prix,BEA,11.0,9.0,0,0,0,14.0,0.0,0.0,0,,,0,0.01,0.01,1,0.01,0.01,1,0.01,0.01,2,,,0,0.01,0.01,2,0.01,0.01,1,0.01,0.01,1
ITAGP25,Italian Grand Prix,BOR,8.0,12.0,0,0,0,14.4,0.0,0.0,0,,,0,0.01,0.01,3,,,0,0.01,0.01,2,,,0,0.01,0.01,2,0.016153846153846154,0.03,13,0.03,0.03,9
ITAGP25,Italian Grand Prix,CAM,,,0,0,0,10.0,0.0,0.0,0,,,0,,,0,,,0,,,0,,,0,,,0,,,0,,,0
ITAGP25,Italian Grand Prix,CHO,,,0,0,0,10.0,0.0,0.0,0,,,0,,,0,,,0,,,0,,,0,,,0,,,0,,,0
ITAGP25,Italian Grand Prix,COL,18.0,15.0,0,0,0,12.25,0.0,0.0,0,,,0,0.01,0.01,2,,,0,0.01,0.01,1,,,0,,,0,,,0,0.01,0.01,1
ITAGP25,Italian Grand Prix,DUN,,,0,0,0,10.0,0.0,0.0,0,,,0,,,0,,,0,,,0,,,0,,,0,,,0,,,0
ITAGP25,Italian Grand Prix,GAS,19.0,14.0,0,0,0,14.5,0.0236220472440944,0.0629921259842519,0,,,0,0.01,0.01,1,,,0,0.01,0.01,1,,,0,0.01,0.01,1,0.01,0.01,2,0.01,0.01,1
ITAGP25,Italian Grand Prix,HAD,16.0,11.0,0,0,0,13.7,0.0,0.0,0,0.01,0.01,3,0.01,0.01,4,0.01,0.01,1,0.01,0.01,2,0.02,0.02,13,0.03428571428571428,0.06,7,0.04727272727272727,0.05,11,0.015,0.01,4
ITAGP25,Italian Grand Prix,HAM,5.0,6.0,0,0,0,7.5,0.2063492063492063,0.5,0,0.02230769230769231,0.02,26,0.03170731707317073,0.04,41,0.024285714285714285,0.01,28,0.01,0.01,26,0.08233333333333333,0.07,60,0.18892307692307692,0.18,65,0.13073684210526315,0.06,95,0.0625974025974026,0.01,77
ITAGP25,Italian Grand Prix,HUL,12.0,,0,0,0,11.0,0.0,0.0140845070422535,0,,,0,0.01,0.01,2,,,0,0.01,0.01,4,0.01,0.01,3,0.01,0.01,1,0.01,0.01,5,0.016666666666666666,0.02,3
ITAGP25,Italian Grand Prix,LAW,20.0,17.0,0,0,0,14.6,0.0,0.0434782608695652,0,,,0,,,0,0.01,0.01,2,0.01,0.01,1,,,0,,,0,0.02,0.02,3,0.01,0.01,1
ITAGP25,Italian Grand Prix,LEC,4.0,4.0,0,0,0,7.4,0.0708661417322834,0.2125984251968504,0,0.0737037037037037,0.08,54,0.13738095238095238,0.13,126,0.11428571428571428,0.05,147,0.04985714285714286,0.01,140,0.40142857142857147,0.39,70,0.5125,0.55,112,0.4974603174603175,0.44,126,0.3078061224489796,0.01,196
ITAGP25,Italian Grand Prix,MAR,,,0,0,0,10.0,0.0,0.0,0,,,0,,,0,,,0,,,0,,,0,,,0,,,0,,,0
ITAGP25,Italian Grand Prix,NOR,2.0,1.0,1,1,0,2.4,0.0787401574803149,0.2204724409448819,0,0.35577235772357724,0.34,123,0.35177304964539,0.34,141,0.36940959409594093,0.38,271,0.2442283950617284,0.01,972,0.7844871794871794,0.78,78,0.7742156862745098,0.76,102,0.7662637362637362,0.82,91,0.8709848484848485,0.99,132
ITAGP25,Italian Grand Prix,OCO,15.0,18.0,0,0,0,13.5,0.0,0.0,0,,,0,0.01,0.01,2,0.01,0.01,1,0.01,0.01,2,,,0,,,0,0.01,0.01,2,0.01,0.01,1
ITAGP25,Italian Grand Prix,PIA,3.0,3.0,0,1,0,2.4,0.1777777777777777,0.3111111111111111,0,0.45430278884462155,0.46,251,0.4377477477477478,0.44,222,0.3368563685636856,0.27,369,0.16700665188470065,0.01,451,0.8533720930232558,0.84,86,0.8346236559139786,0.84,93,0.7813913043478261,0.77,115,0.8251020408163265,0.99,147
ITAGP25,Italian Grand Prix,RUS,6.0,8.0,0,0,0,5.8,0.0708661417322834,0.1496062992125984,0,0.03259259259259259,0.04,27,0.026666666666666665,0.01,12,0.0828125,0.02,32,0.0128125,0.01,32,0.2976595744680851,0.32,47,0.25861538461538464,0.25,65,0.18936170212765957,0.15,47,0.13221052631578947,0.01,95
ITAGP25,Italian Grand Prix,SAI,13.0,7.0,0,0,0,7.9,0.0236220472440944,0.1417322834645669,0,0.01,0.01,3,0.01,0.01,7,0.01,0.01,4,0.01,0.01,3,0.013333333333333332,0.01,3,0.05642857142857143,0.06,28,0.05,0.04,16,0.01,0.01,1
ITAGP25,Italian Grand Prix,STR,17.0,13.0,0,0,0,12.3,0.0,0.0238095238095238,0,0.01,0.01,2,0.01,0.01,1,,,0,0.01,0.01,2,,,0,,,0,,,0,0.02,0.02,2
ITAGP25,Italian Grand Prix,TSU,10.0,16.0,0,0,0,13.3,0.0112359550561797,0.0337078651685393,0,,,0,0.01,0.01,2,,,0,0.01,0.01,2,0.01,0.01,2,0.01,0.01,4,0.011666666666666667,0.02,6,0.02,0.02,1
ITAGP25,Italian Grand Prix,VER,1.0,2.0,0,1,1,4.4,0.2362204724409448,0.5590551181102362,0,0.1030952380952381,0.11,126,0.09948717948717949,0.08,78,0.294937106918239,0.32,318,0.6281818181818182,0.99,1342,0.5635164835164835,0.53,91,0.465754716981132,0.41,106,0.680431654676259,0.76,139,0.8240350877192982,0.99,171
ITAGP25,Italian Grand Prix,VOI,,,0,0,0,10.0,0.0,0.0,0,,,0,,,0,,,0,,,0,,,0,,,0,,,0,,,0
AZEGP25,Azerbaijan Grand Prix,ALB,20.0,7.0,0,0,0,11.1,0.0,0.1037735849056603,1,0.01,0.01,3,0.01,0.01,4,0.01,0.01,1,0.01,0.01,1,0.03571428571428572,0.03,7,0.03,0.03,6,0.025,0.04,6,0.023333333333333334,0.01,3
AZEGP25,Azerbaijan Grand Prix,ALO,12.0,15.0,0,0,0,11.0,0.0222222222222222,0.1444444444444444,1,0.01,0.01,4,0.01,0.01,5,0.01,0.01,1,0.01,0.01,2,0.05,0.05,3,0.044000000000000004,0.02,5,0.025,0.04,4,0.1,0.1,1
AZEGP25,Azerbaijan Grand Prix,ANT,6.0,6.0,0,0,0,9.5,0.125,0.1875,1,0.01,0.01,5,0.01,0.01,6,0.010909090909090908,0.01,22,0.02066666666666667,0.01,15,0.0675,0.07,4,0.042,0.05,5,0.10054545454545455,0.08,55,0.19455555555555556,0.01,90
AZEGP25,Azerbaijan Grand Prix,BEA,15.0,10.0,0,0,0,13.0,0.0,0.0,1,,,0,,,0,0.01,0.01,2,0.01,0.01,2,,,0,0.01,0.01,1,0.01,0.01,2,0.01,0.01,3
AZEGP25,Azerbaijan Grand Prix,BOR,14.0,14.0,0,0,0,13.8,0.0,0.0,1,,,0,,,0,0.01,0.01,1,0.01,0.01,1,,,0,,,0,0.02,0.02,4,0.02,0.02,5
AZEGP25,Azerbaijan Grand Prix,COL,16.0,19.0,0,0,0,12.555555555555555,0.0,0.0,1,,,0,,,0,0.01,0.01,1,0.01,0.01,2,,,0,,,0,,,0,0.01,0.01,1
AZEGP25,Azerbaijan Grand Prix,GAS,19.0,18.0,0,0,0,14.5,0.0234375,0.0625,1,,,0,,,0,0.01,0.01,3,0.01,0.01,1,,,0,0.01,0.01,1,0.01,0.01,1,0.01,0.01,1
AZEGP25,Azerbaijan Grand Prix,HAD,9.0,3.0,0,1,0,13.7,0.0,0.0,1,0.01,0.01,2,0.01,0.01,3,0.01,0.01,4,0.01,0.01,1,0.22692307692307692,0.03,13,0.03166666666666666,0.03,6,0.12,0.04,11,0.096,0.08,5
AZEGP25,Azerbaijan Grand Prix,HAM,11.0,5.0,0,0,0,7.4,0.2047244094488189,0.4960629921259842,1,0.031481481481481485,0.03,27,0.09933333333333333,0.07,105,0.06666666666666667,0.02,57,0.019230769230769232,0.01,13,0.14333333333333334,0.16,36,0.218,0.28,75,0.21283783783783783,0.12,74,0.09571428571428571,0.04,28
AZEGP25,Azerbaijan Grand Prix,HUL,17.0,11.0,0,0,0,11.0,0.0,0.0138888888888888,1,,,0,,,0,0.01,0.01,1,0.01,0.01,1,,,0,0.01,0.01,1,0.01,0.01,1,0.01,0.01,2
AZEGP25,Azerbaijan Grand Prix,LAW,7.0,13.0,0,0,0,15.3,0.0,0.0416666666666666,1,0.01,0.01,1,0.01,0.01,1,0.01,0.01,29,0.01,0.01,13,0.01,0.01,1,0.01,0.01,2,0.05584905660377358,0.07,53,0.08454545454545455,0.01,33
AZEGP25,Azerbaijan Grand Prix,LEC,5.0,9.0,0,0,0,7.4,0.0703125,0.2109375,1,0.08199999999999999,0.1,100,0.13048192771084338,0.16,83,0.10087591240875912,0.03,137,0.028823529411764706,0.01,17,0.5211111111111112,0.53,72,0.5742857142857143,0.59,56,0.27188235294117646,0.15,85,0.1505,0.1,20
AZEGP25,Azerbaijan Grand Prix,NOR,2.0,8.0,0,0,0,2.4,0.0859375,0.2265625,1,0.3151875,0.31,160,0.28181818181818186,0.28,154,0.21167095115681234,0.12,389,0.13012422360248446,0.01,161,0.7616438356164383,0.8,73,0.7714666666666666,0.75,75,0.7204375000000001,0.7,160,0.49490322580645163,0.01,155
AZEGP25,Azerbaijan Grand Prix,OCO,18.0,17.0,0,0,0,14.0,0.0,0.0,1,,,0,,,0,0.01,0.01,2,0.01,0.01,2,0.01,0.01,1,0.01,0.01,2,0.01,0.01,4,0.03,0.03,1
AZEGP25,Azerbaijan Grand Prix,PIA,3.0,,0,0,0,2.5,0.1739130434782608,0.3260869565217391,1,0.3697560975609756,0.4,369,0.35215846994535516,0.31,366,0.17791666666666667,0.09,408,0.09035971223021583,0.01,139,0.8281000000000001,0.83,100,0.7676000000000001,0.72,125,0.5484169884169884,0.55,259,0.5341818181818182,0.01,110
AZEGP25,Azerbaijan Grand Prix,RUS,4.0,2.0,0,1,0,6.3,0.0703125,0.1484375,1,0.0325,0.04,28,0.03321428571428572,0.02,28,0.04078947368421052,0.05,38,0.03245283018867925,0.01,53,0.26,0.22,42,0.2224242424242424,0.21,33,0.31875,0.36,88,0.5847706422018348,0.99,109
AZEGP25,Azerbaijan Grand Prix,SAI,8.0,4.0,0,0,0,8.0,0.0234375,0.140625,1,0.01,0.01,2,0.01,0.01,3,0.041020408163265305,0.04,98,0.047228915662650604,0.01,83,0.028333333333333335,0.04,6,0.03,0.03,7,0.18771428571428572,0.17,140,0.46093896713615023,0.99,213
AZEGP25,Azerbaijan Grand Prix,STR,13.0,16.0,0,0,0,12.8,0.0,0.0236220472440944,1,,,0,0.01,0.01,2,0.01,0.01,1,0.01,0.01,1,0.01,0.01,1,,,0,0.01,0.01,2,0.01,0.01,1
AZEGP25,Azerbaijan Grand Prix,TSU,10.0,12.0,0,0,0,13.9,0.0111111111111111,0.0333333333333333,1,0.01,0.01,2,0.01,0.01,1,0.01,0.01,3,0.01,0.01,2,0.013333333333333332,0.02,3,0.015,0.01,2,0.05125,0.04,8,0.085,0.1,18
AZEGP25,Azerbaijan Grand Prix,VER,1.0,1.0,1,1,1,4.2,0.234375,0.5625,1,0.1826392961876833,0.19,341,0.1766826923076923,0.17,208,0.5379648609077599,0.71,683,0.7542372881355932,0.99,413,0.6885882352941176,0.7,85,0.6575555555555556,0.62,90,0.8306338028169015,0.88,142,0.86625,0.97,104
SINGP25,Singapore Grand Prix,ALB,12.0,9.0,0,0,0,11.5,0.0,0.102803738317757,1,0.01,0.01,2,0.01,0.01,4,0.01,0.01,3,0.01,0.01,12,0.029545454545454545,0.03,22,0.03,0.03,8,0.025,0.03,4,0.03,0.03,1
SINGP25,Singapore Grand Prix,ALO,10.0,13.0,0,0,0,11.4,0.0219780219780219,0.1428571428571428,1,0.01,0.01,4,0.017826086956521738,0.03,23,0.027999999999999997,0.01,10,0.01,0.01,4,0.03,0.03,4,0.1332727272727273,0.16,55,0.11153846153846153,0.03,65,0.036000000000000004,0.04,10
SINGP25,Singapore Grand Prix,ANT,4.0,4.0,0,0,0,9.2,0.1176470588235294,0.1764705882352941,1,0.01,0.01,8,0.01,0.01,2,0.011025641025641027,0.02,39,0.020588235294117643,0.01,51,0.056315789473684215,0.06,19,0.04666666666666667,0.04,6,0.20234693877551022,0.19,98,0.1641772151898734,0.01,79
SINGP25,Singapore Grand Prix,BEA,9.0,15.0,0,0,0,13.2,0.0,0.0,1,0.01,0.01,2,0.01,0.01,1,0.01,0.01,1,0.01,0.01,3,0.03,0.03,1,,,0,0.03,0.03,3,0.04,0.03,2
SINGP25,Singapore Grand Prix,BOR,16.0,19.0,0,0,0,13.3,0.0,0.0,1,0.01,0.01,2,0.01,0.01,1,0.01,0.01,1,0.01,0.01,6,0.03,0.03,5,0.03,0.03,1,0.0275,0.02,4,0.025,0.03,2
SINGP25,Singapore Grand Prix,COL,18.0,20.0,0,0,0,13.2,0.0,0.0,1,0.01,0.01,2,0.01,0.01,1,0.01,0.01,1,0.01,0.01,2,0.02,0.02,1,,,0,,,0,0.02,0.02,1
SINGP25,Singapore Grand Prix,GAS,20.0,2.0,0,1,0,14.9,0.0232558139534883,0.0620155038759689,1,0.01,0.01,1,0.01,0.01,1,0.01,0.01,1,0.01,0.01,2,0.02,0.02,1,,,0,0.02,0.02,2,0.02,0.02,1
SINGP25,Singapore Grand Prix,HAD,8.0,18.0,0,0,0,13.3,0.0,0.0526315789473684,1,0.01,0.01,1,0.01,0.01,2,0.01,0.01,9,0.01,0.01,4,0.03272727272727273,0.03,11,0.036000000000000004,0.04,20,0.07966666666666666,0.05,30,0.04,0.01,23
SINGP25,Singapore Grand Prix,HAM,6.0,1.0,1,1,0,7.7,0.203125,0.4921875,1,0.028405797101449276,0.04,69,0.040769230769230766,0.03,26,0.026857142857142854,0.03,70,0.019846153846153847,0.01,65,0.13065420560747662,0.14,107,0.1362962962962963,0.13,54,0.07074626865671642,0.06,67,0.06020833333333333,0.01,48
SINGP25,Singapore Grand Prix,HUL,11.0,5.0,0,0,0,10.9,0.0,0.0136986301369863,1,0.01,0.01,1,0.01,0.01,3,0.01,0.01,1,0.01,0.01,5,0.03,0.03,4,0.04,0.04,2,0.018000000000000002,0.03,5,0.03,0.03,1
SINGP25,Singapore Grand Prix,LAW,14.0,8.0,0,0,0,14.9,0.0,0.04,1,0.01,0.01,2,0.01,0.01,1,0.01,0.01,1,0.01,0.01,3,,,0,,,0,,,0,0.03,0.03,4
SINGP25,Singapore Grand Prix,LEC,7.0,14.0,0,0,0,7.7,0.0697674418604651,0.2093023255813953,1,0.07140845070422536,0.07,71,0.061612903225806454,0.05,31,0.03278688524590164,0.01,61,0.01,0.01,19,0.3919402985074627,0.41,67,0.41088888888888886,0.32,45,0.15717391304347827,0.06,46,0.06352941176470588,0.01,51
SINGP25,Singapore Grand Prix,NOR,5.0,7.0,0,0,0,2.8,0.0852713178294573,0.2248062015503876,1,0.3212252964426877,0.32,253,0.32482142857142854,0.32,112,0.18098639455782312,0.06,294,0.06605683836589699,0.01,563,0.7453061224489795,0.74,147,0.6983076923076923,0.65,65,0.4951145038167939,0.42,131,0.5425824175824175,0.99,182
SINGP25,Singapore Grand Prix,OCO,19.0,16.0,0,0,0,13.7,0.0,0.0,1,0.01,0.01,1,0.01,0.01,1,0.01,0.01,1,0.01,0.01,3,0.03,0.03,1,0.07833333333333332,0.03,6,0.025,0.02,4,0.01,0.01,1
SINGP25,Singapore Grand Prix,PIA,3.0,6.0,0,0,0,2.5,0.1702127659574468,0.3191489361702128,1,0.2894759825327511,0.29,229,0.3152258064516129,0.32,155,0.20386934673366836,0.15,398,0.13336384439359267,0.01,437,0.7458219178082192,0.75,146,0.7235714285714286,0.68,70,0.6969852941176471,0.69,136,0.46255102040816326,0.01,196
SINGP25,Singapore Grand Prix,RUS,1.0,11.0,0,0,1,5.6,0.0697674418604651,0.1550387596899224,1,0.04037735849056604,0.04,53,0.03176470588235294,0.03,17,0.31783269961977184,0.35,263,0.6886893203883495,0.99,1030,0.2498780487804878,0.23,82,0.21863636363636363,0.19,22,0.6419491525423728,0.77,118,0.8048305084745764,0.99,118
SINGP25,Singapore Grand Prix,SAI,13.0,3.0,0,1,0,7.6,0.0232558139534883,0.1395348837209302,1,0.01,0.01,11,0.01,0.01,4,0.01,0.01,6,0.01,0.01,4,0.03261904761904762,0.03,42,0.045294117647058825,0.03,17,0.0725,0.03,20,0.03,0.03,2
SINGP25,Singapore Grand Prix,STR,17.0,12.0,0,0,0,12.8,0.0,0.0234375,1,0.01,0.01,2,,,0,,,0,0.01,0.01,2,,,0,0.03,0.03,1,0.02857142857142857,0.03,7,0.02,0.01,3
SINGP25,Singapore Grand Prix,TSU,15.0,17.0,0,0,0,13.9,0.0109890109890109,0.0329670329670329,1,0.01,0.01,3,0.01,0.01,2,0.01,0.01,2,0.01,0.01,5,0.033,0.03,10,,,0,0.0275,0.03,4,0.03,0.03,3
SINGP25,Singapore Grand Prix,VER,2.0,10.0,0,0,0,3.8,0.2403100775193798,0.5658914728682171,1,0.2767943548387097,0.27,496,0.257707182320442,0.28,362,0.46063063063063064,0.45,1221,0.2748369230769231,0.01,1625,0.6906842105263158,0.7,190,0.6696296296296296,0.66,108,0.7657711442786069,0.81,201,0.818456375838926,0.99,298
UNISGP25,United States Grand Prix,ALB,15.0,7.0,0,0,0,11.5,0.0,0.1018518518518518,0,0.011428571428571429,0.01,7,0.01,0.01,1,0.01,0.01,8,0.01,0.01,1,0.046,0.03,5,0.0375,0.06,4,0.03666666666666667,0.02,6,0.04166666666666667,0.03,12
UNISGP25,United States Grand Prix,ALO,10.0,12.0,0,0,0,10.9,0.0217391304347826,0.1413043478260869,0,0.075,0.01,10,0.01,0.01,3,0.01,0.01,1,0.01,0.01,4,0.04,0.05,12,0.03230769230769231,0.03,13,0.0225,0.02,4,0.034,0.04,5
UNISGP25,United States Grand Prix,ANT,6.0,1.0,1,1,0,7.8,0.1111111111111111,0.1666666666666666,0,0.014166666666666668,0.01,12,0.01,0.01,3,0.01,0.01,4,0.01,0.01,16,0.08297297297297296,0.1,37,0.0788888888888889,0.07,9,0.17125,0.21,8,0.0475,0.05,24
UNISGP25,United States Grand Prix,BEA,9.0,16.0,0,0,0,13.7,0.0,0.0,0,0.0125,0.01,4,,,0,0.01,0.01,2,0.01,0.01,7,0.03,0.03,1,0.01,0.01,2,0.04625,0.1,8,0.042,0.03,10
UNISGP25,United States Grand Prix,BOR,18.0,6.0,0,0,0,14.0,0.0,0.0,0,0.01,0.01,2,,,0,,,0,0.01,0.01,4,,,0,0.01,0.01,3,,,0,0.01,0.01,2
UNISGP25,United States Grand Prix,COL,17.0,17.0,0,0,0,13.9,0.0,0.0,0,0.0125,0.01,4,,,0,0.01,0.01,1,0.01,0.01,3,0.025,0.03,2,,,0,0.01,0.01,1,0.01,0.01,2
UNISGP25,United States Grand Prix,GAS,14.0,19.0,0,0,0,13.1,0.023076923076923,0.0692307692307692,0,0.013333333333333332,0.01,3,0.01,0.01,1,,,0,0.01,0.01,4,0.02,0.02,1,,,0,0.01,0.01,4,0.01,0.01,1
UNISGP25,United States Grand Prix,HAD,,11.0,0,0,0,13.2,0.0,0.05,0,0.013333333333333332,0.01,3,,,0,0.01,0.01,1,0.01,0.01,3,0.04,0.02,25,0.025,0.02,8,0.03,0.11,6,0.045,0.04,4
UNISGP25,United States Grand Prix,HAM,5.0,8.0,0,0,0,7.1,0.2093023255813953,0.4961240310077519,0,0.02343283582089552,0.04,67,0.03558139534883721,0.03,43,0.02342857142857143,0.02,35,0.020625,0.01,80,0.15535714285714286,0.12,140,0.15259259259259259,0.18,81,0.1956768558951965,0.01,229,0.01,0.01,1
UNISGP25,United States Grand Prix,HUL,11.0,9.0,0,0,0,9.9,0.0,0.0135135135135135,0,0.011428571428571429,0.01,7,0.01,0.01,1,0.01,0.01,7,0.01,0.01,7,0.03,0.03,1,0.03225806451612903,0.04,31,0.03878048780487805,0.12,41,0.03909090909090909,0.04,11
UNISGP25,United States Grand Prix,LAW,12.0,14.0,0,0,0,14.1,0.0,0.0384615384615384,0,0.013333333333333332,0.01,3,0.01,0.01,1,,,0,0.01,0.01,5,0.03,0.03,1,0.02,0.01,2,,,0,0.04333333333333333,0.04,3
UNISGP25,United States Grand Prix,LEC,3.0,5.0,0,0,0,8.5,0.0692307692307692,0.2076923076923077,0,0.05311688311688312,0.06,77,0.04054054054054054,0.03,37,0.05347222222222223,0.05,144,0.05660516605166052,0.04,271,0.29027972027972027,0.13,143,0.2590789473684211,0.38,76,0.5851419558359621,0.99,317,0.99,0.99,1
UNISGP25,United States Grand Prix,NOR,2.0,2.0,0,1,0,3.4,0.0846153846153846,0.2230769230769231,0,0.28425,0.27,120,0.2891954022988506,0.3,87,0.3017391304347826,0.32,253,0.22281954887218045,0.01,532,0.708529411764706,0.75,102,0.755242718446602,0.77,103,0.8132986111111111,0.99,288,0.99,0.99,1
UNISGP25,United States Grand Prix,OCO,19.0,18.0,0,0,0,13.9,0.0,0.0,0,0.013333333333333332,0.01,3,0.01,0.01,1,0.01,0.01,1,0.01,0.01,3,0.03,0.03,1,0.01,0.01,1,,,0,0.01,0.01,1
UNISGP25,United States Grand Prix,PIA,7.0,10.0,0,0,0,2.6,0.1666666666666666,0.3125,0,0.288356940509915,0.26,353,0.17888217522658612,0.05,331,0.04996376811594203,0.01,276,0.01,0.01,1,0.6942148760330579,0.79,121,0.5826923076923076,0.34,130,0.3802024291497975,0.01,247,0.01,0.01,1
UNISGP25,United States Grand Prix,RUS,4.0,4.0,0,0,0,6.5,0.0692307692307692,0.1538461538461538,0,0.06514563106796117,0.07,103,0.06407407407407407,0.06,54,0.051504424778761056,0.05,113,0.045294117647058825,0.01,153,0.37546875,0.36,64,0.3089010989010989,0.29,91,0.32129411764705884,0.43,170,0.46308755760368664,0.07,217
UNISGP25,United States Grand Prix,SAI,8.0,20.0,0,0,0,6.9,0.023076923076923,0.1461538461538461,0,0.010833333333333332,0.01,12,0.01,0.01,4,0.01,0.01,7,0.01,0.01,14,0.04295454545454546,0.05,44,0.025,0.03,16,0.06235294117647059,0.1,34,0.04675675675675675,0.01,37
UNISGP25,United States Grand Prix,STR,16.0,15.0,0,0,0,12.3,0.0,0.0232558139534883,0,0.013333333333333332,0.01,3,0.01,0.01,1,,,0,0.01,0.01,3,0.025,0.03,2,,,0,,,0,0.01,0.01,2
UNISGP25,United States Grand Prix,TSU,13.0,13.0,0,0,0,14.3,0.0108695652173913,0.0326086956521739,0,0.012,0.01,5,0.01,0.01,3,0.01,0.01,1,0.01,0.01,6,0.035,0.03,6,,,0,0.042,0.02,5,0.06,0.11,8
UNISGP25,United States Grand Prix,VER,1.0,3.0,0,1,1,4.7,0.2384615384615384,0.5615384615384615,0,0.3384151472650771,0.4,713,0.47995321637426896,0.63,855,0.7383022170361727,0.99,1714,0.99,0.99,14,0.7194779116465864,0.77,249,0.8166187050359713,0.77,139,0.8731192660550459,0.99,218,0.99,0.99,7
GRAPDM25,Mexico City Grand Prix,ALB,17.0,4.0,0,0,0,10.3,0.0,0.1009174311926605,0,0.01,0.01,4,0.01,0.01,2,0.01,0.01,1,0.01,0.01,5,0.07,0.07,2,0.05,0.05,2,0.04,0.04,4,0.04,0.04,1
GRAPDM25,Mexico City Grand Prix,ALO,15.0,15.0,0,0,0,11.0,0.021505376344086,0.1397849462365591,0,0.01,0.01,10,0.01,0.01,2,0.01,0.01,4,0.01,0.01,5,0.065,0.06,4,0.06,0.06,2,0.0525,0.04,4,0.025,0.04,2
GRAPDM25,Mexico City Grand Prix,ANT,6.0,9.0,0,0,0,7.6,0.1578947368421052,0.2105263157894736,0,0.016666666666666666,0.01,15,0.01,0.01,4,0.013191489361702127,0.02,47,0.01,0.01,17,0.06666666666666667,0.06,6,0.07066666666666667,0.19,15,0.08789473684210526,0.05,38,0.10829787234042554,0.07,47
GRAPDM25,Mexico City Grand Prix,ARO,,,0,0,0,10.0,0.0,0.0,0,,,0,,,0,,,0,,,0,,,0,,,0,,,0,,,0
GRAPDM25,Mexico City Grand Prix,BEA,10.0,7.0,0,0,0,13.7,0.0,0.0,0,0.01,0.01,1,0.01,0.01,2,,,0,0.01,0.01,8,,,0,0.04,0.04,1,0.04642857142857143,0.05,14,0.4062527233115468,0.04,459
GRAPDM25,Mexico City Grand Prix,BOR,16.0,11.0,0,0,0,13.3,0.0,0.0,0,0.01,0.01,1,0.01,0.01,1,,,0,0.01,0.01,2,,,0,0.035,0.04,2,,,0,0.025,0.04,2
GRAPDM25,Mexico City Grand Prix,BRO,,,0,0,0,10.0,0.0,0.0,0,,,0,,,0,,,0,,,0,,,0,,,0,,,0,,,0
GRAPDM25,Mexico City Grand Prix,COL,20.0,12.0,0,0,0,14.0,0.0,0.0,0,0.01,0.01,1,0.01,0.01,1,,,0,0.01,0.01,2,,,0,,,0,0.04,0.04,1,0.01,0.01,1
GRAPDM25,Mexico City Grand Prix,CRA,,,0,0,0,10.0,0.0,0.0,0,,,0,,,0,,,0,,,0,,,0,,,0,,,0,,,0
GRAPDM25,Mexico City Grand Prix,FUO,,,0,0,0,10.0,0.0,0.0,0,,,0,,,0,,,0,,,0,,,0,,,0,,,0,,,0
GRAPDM25,Mexico City Grand Prix,GAS,18.0,18.0,0,0,0,14.1,0.0229007633587786,0.0687022900763358,0,0.01,0.01,2,0.01,0.01,1,,,0,0.01,0.01,2,,,0,,,0,0.04,0.04,1,0.01,0.01,1
GRAPDM25,Mexico City Grand Prix,HAD,9.0,16.0,0,0,0,13.5,0.0,0.0476190476190476,0,0.01,0.01,4,0.01,0.01,2,0.01,0.01,3,0.01,0.01,4,0.065,0.06,2,0.055,0.05,2,0.12842105263157896,0.05,19,0.0425,0.04,4
GRAPDM25,Mexico City Grand Prix,HAM,3.0,6.0,0,0,0,7.2,0.2076923076923077,0.4923076923076923,0,0.02808988764044944,0.04,89,0.02909090909090909,0.03,33,0.05859259259259259,0.06,135,0.06943231441048035,0.01,458,0.15823529411764706,0.15,68,0.32285714285714284,0.44,119,0.40670542635658913,0.01,258,0.01,0.01,1
GRAPDM25,Mexico City Grand Prix,HIR,,,0,0,0,10.0,0.0,0.0,0,,,0,,,0,,,0,,,0,,,0,,,0,,,0,,,0
GRAPDM25,Mexico City Grand Prix,HUL,14.0,19.0,0,0,0,9.3,0.0,0.0133333333333333,0,0.01,0.01,2,0.01,0.01,1,0.01,0.01,1,0.01,0.01,2,0.04,0.04,1,0.03,0.03,3,0.04,0.04,2,0.023333333333333334,0.04,3
GRAPDM25,Mexico City Grand Prix,IWA,,,0,0,0,10.0,0.0,0.0,0,,,0,,,0,,,0,,,0,,,0,,,0,,,0,,,0
GRAPDM25,Mexico City Grand Prix,LAW,13.0,20.0,0,0,0,13.8,0.0,0.037037037037037,0,0.01,0.01,2,0.01,0.01,3,,,0,0.01,0.01,2,,,0,,,0,0.06,0.06,1,0.015,0.02,2
GRAPDM25,Mexico City Grand Prix,LEC,2.0,14.0,0,0,0,8.5,0.0687022900763358,0.2061068702290076,0,0.03804597701149425,0.04,87,0.04653846153846154,0.07,52,0.11983870967741936,0.16,248,0.14563934426229508,0.01,610,0.3970238095238095,0.53,84,0.55125,0.72,136,0.7542448979591836,0.99,245,0.99,0.99,1
GRAPDM25,Mexico City Grand Prix,LIN,,,0,0,0,10.0,0.0,0.0,0,,,0,,,0,,,0,,,0,,,0,,,0,,,0,,,0
GRAPDM25,Mexico City Grand Prix,NOR,1.0,8.0,0,0,1,3.4,0.0839694656488549,0.2290076335877862,0,0.2815521628498728,0.23,393,0.5138011695906433,0.69,513,0.7297670549084859,0.99,1202,0.99,0.99,2,0.7067857142857144,0.55,112,0.8041904761904761,0.88,105,0.8757070707070708,0.99,198,0.99,0.99,2
GRAPDM25,Mexico City Grand Prix,OCO,12.0,17.0,0,0,0,14.2,0.0,0.0,0,0.01,0.01,2,,,0,,,0,0.01,0.01,2,0.05,0.05,1,0.04,0.04,1,0.04,0.04,1,0.025,0.04,2
GRAPDM25,Mexico City Grand Prix,OWA,,,0,0,0,10.0,0.0,0.0,0,,,0,,,0,,,0,,,0,,,0,,,0,,,0,,,0
GRAPDM25,Mexico City Grand Prix,PIA,8.0,3.0,0,1,0,3.2,0.1632653061224489,0.3061224489795918,0,0.21352713178294574,0.22,258,0.20584745762711865,0.17,118,0.09935691318327974,0.04,311,0.024813084112149535,0.01,214,0.614,0.57,85,0.5952380952380952,0.57,63,0.39306451612903226,0.22,186,0.15406113537117905,0.01,229
GRAPDM25,Mexico City Grand Prix,RUS,4.0,1.0,1,1,0,6.5,0.0687022900763358,0.1526717557251908,0,0.06411764705882353,0.07,68,0.0635,0.08,20,0.04130841121495327,0.03,107,0.026620689655172412,0.01,145,0.43,0.44,29,0.4168421052631579,0.38,19,0.2792941176470588,0.32,85,0.2531698113207547,0.01,265
GRAPDM25,Mexico City Grand Prix,SAI,7.0,2.0,0,1,0,8.4,0.0229007633587786,0.1450381679389313,0,0.01,0.01,19,0.01,0.01,4,0.01,0.01,8,0.01,0.01,11,0.0632,0.06,25,0.0675,0.07,20,0.13484375,0.05,64,0.030476190476190476,0.05,21
GRAPDM25,Mexico City Grand Prix,STR,19.0,5.0,0,0,0,12.7,0.0,0.023076923076923,0,0.01,0.01,3,0.01,0.01,2,,,0,0.01,0.01,2,,,0,,,0,,,0,0.025,0.04,2
GRAPDM25,Mexico City Grand Prix,TSU,11.0,13.0,0,0,0,14.6,0.010752688172043,0.032258064516129,0,0.01,0.01,4,0.01,0.01,3,,,0,0.01,0.01,2,0.07,0.07,2,0.06,0.06,1,0.055,0.05,2,0.015,0.02,4
GRAPDM25,Mexico City Grand Prix,VER,5.0,10.0,0,0,0,4.2,0.2366412213740458,0.5648854961832062,0,0.472337870296237,0.47,1249,0.4902127659574468,0.59,470,0.39103448275862074,0.13,1131,0.11855227882037533,0.01,1492,0.8406756756756757,0.85,148,0.6655172413793103,0.62,145,0.5564935064935065,0.99,924,0.99,0.99,4
GRAPDM25,Mexico City Grand Prix,VES,,,0,0,0,10.0,0.0,0.0,0,,,0,,,0,,,0,,,0,,,0,,,0,,,0,,,0
SAOPGP25,São Paulo Grand Prix,ALB,14.0,1.0,1,1,0,8.9,0.0,0.1,0,0.01,0.01,3,0.01,0.01,2,0.01,0.01,2,0.01,0.01,4,0.054000000000000006,0.06,5,,,0,,,0,0.06,0.06,2
SAOPGP25,São Paulo Grand Prix,ALO,11.0,10.0,0,0,0,11.3,0.0212765957446808,0.1382978723404255,0,0.01,0.01,1,0.01,0.01,2,0.01,0.01,4,0.01,0.01,1,0.06,0.06,2,0.06952380952380953,0.1,21,0.08285714285714287,0.04,7,0.0325,0.01,4
SAOPGP25,São Paulo Grand Prix,ANT,2.0,9.0,0,0,0,7.3,0.15,0.2,0,0.03,0.03,1,0.01875,0.02,8,0.07716981132075472,0.08,106,0.07866412213740458,0.01,262,0.10166666666666666,0.09,6,0.1288235294117647,0.12,34,0.4191304347826087,0.49,138,0.6453846153846153,0.99,325
SAOPGP25,São Paulo Grand Prix,BEA,3.0,13.0,0,0,0,12.9,0.0,0.0,0,0.01,0.01,2,0.01,0.01,1,0.0385,0.01,40,0.01,0.01,6,0.05,0.05,2,0.05,0.05,3,0.17370967741935484,0.05,62,0.041363636363636366,0.07,22
SAOPGP25,São Paulo Grand Prix,BOR,,,0,0,0,12.8,0.0,0.0,0,0.01,0.01,1,0.01,0.01,1,0.01,0.01,2,0.01,0.01,1,0.07,0.07,1,0.07,0.07,1,0.07,0.07,1,0.07,0.07,3
SAOPGP25,São Paulo Grand Prix,COL,18.0,5.0,0,0,0,13.8,0.0,0.0,0,,,0,,,0,,,0,,,0,,,0,,,0,0.03,0.03,1,0.01,0.01,1
SAOPGP25,São Paulo Grand Prix,GAS,6.0,16.0,0,0,0,14.8,0.0227272727272727,0.0681818181818181,0,0.01,0.01,1,0.01,0.01,1,0.01,0.01,1,0.01,0.01,1,0.03333333333333333,0.04,3,,,0,0.06928571428571428,0.08,14,0.04,0.01,10
SAOPGP25,São Paulo Grand Prix,HAD,8.0,15.0,0,0,0,13.2,0.0,0.0454545454545454,0,0.01,0.01,1,,,0,0.01,0.01,3,0.01,0.01,9,0.04333333333333333,0.03,6,0.05,0.05,3,0.07307692307692308,0.1,13,0.09021739130434783,0.07,46
SAOPGP25,São Paulo Grand Prix,HAM,12.0,17.0,0,0,0,6.9,0.2061068702290076,0.4885496183206106,0,0.04,0.04,26,0.038,0.04,10,0.018333333333333333,0.01,18,0.01,0.01,7,0.19943396226415092,0.17,53,0.18151515151515152,0.08,33,0.095,0.09,16,0.04611111111111111,0.03,18
SAOPGP25,São Paulo Grand Prix,HUL,10.0,11.0,0,0,0,10.6,0.0,0.0131578947368421,0,0.01,0.01,3,0.01,0.01,4,0.01,0.01,1,0.01,0.01,2,0.04,0.04,2,0.03666666666666667,0.03,3,0.02,0.02,1,0.0175,0.03,4
SAOPGP25,São Paulo Grand Prix,LAW,9.0,18.0,0,0,0,14.0,0.0,0.0357142857142857,0,,,0,0.01,0.01,1,,,0,0.01,0.01,2,0.05,0.05,1,,,0,0.05,0.05,1,0.0425,0.01,4
SAOPGP25,São Paulo Grand Prix,LEC,4.0,19.0,0,0,0,9.5,0.0681818181818181,0.2045454545454545,0,0.06033333333333333,0.06,30,0.04833333333333333,0.03,12,0.05626506024096385,0.04,83,0.042203389830508475,0.01,118,0.38,0.39,33,0.3085,0.15,40,0.35453125,0.44,64,0.44730158730158726,0.01,126
SAOPGP25,São Paulo Grand Prix,NOR,1.0,6.0,0,0,1,4.0,0.0833333333333333,0.2272727272727272,0,0.3587179487179487,0.35,117,0.3754109589041096,0.43,146,0.5670232558139535,0.73,430,0.810759368836292,0.99,1014,0.76484375,0.77,64,0.7846153846153847,0.79,39,0.86015625,0.87,64,0.8965584415584416,0.98,154
SAOPGP25,São Paulo Grand Prix,OCO,17.0,12.0,0,0,0,15.1,0.0,0.0,0,,,0,,,0,,,0,0.01,0.01,1,,,0,,,0,,,0,0.04,0.04,1
SAOPGP25,São Paulo Grand Prix,PIA,5.0,3.0,0,1,0,3.4,0.16,0.32,0,0.2004819277108434,0.2,83,0.21916666666666668,0.2,84,0.18792792792792792,0.09,222,0.11973421926910299,0.01,301,0.537,0.49,80,0.5323300970873787,0.62,103,0.6036879432624114,0.76,141,0.48065753424657537,0.01,365
SAOPGP25,São Paulo Grand Prix,RUS,7.0,8.0,0,0,0,6.5,0.0757575757575757,0.1590909090909091,0,0.040999999999999995,0.05,40,0.053030303030303025,0.04,33,0.08091743119266055,0.03,109,0.02150943396226415,0.01,53,0.3592105263157894,0.33,38,0.36725,0.37,40,0.3476190476190476,0.2,63,0.28775229357798165,0.09,218
SAOPGP25,São Paulo Grand Prix,SAI,15.0,14.0,0,0,0,6.9,0.0227272727272727,0.1515151515151515,0,0.01,0.01,3,0.01,0.01,1,,,0,0.01,0.01,1,0.05666666666666667,0.06,9,0.05833333333333333,0.06,6,0.05,0.05,1,0.035,0.03,2
SAOPGP25,São Paulo Grand Prix,STR,13.0,7.0,0,0,0,12.2,0.0,0.0229007633587786,0,0.01,0.01,1,0.01,0.01,2,,,0,0.01,0.01,1,0.04,0.04,1,0.03666666666666667,0.04,12,0.01,0.01,1,0.03,0.04,3
SAOPGP25,São Paulo Grand Prix,TSU,19.0,4.0,0,0,0,14.6,0.0106382978723404,0.0319148936170212,0,0.01,0.01,1,,,0,,,0,0.01,0.01,1,,,0,0.07,0.07,1,,,0,0.07333333333333333,0.08,3
SAOPGP25,São Paulo Grand Prix,VER,16.0,2.0,0,1,0,4.9,0.2348484848484848,0.5606060606060606,0,0.3819660194174757,0.4,412,0.35313131313131313,0.26,297,0.16684100418410044,0.01,478,0.1236986301369863,0.01,1095,0.7732727272727273,0.78,110,0.7728571428571429,0.7,77,0.3753048780487805,0.13,164,0.4855627425614489,0.99,773
LASVGP25,Las Vegas Grand Prix,ALB,16.0,15.0,0,0,0,7.3,0.009009009009009,0.1081081081081081,1,0.01,0.01,5,0.016,0.02,5,0.020476190476190474,0.01,21,0.01,0.01,19,0.03666666666666667,0.03,6,0.07703703703703703,0.07,27,0.07192307692307692,0.03,26,0.03,0.03,2
LASVGP25,Las Vegas Grand Prix,ALO,7.0,16.0,0,0,0,11.1,0.0210526315789473,0.1368421052631579,1,0.01,0.01,3,,,0,0.01,0.01,19,0.01,0.01,17,0.035,0.04,10,0.035,0.03,6,0.055,0.04,26,0.046,0.02,10
LASVGP25,Las Vegas Grand Prix,ANT,17.0,3.0,0,1,0,7.5,0.1428571428571428,0.1904761904761904,1,0.05,0.06,173,0.05914285714285714,0.06,70,0.062151898734177216,0.01,79,0.01,0.01,28,0.2537931034482759,0.25,116,0.33026315789473687,0.3,38,0.1771014492753623,0.03,69,0.40786764705882356,0.97,136
LASVGP25,Las Vegas Grand Prix,BEA,14.0,7.0,0,0,0,12.9,0.0,0.0,1,0.01,0.01,8,,,0,0.01,0.01,8,0.01,0.01,10,0.03903225806451613,0.03,31,0.052000000000000005,0.05,15,0.05090909090909091,0.03,11,0.02,0.02,1
LASVGP25,Las Vegas Grand Prix,BOR,18.0,,0,0,0,12.8,0.0,0.0,1,0.01,0.01,1,0.01,0.01,1,0.01,0.01,4,0.01,0.01,4,0.03,0.03,1,,,0,,,0,0.03,0.03,1
LASVGP25,Las Vegas Grand Prix,COL,15.0,18.0,0,0,0,12.6,0.0,0.0,1,0.01,0.01,2,,,0,0.01,0.01,3,0.01,0.01,5,,,0,0.02,0.02,1,,,0,0.02,0.02,3
LASVGP25,Las Vegas Grand Prix,GAS,10.0,17.0,0,0,0,14.9,0.0225563909774436,0.0676691729323308,1,0.01,0.01,2,0.01,0.01,2,0.01,0.01,10,0.01,0.01,8,0.03,0.03,1,0.03,0.03,4,0.03166666666666666,0.03,6,0.03,0.03,2
LASVGP25,Las Vegas Grand Prix,HAD,8.0,12.0,0,0,0,13.1,0.0,0.0434782608695652,1,0.01,0.01,6,,,0,0.011666666666666667,0.01,12,0.01,0.01,11,0.03,0.03,12,0.03,0.03,4,0.05852941176470588,0.04,34,0.04964285714285714,0.05,28
LASVGP25,Las Vegas Grand Prix,HAM,20.0,8.0,0,0,0,8.3,0.2045454545454545,0.4848484848484848,1,0.0255,0.02,80,0.025531914893617023,0.02,47,0.04867403314917127,0.01,181,0.01,0.01,74,0.11,0.13,84,0.17887096774193548,0.14,62,0.0956910569105691,0.05,123,0.07597938144329897,0.01,97
LASVGP25,Las Vegas Grand Prix,HUL,11.0,11.0,0,0,0,10.3,0.0,0.0129870129870129,1,0.01,0.01,5,0.01,0.01,1,0.01,0.01,9,0.01,0.01,16,0.03,0.03,6,0.03,0.03,6,0.024444444444444446,0.02,9,0.13058823529411764,0.06,17
LASVGP25,Las Vegas Grand Prix,LAW,6.0,13.0,0,0,0,13.8,0.0,0.0344827586206896,1,0.01,0.01,3,0.01,0.01,1,0.01,0.01,18,0.01,0.01,10,0.0275,0.02,4,0.0275,0.04,4,0.03956521739130434,0.05,23,0.04,0.02,8
LASVGP25,Las Vegas Grand Prix,LEC,9.0,5.0,0,0,0,11.0,0.0676691729323308,0.2030075187969924,1,0.04563380281690141,0.05,142,0.09203007518796992,0.08,133,0.06205555555555556,0.02,180,0.01678082191780822,0.01,146,0.23733870967741935,0.24,124,0.3708791208791209,0.44,91,0.14976744186046512,0.1,86,0.21558139534883722,0.36,301
LASVGP25,Las Vegas Grand Prix,NOR,1.0,2.0,0,1,1,4.4,0.0827067669172932,0.225563909774436,1,0.2991459627329192,0.25,644,0.22495176848874598,0.23,311,0.40991119005328597,0.45,1126,0.23626984126984127,0.01,2394,0.7314438502673797,0.72,187,0.6370093457943926,0.58,107,0.803252427184466,0.88,206,0.7293953488372092,0.03,430
LASVGP25,Las Vegas Grand Prix,OCO,13.0,9.0,0,0,0,15.4,0.0,0.0,1,0.01,0.01,3,,,0,0.01,0.01,5,0.01,0.01,8,0.03,0.02,2,,,0,,,0,0.04,0.04,2
LASVGP25,Las Vegas Grand Prix,PIA,5.0,4.0,0,0,0,3.4,0.1568627450980392,0.3333333333333333,1,0.11810077519379845,0.11,258,0.08121212121212121,0.08,66,0.06185185185185185,0.05,243,0.0369969040247678,0.01,323,0.4243402777777778,0.38,288,0.2627173913043478,0.23,92,0.34602409638554216,0.37,332,0.22827830188679246,0.04,424
LASVGP25,Las Vegas Grand Prix,RUS,4.0,10.0,0,0,0,6.6,0.075187969924812,0.1578947368421052,1,0.13706849315068495,0.17,365,0.16652941176470587,0.16,170,0.12235897435897435,0.08,390,0.11546914623837701,0.01,1183,0.476045197740113,0.55,177,0.5896491228070175,0.6,57,0.6018378378378378,0.6,185,0.7897668393782383,0.99,386
LASVGP25,Las Vegas Grand Prix,SAI,3.0,6.0,0,0,0,7.7,0.0225563909774436,0.150375939849624,1,0.01,0.01,13,0.0108,0.02,25,0.02375757575757576,0.02,165,0.01784090909090909,0.01,176,0.04,0.05,40,0.07,0.08,12,0.24262499999999998,0.2,240,0.191991341991342,0.01,231
LASVGP25,Las Vegas Grand Prix,STR,12.0,,0,0,0,12.4,0.0,0.0227272727272727,1,0.01,0.01,4,0.01,0.01,1,0.01,0.01,16,0.01,0.01,4,,,0,0.03,0.03,2,0.076,0.03,10,0.035,0.03,2
LASVGP25,Las Vegas Grand Prix,TSU,19.0,14.0,0,0,0,13.9,0.0105263157894736,0.031578947368421,1,0.01,0.01,4,0.010357142857142858,0.01,28,0.013571428571428573,0.01,14,0.01,0.01,4,0.02,0.02,2,0.06941176470588235,0.04,17,0.03222222222222222,0.03,9,0.015,0.01,4
LASVGP25,Las Vegas Grand Prix,VER,2.0,1.0,1,1,0,4.6,0.2330827067669172,0.5639097744360902,1,0.3725919869174162,0.37,1223,0.35931182795698924,0.37,465,0.40634050880626227,0.41,1022,0.7418103712795336,0.99,3259,0.7757213930348259,0.75,201,0.7367948717948718,0.72,78,0.8139487179487179,0.85,195,0.8873575129533678,0.99,193
QATGP25,Qatar Grand Prix,ALB,15.0,11.0,0,0,0,8.4,0.0089285714285714,0.1071428571428571,0,0.01,0.01,6,,,0,0.01,0.01,1,0.01,0.01,23,0.021,0.03,10,,,0,,,0,0.01,0.01,6
QATGP25,Qatar Grand Prix,ALO,7.0,7.0,0,0,0,12.1,0.0208333333333333,0.1354166666666666,0,0.01,0.01,6,0.01,0.01,2,0.01,0.01,3,0.01,0.01,11,0.02125,0.02,8,0.03263157894736842,0.05,19,0.0604,0.05,25,0.047142857142857146,0.01,21
QATGP25,Qatar Grand Prix,ANT,5.0,8.0,0,0,0,6.2,0.1363636363636363,0.2272727272727272,0,0.04,0.03,20,0.01175,0.02,40,0.014915254237288136,0.01,59,0.011136363636363635,0.01,44,0.21818181818181817,0.22,55,0.21313725490196078,0.14,51,0.13944444444444445,0.13,72,0.18242811501597445,0.02,313
QATGP25,Qatar Grand Prix,BEA,13.0,15.0,0,0,0,12.3,0.0,0.0,0,0.01,0.01,5,,,0,,,0,0.01,0.01,2,0.03,0.02,2,0.03,0.03,1,0.03,0.03,1,0.02,0.02,1
QATGP25,Qatar Grand Prix,BOR,14.0,17.0,0,0,0,12.8,0.0,0.0,0,0.01,0.01,3,,,0,0.01,0.01,2,0.01,0.01,4,,,0,,,0,0.02,0.02,2,0.02625,0.02,8
QATGP25,Qatar Grand Prix,COL,20.0,19.0,0,0,0,13.4,0.0,0.0,0,0.01,0.01,5,,,0,0.01,0.01,7,0.01,0.01,4,,,0,0.02,0.02,1,,,0,0.02,0.02,1
QATGP25,Qatar Grand Prix,GAS,9.0,18.0,0,0,0,15.8,0.0223880597014925,0.0671641791044776,0,0.01,0.01,4,,,0,0.01,0.01,3,0.01,0.01,3,0.02,0.02,1,,,0,0.01,0.01,2,0.03,0.03,1
QATGP25,Qatar Grand Prix,HAD,6.0,12.0,0,0,0,12.6,0.0,0.0416666666666666,0,0.01,0.01,4,,,0,0.01,0.01,1,0.01,0.01,2,0.02894736842105263,0.04,19,0.06,0.02,5,0.03333333333333333,0.04,3,0.05428571428571429,0.01,21
QATGP25,Qatar Grand Prix,HAM,18.0,14.0,0,0,0,8.8,0.2030075187969924,0.4812030075187969,0,0.020714285714285716,0.02,14,0.01565217391304348,0.01,23,0.01,0.01,27,0.01,0.01,10,0.1132258064516129,0.08,31,0.0925,0.07,28,0.05173913043478261,0.03,23,0.015,0.01,10
QATGP25,Qatar Grand Prix,HUL,11.0,20.0,0,0,0,10.6,0.0,0.0128205128205128,0,0.01,0.01,5,0.01,0.01,1,0.01,0.01,1,0.01,0.01,8,0.018000000000000002,0.01,5,0.02,0.02,4,0.01,0.01,3,0.01,0.01,9
QATGP25,Qatar Grand Prix,LAW,12.0,9.0,0,0,0,13.7,0.0,0.0333333333333333,0,0.01,0.01,4,,,0,0.01,0.01,8,0.01,0.01,2,,,0,,,0,,,0,0.02,0.02,1
QATGP25,Qatar Grand Prix,LEC,10.0,13.0,0,0,0,10.5,0.0671641791044776,0.2014925373134328,0,0.055882352941176466,0.05,17,0.024186046511627906,0.03,43,0.014411764705882353,0.01,34,0.01,0.01,9,0.2782978723404255,0.27,47,0.24684210526315792,0.2,19,0.16441176470588237,0.03,34,0.04375,0.01,24
QATGP25,Qatar Grand Prix,NOR,2.0,2.0,0,1,0,4.4,0.0820895522388059,0.2313432835820895,0,0.3391237113402062,0.33,194,0.4094761904761905,0.39,210,0.33769767441860465,0.24,430,0.13033106960950763,0.01,1178,0.7236538461538461,0.74,104,0.7707547169811321,0.78,53,0.7884042553191489,0.79,94,0.456204081632653,0.01,490
QATGP25,Qatar Grand Prix,OCO,17.0,16.0,0,0,0,15.4,0.0,0.0,0,0.01,0.01,4,,,0,0.01,0.01,1,0.01,0.01,8,0.02,0.02,1,,,0,,,0,0.01,0.01,3
QATGP25,Qatar Grand Prix,PIA,1.0,1.0,1,1,1,3.7,0.1538461538461538,0.3269230769230769,0,0.12285714285714286,0.12,112,0.20201793721973094,0.25,223,0.42260775862068967,0.6,464,0.35815513626834383,0.01,2385,0.48597826086956525,0.48,92,0.5919736842105263,0.69,152,0.7168461538461538,0.88,130,0.8780478087649403,0.99,251
QATGP25,Qatar Grand Prix,RUS,4.0,3.0,0,1,0,6.5,0.0746268656716417,0.1567164179104477,0,0.06135135135135135,0.06,37,0.03875,0.06,104,0.06661764705882353,0.04,136,0.029140625,0.01,128,0.40773333333333334,0.4,75,0.4331707317073171,0.5,82,0.4544897959183673,0.37,196,0.3082738095238095,0.01,168
QATGP25,Qatar Grand Prix,SAI,8.0,6.0,0,0,0,7.6,0.0223880597014925,0.1492537313432835,0,0.01,0.01,5,0.01,0.01,3,0.01,0.01,1,0.01,0.01,28,0.034074074074074076,0.04,27,0.1025,0.15,12,0.06769230769230769,0.05,13,0.6167292225201072,0.93,373
QATGP25,Qatar Grand Prix,STR,19.0,4.0,0,0,0,12.4,0.0,0.0225563909774436,0,0.01,0.01,5,,,0,0.01,0.01,12,0.01,0.01,3,,,0,,,0,0.02,0.02,4,0.03,0.03,1
QATGP25,Qatar Grand Prix,TSU,16.0,10.0,0,0,0,14.1,0.0104166666666666,0.03125,0,0.01,0.01,5,0.01,0.01,2,0.01,0.01,1,0.01,0.01,3,0.02,0.02,4,0.07,0.1,5,0.0375,0.02,4,0.03,0.03,1
QATGP25,Qatar Grand Prix,VER,3.0,5.0,0,0,0,4.2,0.2388059701492537,0.5671641791044776,0,0.45005825242718445,0.45,515,0.3996043956043956,0.28,455,0.23865871833084948,0.18,671,0.5948665480427047,0.99,3372,0.7934810126582279,0.8,158,0.8101298701298701,0.71,77,0.6670857142857143,0.72,175,0.8079638009049773,0.95,221
ABUDGP25,Abu Dhabi Grand Prix,ALB,17.0,12.0,0,0,0,8.0,0.0088495575221238,0.1061946902654867,0,0.01,0.01,2,0.01,0.01,1,,,0,0.01,0.01,15,0.04333333333333333,0.05,3,,,0,0.01,0.01,1,0.01,0.01,8
ABUDGP25,Abu Dhabi Grand Prix,ALO,6.0,11.0,0,0,0,12.3,0.0206185567010309,0.134020618556701,0,0.01,0.01,3,0.01,0.01,1,,,0,0.01,0.01,13,0.03,0.02,10,,,0,0.03740740740740741,0.05,27,0.06,0.11,22
ABUDGP25,Abu Dhabi Grand Prix,ANT,8.0,9.0,0,0,0,6.9,0.1304347826086956,0.217391304347826,0,0.03777777777777778,0.03,18,0.02625,0.02,8,0.015,0.01,4,0.01,0.01,11,0.1853846153846154,0.18,65,0.19358974358974357,0.2,39,0.09971428571428571,0.02,35,0.02259259259259259,0.02,27
ABUDGP25,Abu Dhabi Grand Prix,ARO,,,0,0,0,10.0,0.0,0.0,0,,,0,,,0,,,0,,,0,,,0,,,0,,,0,,,0
ABUDGP25,Abu Dhabi Grand Prix,BEA,12.0,17.0,0,0,0,12.5,0.0,0.0,0,0.01,0.01,1,,,0,0.01,0.01,1,0.01,0.01,1,0.035,0.03,2,0.02909090909090909,0.02,11,0.031071428571428573,0.01,28,0.01,0.01,2
ABUDGP25,Abu Dhabi Grand Prix,BOR,7.0,19.0,0,0,0,13.9,0.0,0.0,0,,,0,,,0,,,0,0.01,0.01,1,,,0,,,0,0.03,0.03,5,0.03,0.03,10
ABUDGP25,Abu Dhabi Grand Prix,BRO,,,0,0,0,10.0,0.0,0.0,0,,,0,,,0,,,0,,,0,,,0,,,0,,,0,,,0
ABUDGP25,Abu Dhabi Grand Prix,COL,20.0,7.0,0,0,0,14.5,0.0,0.0,0,0.01,0.01,1,,,0,,,0,0.01,0.01,2,,,0,,,0,0.01,0.01,1,0.03,0.03,1
ABUDGP25,Abu Dhabi Grand Prix,CRA,,,0,0,0,10.0,0.0,0.0,0,,,0,,,0,,,0,,,0,,,0,,,0,,,0,,,0
ABUDGP25,Abu Dhabi Grand Prix,GAS,19.0,8.0,0,0,0,15.9,0.0222222222222222,0.0666666666666666,0,0.01,0.01,1,,,0,,,0,0.01,0.01,1,0.023333333333333334,0.03,3,,,0,,,0,0.01,0.01,1
ABUDGP25,Abu Dhabi Grand Prix,HAD,10.0,20.0,0,0,0,11.8,0.0,0.04,0,0.01,0.01,1,0.01,0.01,1,,,0,0.01,0.01,1,0.0635,0.06,20,0.054000000000000006,0.03,5,0.04,0.04,12,0.02875,0.04,8
ABUDGP25,Abu Dhabi Grand Prix,HAM,16.0,10.0,0,0,0,9.2,0.2014925373134328,0.4776119402985074,0,0.015,0.01,10,0.01,0.01,5,0.01,0.01,4,0.01,0.01,17,0.0758139534883721,0.08,43,0.06466666666666666,0.08,15,0.05,0.02,6,0.04416666666666667,0.1,12
ABUDGP25,Abu Dhabi Grand Prix,HIR,,,0,0,0,10.0,0.0,0.0,0,,,0,,,0,,,0,,,0,,,0,,,0,,,0,,,0
ABUDGP25,Abu Dhabi Grand Prix,HUL,18.0,4.0,0,0,0,11.2,0.0,0.0126582278481012,0,0.01,0.01,1,0.01,0.01,1,,,0,0.01,0.01,3,0.04,0.04,3,0.06,0.06,3,0.05,0.05,9,0.01,0.01,4
ABUDGP25,Abu Dhabi Grand Prix,IWA,,,0,0,0,10.0,0.0,0.0,0,,,0,,,0,,,0,,,0,,,0,,,0,,,0,,,0
ABUDGP25,Abu Dhabi Grand Prix,LAW,14.0,16.0,0,0,0,13.4,0.0,0.032258064516129,0,0.01,0.01,2,,,0,,,0,0.01,0.01,3,,,0,,,0,,,0,0.04,0.04,1
ABUDGP25,Abu Dhabi Grand Prix,LEC,5.0,1.0,1,1,0,10.9,0.0666666666666666,0.2,0,0.023846153846153847,0.02,13,0.018333333333333333,0.02,12,0.013703703703703704,0.01,27,0.010681818181818181,0.01,44,0.11470588235294117,0.12,51,0.12310344827586206,0.13,29,0.12544117647058825,0.15,68,0.21890909090909091,0.01,275
ABUDGP25,Abu Dhabi Grand Prix,LEL,,,0,0,0,10.0,0.0,0.0,0,,,0,,,0,,,0,,,0,,,0,,,0,,,0,,,0
ABUDGP25,Abu Dhabi Grand Prix,LIN,,,0,0,0,10.0,0.0,0.0,0,,,0,,,0,,,0,,,0,,,0,,,0,,,0,,,0
ABUDGP25,Abu Dhabi Grand Prix,NOR,2.0,3.0,0,1,0,4.3,0.0814814814814814,0.237037037037037,0,0.29754807692307694,0.31,208,0.3459615384615385,0.39,208,0.2750125944584383,0.22,397,0.1425772097976571,0.01,939,0.7114285714285714,0.72,126,0.7127058823529411,0.74,85,0.7421590909090909,0.75,176,0.7835540069686411,0.99,287
ABUDGP25,Abu Dhabi Grand Prix,OCO,9.0,15.0,0,0,0,15.6,0.0,0.0,0,0.01,0.01,4,,,0,,,0,0.01,0.01,2,0.04,0.04,1,,,0,0.03,0.03,1,0.03,0.03,1
ABUDGP25,Abu Dhabi Grand Prix,OWA,,,0,0,0,10.0,0.0,0.0,0,,,0,,,0,,,0,,,0,,,0,,,0,,,0,,,0
ABUDGP25,Abu Dhabi Grand Prix,PIA,3.0,2.0,0,1,0,3.7,0.1698113207547169,0.3396226415094339,0,0.2251127819548872,0.22,133,0.21568421052631578,0.2,95,0.16252336448598131,0.1,214,0.12599557522123894,0.01,904,0.6782758620689655,0.65,87,0.6637254901960784,0.65,51,0.6464748201438849,0.72,139,0.798409090909091,0.99,220
ABUDGP25,Abu Dhabi Grand Prix,RUS,4.0,14.0,0,0,0,5.7,0.074074074074074,0.1629629629629629,0,0.06333333333333332,0.06,21,0.05,0.04,17,0.04323529411764706,0.02,102,0.019058823529411763,0.01,85,0.3801538461538462,0.38,65,0.375,0.38,30,0.391294964028777,0.4,139,0.3563101604278075,0.01,187
ABUDGP25,Abu Dhabi Grand Prix,SAI,13.0,18.0,0,0,0,7.6,0.0222222222222222,0.1481481481481481,0,0.01,0.01,5,0.01,0.01,3,,,0,0.01,0.01,7,0.07390243902439025,0.08,41,0.07757575757575758,0.07,33,0.04666666666666667,0.02,33,0.022222222222222223,0.01,27
ABUDGP25,Abu Dhabi Grand Prix,SHI,,,0,0,0,10.0,0.0,0.0,0,,,0,,,0,,,0,,,0,,,0,,,0,,,0,,,0
ABUDGP25,Abu Dhabi Grand Prix,STR,15.0,6.0,0,0,0,11.3,0.0,0.0223880597014925,0,0.01,0.01,1,,,0,,,0,0.01,0.01,1,0.027777777777777776,0.03,9,0.016666666666666666,0.01,3,0.02,0.01,7,0.01,0.01,1
ABUDGP25,Abu Dhabi Grand Prix,TSU,11.0,13.0,0,0,0,13.2,0.0103092783505154,0.0309278350515463,0,0.01,0.01,3,,,0,,,0,0.01,0.01,4,0.05333333333333333,0.08,3,0.07,0.07,2,0.058571428571428566,0.03,7,0.0425,0.11,8
ABUDGP25,Abu Dhabi Grand Prix,VER,1.0,5.0,0,0,1,4.0,0.237037037037037,0.562962962962963,0,0.41340869565217386,0.43,575,0.4198591549295774,0.42,355,0.5915249662618084,0.72,741,0.8153584705257567,0.99,1883,0.8229292929292928,0.82,99,0.7983098591549296,0.81,71,0.8390361445783132,0.91,83,0.9038620689655172,0.99,145
