event,event_name,driver,qual_pos,finish_pos,fp1_pos,fp2_pos,fp3_pos,won,podium,pole,avg_race_pos,avg_qual_pos,win_rate,podium_rate,pole_rate,n_races,track_type_street,track_speed_high,track_overtaking_high,race_price_early,race_price_late,race_price_all,race_n_trades,pod_price_early,pod_price_late,pod_price_all,pod_n_trades,pole_price_early,pole_price_late,pole_n_trades
AGP25,Australian Grand Prix,ALB,6.0,8.0,6.0,11.0,7.0,0,0,0,11.1,12.1,0.0,0.1111111111111111,0.0111111111111111,90,1,0,0,0.03,0.03,0.03,1,,,,0,,,0
AGP25,Australian Grand Prix,ALO,12.0,17.0,8.0,13.0,17.0,0,0,0,7.6,9.5,0.027027027027027,0.1756756756756756,0.0,74,1,0,0,,,,0,,,,0,,,0
AGP25,Australian Grand Prix,ANT,16.0,9.0,14.0,16.0,5.0,0,0,0,10.0,10.0,0.0,0.0,0.0,0,1,0,0,0.02,0.02,0.02,1,,,,0,,,0
AGP25,Australian Grand Prix,BEA,,16.0,20.0,,,0,0,0,5.0,11.0,0.0,0.0,0.0,4,1,0,0,,,,0,,,,0,,,0
AGP25,Australian Grand Prix,BOR,15.0,5.0,15.0,18.0,11.0,0,0,0,10.0,10.0,0.0,0.0,0.0,0,1,0,0,,,,0,,,,0,,,0
AGP25,Australian Grand Prix,DOO,13.0,,13.0,14.0,15.0,0,0,0,10.0,10.0,0.0,0.0,0.0,4,1,0,0,,,,0,,,,0,,,0
AGP25,Australian Grand Prix,GAS,10.0,10.0,17.0,15.0,12.0,0,0,0,12.0,13.2,0.0267857142857142,0.0714285714285714,0.0,112,1,0,0,,,,0,,,,0,,,0
AGP25,Australian Grand Prix,HAD,11.0,,9.0,6.0,13.0,0,0,0,10.0,10.0,0.0,0.0,0.0,2,1,0,0,,,,0,,,,0,,,0
AGP25,Australian Grand Prix,HAM,8.0,7.0,12.0,5.0,8.0,0,0,0,7.5,9.9,0.2252252252252252,0.5315315315315315,0.2162162162162162,111,1,0,0,0.08,0.06,0.07148148148148148,27,,,,0,,,0
AGP25,Australian Grand Prix,HUL,17.0,12.0,18.0,8.0,16.0,0,0,0,13.9,11.7,0.0,0.0,0.0,56,1,0,0,,,,0,,,,0,,,0
AGP25,Australian Grand Prix,LAW,18.0,2.0,16.0,17.0,19.0,0,1,0,13.2,14.4,0.0,0.0,0.0,8,1,0,0,,,,0,,,,0,,,0
AGP25,Australian Grand Prix,LEC,7.0,13.0,3.0,1.0,4.0,0,0,0,4.7,3.1,0.0803571428571428,0.2321428571428571,0.1964285714285714,112,1,0,0,0.06625,0.24375,0.11470588235294117,34,,,,0,,,0
AGP25,Australian Grand Prix,NOR,1.0,1.0,1.0,3.0,10.0,1,1,1,7.2,5.8,0.0535714285714285,0.1428571428571428,0.0267857142857142,112,1,0,0,0.6782978723404256,0.38872340425531915,0.5367021276595745,188,,,,0,,,0
AGP25,Australian Grand Prix,OCO,19.0,15.0,19.0,19.0,18.0,0,0,0,14.8,14.6,0.0,0.0,0.0,91,1,0,0,,,,0,,,,0,,,0
AGP25,Australian Grand Prix,PIA,2.0,4.0,4.0,2.0,1.0,0,0,0,6.1,6.2,0.1,0.1333333333333333,0.0,30,1,0,0,0.20411764705882351,0.21,0.212,70,,,,0,,,0
AGP25,Australian Grand Prix,RUS,4.0,11.0,7.0,10.0,2.0,0,0,0,7.5,6.4,0.0625,0.125,0.0089285714285714,112,1,0,0,0.012857142857142859,0.07857142857142857,0.04642857142857143,28,,,,0,,,0
AGP25,Australian Grand Prix,SAI,9.0,,2.0,12.0,6.0,0,0,0,6.9,5.2,0.0267857142857142,0.1607142857142857,0.0446428571428571,112,1,0,0,0.012857142857142859,0.04,0.042666666666666665,30,,,,0,,,0
AGP25,Australian Grand Prix,STR,14.0,14.0,10.0,9.0,14.0,0,0,0,10.8,12.1,0.0,0.027027027027027,0.009009009009009,111,1,0,0,,,,0,,,,0,,,0
AGP25,Australian Grand Prix,TSU,5.0,6.0,11.0,4.0,9.0,0,0,0,14.0,11.4,0.0135135135135135,0.0405405405405405,0.0,74,1,0,0,0.03,0.03,0.028333333333333335,6,,,,0,,,0
AGP25,Australian Grand Prix,VER,3.0,3.0,5.0,7.0,3.0,0,1,0,4.8,1.8,0.2589285714285714,0.5714285714285714,0.3482142857142857,112,1,0,0,0.18928571428571428,0.2883928571428572,0.2923788546255507,227,,,,0,,,0
CGP25,Chinese Grand Prix,ALB,10.0,14.0,7.0,,,0,0,0,11.0,12.1,0.0,0.1098901098901098,0.0109890109890109,91,0,0,0,,,,0,,,,0,,,0
CGP25,Chinese Grand Prix,ALO,14.0,20.0,8.0,,,0,0,0,8.5,9.7,0.0266666666666666,0.1733333333333333,0.0,75,0,0,0,,,,0,,,,0,,,0
CGP25,Chinese Grand Prix,ANT,8.0,12.0,9.0,,,0,0,0,9.0,16.0,0.0,0.0,0.0,1,0,0,0,,,,0,,,,0,,,0
CGP25,Chinese Grand Prix,BEA,17.0,15.0,11.0,,,0,0,0,10.5,11.0,0.0,0.0,0.0,5,0,0,0,,,,0,,,,0,,,0
CGP25,Chinese Grand Prix,BOR,19.0,9.0,19.0,,,0,0,0,5.0,15.0,0.0,0.0,0.0,1,0,0,0,,,,0,,,,0,,,0
CGP25,Chinese Grand Prix,DOO,18.0,16.0,20.0,,,0,0,0,10.0,13.0,0.0,0.0,0.0,5,0,0,0,,,,0,,,,0,,,0
CGP25,Chinese Grand Prix,GAS,16.0,17.0,14.0,,,0,0,0,11.9,13.7,0.0265486725663716,0.0707964601769911,0.0,113,0,0,0,,,,0,,,,0,,,0
CGP25,Chinese Grand Prix,HAD,7.0,7.0,17.0,,,0,0,0,10.0,11.0,0.0,0.0,0.0,3,0,0,0,0.03,0.03,0.03,1,,,,0,,,0
CGP25,Chinese Grand Prix,HAM,5.0,1.0,4.0,,,1,1,0,7.8,9.6,0.2232142857142857,0.5267857142857143,0.2142857142857142,112,0,0,0,0.09470588235294118,0.08941176470588236,0.13225352112676056,71,,,,0,,,0
CGP25,Chinese Grand Prix,HUL,13.0,19.0,6.0,,,0,0,0,13.7,12.1,0.0,0.0,0.0,57,0,0,0,,,,0,,,,0,,,0
CGP25,Chinese Grand Prix,LAW,20.0,10.0,18.0,,,0,0,0,11.333333333333334,15.0,0.0,0.1111111111111111,0.0,9,0,0,0,,,,0,,,,0,,,0
CGP25,Chinese Grand Prix,LEC,6.0,13.0,2.0,,,0,0,0,5.7,3.7,0.079646017699115,0.2300884955752212,0.1946902654867256,113,0,0,0,0.04,0.05285714285714285,0.0693103448275862,29,,,,0,,,0
CGP25,Chinese Grand Prix,NOR,3.0,2.0,1.0,,,0,1,0,5.3,4.3,0.0619469026548672,0.1504424778761062,0.0353982300884955,113,0,0,0,0.3374074074074074,0.4424074074074074,0.38440366972477064,218,,,,0,,,0
CGP25,Chinese Grand Prix,OCO,11.0,5.0,13.0,,,0,0,0,15.7,14.8,0.0,0.0,0.0,92,0,0,0,,,,0,,,,0,,,0
CGP25,Chinese Grand Prix,PIA,1.0,4.0,3.0,,,0,0,1,6.4,4.5,0.0967741935483871,0.1290322580645161,0.0,31,0,0,0,0.5603314917127071,0.29685082872928176,0.47287482806052267,727,,,,0,,,0
CGP25,Chinese Grand Prix,RUS,2.0,6.0,5.0,,,0,0,0,7.9,6.4,0.0619469026548672,0.1238938053097345,0.0088495575221238,113,0,0,0,0.0844186046511628,0.04,0.061676300578034686,173,,,,0,,,0
CGP25,Chinese Grand Prix,SAI,12.0,18.0,15.0,,,0,0,0,6.9,5.6,0.0265486725663716,0.1592920353982301,0.0442477876106194,113,0,0,0,0.03,0.03,0.03,1,,,,0,,,0
CGP25,Chinese Grand Prix,STR,15.0,11.0,12.0,,,0,0,0,11.3,12.1,0.0,0.0267857142857142,0.0089285714285714,112,0,0,0,,,,0,,,,0,,,0
CGP25,Chinese Grand Prix,TSU,9.0,8.0,10.0,,,0,0,0,12.8,9.9,0.0133333333333333,0.04,0.0,75,0,0,0,0.03,0.03,0.03,3,,,,0,,,0
CGP25,Chinese Grand Prix,VER,4.0,3.0,16.0,,,0,1,0,4.9,1.8,0.2566371681415929,0.5752212389380531,0.3451327433628318,113,0,0,0,0.12074074074074075,0.15925925925925927,0.15824074074074074,108,,,,0,,,0
JGP25,Japanese Grand Prix,ALB,9.0,6.0,11.0,11.0,7.0,0,0,0,11.1,12.0,0.0,0.108695652173913,0.0108695652173913,92,0,1,0,,,,0,0.03,0.04,0.03,5,,,0
JGP25,Japanese Grand Prix,ALO,13.0,11.0,7.0,17.0,15.0,0,0,0,9.6,10.2,0.0263157894736842,0.1710526315789473,0.0,76,0,1,0,,,,0,0.01,0.01,0.01,2,,,0
JGP25,Japanese Grand Prix,ANT,6.0,1.0,9.0,16.0,13.0,1,1,0,10.5,12.0,0.0,0.0,0.0,2,0,1,0,0.05,0.02,0.04166666666666667,6,0.1,0.11,0.08,7,,,0
JGP25,Japanese Grand Prix,BEA,10.0,15.0,18.0,15.0,16.0,0,0,0,12.0,14.0,0.0,0.0,0.0,6,0,1,0,,,,0,,,,0,,,0
JGP25,Japanese Grand Prix,BOR,17.0,16.0,20.0,13.0,17.0,0,0,0,7.0,17.0,0.0,0.0,0.0,2,0,1,0,,,,0,,,,0,,,0
JGP25,Japanese Grand Prix,DOO,19.0,20.0,,20.0,14.0,0,0,0,16.0,15.5,0.0,0.0,0.0,6,0,1,0,,,,0,,,,0,,,0
JGP25,Japanese Grand Prix,GAS,11.0,12.0,14.0,9.0,8.0,0,0,0,12.5,14.5,0.0263157894736842,0.0701754385964912,0.0,114,0,1,0,,,,0,,,,0,,,0
JGP25,Japanese Grand Prix,HAD,7.0,7.0,8.0,3.0,10.0,0,0,0,7.0,9.0,0.0,0.0,0.0,4,0,1,0,0.02,0.02,0.02,1,,,,0,,,0
JGP25,Japanese Grand Prix,HAM,8.0,9.0,4.0,4.0,6.0,0,0,0,6.9,8.9,0.2300884955752212,0.5309734513274337,0.2123893805309734,113,0,1,0,0.01,0.065,0.04421052631578948,19,0.165,0.3275,0.2575,16,,,0
JGP25,Japanese Grand Prix,HIR,,,12.0,,,0,0,0,10.0,10.0,0.0,0.0,0.0,0,0,1,0,,,,0,,,,0,,,0
JGP25,Japanese Grand Prix,HUL,16.0,19.0,17.0,12.0,20.0,0,0,0,13.9,12.4,0.0,0.0,0.0,58,0,1,0,,,,0,,,,0,,,0
JGP25,Japanese Grand Prix,LAW,14.0,17.0,13.0,5.0,12.0,0,0,0,11.142857142857142,15.714285714285714,0.0,0.1,0.0,10,0,1,0,0.06,0.06,0.06,1,,,,0,,,0
JGP25,Japanese Grand Prix,LEC,4.0,10.0,3.0,7.0,4.0,0,0,0,6.2,4.1,0.0789473684210526,0.2280701754385964,0.1929824561403508,114,0,1,0,0.05333333333333333,0.06333333333333332,0.05333333333333333,15,0.05333333333333333,0.34,0.28733333333333333,15,,,0
JGP25,Japanese Grand Prix,NOR,2.0,5.0,1.0,2.0,1.0,0,0,0,4.9,4.1,0.0614035087719298,0.1578947368421052,0.0350877192982456,114,0,1,0,0.17727272727272728,0.415,0.3211173184357542,179,0.8957142857142857,0.7371428571428571,0.7582142857142857,28,,,0
JGP25,Japanese Grand Prix,OCO,18.0,14.0,19.0,14.0,18.0,0,0,0,15.2,14.6,0.0,0.0,0.0,93,0,1,0,,,,0,,,,0,,,0
JGP25,Japanese Grand Prix,PIA,3.0,2.0,15.0,1.0,2.0,0,1,0,6.3,4.3,0.09375,0.125,0.03125,32,0,1,0,0.1025925925925926,0.3322222222222222,0.23311926605504588,109,0.985,0.6675,0.7873684210526316,19,,,0
JGP25,Japanese Grand Prix,RUS,5.0,8.0,2.0,6.0,3.0,0,0,0,7.8,6.2,0.0614035087719298,0.1228070175438596,0.0087719298245614,114,0,1,0,0.02,0.065,0.04294117647058823,17,0.20714285714285716,0.37142857142857144,0.36892857142857144,28,,,0
JGP25,Japanese Grand Prix,SAI,12.0,4.0,10.0,10.0,11.0,0,0,0,7.8,6.6,0.0263157894736842,0.1578947368421052,0.043859649122807,114,0,1,0,0.06,0.06,0.06,1,0.01,0.04,0.025,4,,,0
JGP25,Japanese Grand Prix,STR,20.0,18.0,16.0,19.0,19.0,0,0,0,12.0,12.2,0.0,0.0265486725663716,0.0088495575221238,113,0,1,0,,,,0,,,,0,,,0
JGP25,Japanese Grand Prix,TSU,15.0,13.0,6.0,18.0,9.0,0,0,0,12.0,10.1,0.0131578947368421,0.0394736842105263,0.0,76,0,1,0,0.01,0.02,0.024,15,0.04333333333333333,0.11833333333333335,0.10592592592592594,27,,,0
JGP25,Japanese Grand Prix,VER,1.0,3.0,5.0,8.0,5.0,0,1,1,5.1,2.1,0.2543859649122807,0.5789473684210527,0.3421052631578947,114,0,1,0,0.8757142857142857,0.19957142857142857,0.49437722419928826,281,0.8645454545454545,0.5436363636363637,0.7042222222222222,45,,,0
BGP25,Bahrain Grand Prix,ALB,16.0,13.0,4.0,11.0,15.0,0,0,0,11.4,11.6,0.0,0.1075268817204301,0.010752688172043,93,0,0,1,0.02,0.02,0.02,2,,,,0,,,0
BGP25,Bahrain Grand Prix,ALO,14.0,18.0,,15.0,14.0,0,0,0,10.4,10.9,0.0259740259740259,0.1688311688311688,0.0,77,0,0,1,,,,0,,,,0,,,0
BGP25,Bahrain Grand Prix,ANT,4.0,9.0,20.0,5.0,5.0,0,0,0,7.333333333333333,10.0,0.3333333333333333,0.3333333333333333,0.0,3,0,0,1,0.015,0.015,0.022222222222222223,9,0.05,0.16333333333333333,0.1423076923076923,13,,,0
BGP25,Bahrain Grand Prix,BEA,20.0,15.0,,9.0,16.0,0,0,0,12.75,12.666666666666666,0.0,0.0,0.0,7,0,0,1,,,,0,,,,0,,,0
BGP25,Bahrain Grand Prix,BEG,,,14.0,,,0,0,0,10.0,10.0,0.0,0.0,0.0,1,0,0,1,,,,0,,,,0,,,0
BGP25,Bahrain Grand Prix,BOR,18.0,19.0,11.0,13.0,18.0,0,0,0,10.0,17.0,0.0,0.0,0.0,3,0,0,1,,,,0,,,,0,,,0
BGP25,Bahrain Grand Prix,BRO,,,13.0,,,0,0,0,10.0,10.0,0.0,0.0,0.0,1,0,0,1,,,,0,,,,0,,,0
BGP25,Bahrain Grand Prix,DOO,11.0,8.0,7.0,14.0,12.0,0,0,0,18.0,16.666666666666668,0.0,0.0,0.0,7,0,0,1,,,,0,,,,0,,,0
BGP25,Bahrain Grand Prix,DRU,,,16.0,,,0,0,0,10.0,10.0,0.0,0.0,0.0,3,0,0,1,,,,0,,,,0,,,0
BGP25,Bahrain Grand Prix,GAS,5.0,7.0,2.0,17.0,6.0,0,0,0,12.3,13.6,0.0260869565217391,0.0695652173913043,0.0,115,0,0,1,0.01,0.02,0.018000000000000002,5,0.075,0.065,0.06875,8,,,0
BGP25,Bahrain Grand Prix,HAD,12.0,10.0,12.0,6.0,7.0,0,0,0,7.0,8.333333333333334,0.0,0.0,0.0,5,0,0,1,,,,0,0.1,0.1,0.1,1,,,0
BGP25,Bahrain Grand Prix,HAM,9.0,6.0,3.0,8.0,10.0,0,0,0,7.1,8.8,0.2280701754385964,0.5263157894736842,0.2105263157894736,114,0,0,1,0.02,0.05,0.037000000000000005,10,0.04333333333333333,0.14666666666666667,0.07857142857142857,14,,,0
BGP25,Bahrain Grand Prix,HIR,,,17.0,,,0,0,0,10.0,10.0,0.0,0.0,0.0,1,0,0,1,,,,0,,,,0,,,0
BGP25,Bahrain Grand Prix,HUL,15.0,16.0,6.0,20.0,19.0,0,0,0,14.3,13.0,0.0,0.0,0.0,59,0,0,1,,,,0,,,,0,,,0
BGP25,Bahrain Grand Prix,IWA,,,19.0,,,0,0,0,10.0,10.0,0.0,0.0,0.0,1,0,0,1,,,,0,,,,0,,,0
BGP25,Bahrain Grand Prix,LAW,17.0,17.0,8.0,12.0,13.0,0,0,0,11.875,15.5,0.0,0.0909090909090909,0.0,11,0,0,1,,,,0,,,,0,,,0
BGP25,Bahrain Grand Prix,LEC,3.0,4.0,,4.0,3.0,0,0,0,7.0,4.4,0.0782608695652174,0.2260869565217391,0.1913043478260869,115,0,0,1,0.04,0.06838709677419355,0.060393700787401576,127,0.4072727272727273,0.23818181818181816,0.3679545454545455,44,,,0
BGP25,Bahrain Grand Prix,NOR,6.0,3.0,1.0,2.0,2.0,0,1,0,4.9,3.6,0.0608695652173913,0.1565217391304348,0.0347826086956521,115,0,0,1,0.10471428571428572,0.3947142857142857,0.26317857142857143,280,0.98,0.726,0.7347619047619048,21,,,0
BGP25,Bahrain Grand Prix,OCO,13.0,12.0,5.0,16.0,11.0,0,0,0,14.6,14.5,0.0,0.0,0.0,94,0,0,1,,,,0,,,,0,,,0
BGP25,Bahrain Grand Prix,PIA,1.0,1.0,10.0,1.0,1.0,1,1,1,5.6,3.8,0.0909090909090909,0.1515151515151515,0.0303030303030303,33,0,0,1,0.9283333333333332,0.6059722222222222,0.7698275862068965,290,0.905,0.7,0.8118181818181819,11,,,0
BGP25,Bahrain Grand Prix,RUS,2.0,2.0,,3.0,4.0,0,1,0,7.4,6.4,0.0608695652173913,0.1217391304347826,0.008695652173913,115,0,0,1,0.09763157894736843,0.12894736842105264,0.10928571428571429,154,0.94,0.5985714285714285,0.8144827586206896,87,,,0
BGP25,Bahrain Grand Prix,SAI,8.0,11.0,,10.0,9.0,0,0,0,7.6,6.1,0.0260869565217391,0.1565217391304348,0.0434782608695652,115,0,0,1,,,,0,,,,0,,,0
BGP25,Bahrain Grand Prix,STR,19.0,20.0,15.0,19.0,17.0,0,0,0,12.2,13.1,0.0,0.0263157894736842,0.0087719298245614,114,0,0,1,,,,0,,,,0,,,0
BGP25,Bahrain Grand Prix,TSU,10.0,14.0,9.0,18.0,20.0,0,0,0,11.5,10.4,0.0129870129870129,0.0389610389610389,0.0,77,0,0,1,0.02,0.01,0.013333333333333332,3,0.09,0.06,0.075,2,,,0
BGP25,Bahrain Grand Prix,VER,7.0,5.0,,7.0,8.0,0,0,0,5.3,2.0,0.2521739130434782,0.5826086956521739,0.3478260869565217,115,0,0,1,0.04428571428571429,0.19666666666666668,0.10310344827586207,87,0.16181818181818183,0.5581818181818182,0.38113636363636366,44,,,0
BGP25,Bahrain Grand Prix,VES,,,18.0,,,0,0,0,10.0,10.0,0.0,0.0,0.0,2,0,0,1,,,,0,,,,0,,,0
SGP25,Saudi Arabian Grand Prix,ALB,11.0,16.0,5.0,10.0,6.0,0,0,0,11.0,12.0,0.0,0.1063829787234042,0.0106382978723404,94,1,1,0,0.01,0.01,0.01,12,0.06,0.04,0.05,2,,,0
SGP25,Saudi Arabian Grand Prix,ALO,13.0,11.0,14.0,15.0,14.0,0,0,0,10.9,11.9,0.0256410256410256,0.1666666666666666,0.0,78,1,1,0,0.01,0.01,0.01,14,0.06,0.06,0.06,1,,,0
SGP25,Saudi Arabian Grand Prix,ANT,6.0,5.0,13.0,11.0,10.0,0,0,0,7.75,8.5,0.25,0.25,0.0,4,1,1,0,0.01,0.01,0.01,18,0.02,0.16,0.09375,8,,,0
SGP25,Saudi Arabian Grand Prix,BEA,15.0,13.0,18.0,16.0,16.0,0,0,0,13.2,14.5,0.0,0.0,0.0,8,1,1,0,0.01,0.01,0.01,2,,,,0,,,0
SGP25,Saudi Arabian Grand Prix,BOR,20.0,18.0,20.0,,19.0,0,0,0,12.25,17.25,0.0,0.0,0.0,4,1,1,0,,,,0,,,,0,,,0
SGP25,Saudi Arabian Grand Prix,DOO,17.0,12.0,16.0,17.0,15.0,0,0,0,14.666666666666666,15.25,0.0,0.0,0.0,8,1,1,0,,,,0,,,,0,,,0
SGP25,Saudi Arabian Grand Prix,GAS,9.0,,1.0,8.0,8.0,0,0,0,12.0,12.3,0.0258620689655172,0.0689655172413793,0.0,116,1,1,0,,,,0,0.05,0.05,0.05,1,,,0
SGP25,Saudi Arabian Grand Prix,HAD,14.0,14.0,15.0,12.0,11.0,0,0,0,8.0,9.25,0.0,0.0,0.0,6,1,1,0,,,,0,0.05,0.05,0.05,1,,,0
SGP25,Saudi Arabian Grand Prix,HAM,10.0,7.0,8.0,13.0,12.0,0,0,0,7.5,8.8,0.2260869565217391,0.5217391304347826,0.208695652173913,115,1,1,0,0.02375,0.03375,0.021875,32,0.03666666666666667,0.195,0.13416666666666666,24,,,0
SGP25,Saudi Arabian Grand Prix,HUL,18.0,15.0,12.0,9.0,17.0,0,0,0,14.8,13.0,0.0,0.0,0.0,60,1,1,0,,,,0,,,,0,,,0
SGP25,Saudi Arabian Grand Prix,LAW,12.0,10.0,11.0,14.0,13.0,0,0,0,12.444444444444445,15.666666666666666,0.0,0.0833333333333333,0.0,12,1,1,0,,,,0,,,,0,,,0
SGP25,Saudi Arabian Grand Prix,LEC,5.0,2.0,3.0,4.0,5.0,0,1,0,7.3,4.5,0.0775862068965517,0.2241379310344827,0.1896551724137931,116,1,1,0,0.02230769230769231,0.047692307692307694,0.02981818181818182,55,0.695,0.2966666666666667,0.4073076923076923,26,,,0
SGP25,Saudi Arabian Grand Prix,NOR,4.0,1.0,2.0,1.0,1.0,1,1,0,4.8,3.6,0.0603448275862069,0.1637931034482758,0.0344827586206896,116,1,1,0,0.05949367088607595,0.3120253164556962,0.1921630094043887,319,0.97,0.82,0.8466666666666667,6,,,0
SGP25,Saudi Arabian Grand Prix,OCO,19.0,17.0,19.0,19.0,18.0,0,0,0,13.8,14.1,0.0,0.0,0.0,95,1,1,0,,,,0,,,,0,,,0
SGP25,Saudi Arabian Grand Prix,PIA,2.0,3.0,4.0,2.0,2.0,0,1,0,4.7,3.4,0.1176470588235294,0.1764705882352941,0.0588235294117647,34,1,1,0,0.9256488549618321,0.4727480916030535,0.7035496183206107,524,0.9266666666666667,0.7966666666666667,0.8507142857142856,14,,,0
SGP25,Saudi Arabian Grand Prix,RUS,3.0,9.0,6.0,7.0,3.0,0,0,0,6.9,5.8,0.0603448275862069,0.1293103448275862,0.0086206896551724,116,1,1,0,0.017272727272727273,0.026363636363636363,0.022173913043478263,46,0.12,0.37,0.247,20,,,0
SGP25,Saudi Arabian Grand Prix,SAI,8.0,6.0,7.0,5.0,7.0,0,0,0,7.0,6.5,0.0258620689655172,0.1551724137931034,0.043103448275862,116,1,1,0,,,,0,,,,0,,,0
SGP25,Saudi Arabian Grand Prix,STR,16.0,8.0,17.0,18.0,20.0,0,0,0,12.3,14.3,0.0,0.0260869565217391,0.008695652173913,115,1,1,0,,,,0,,,,0,,,0
SGP25,Saudi Arabian Grand Prix,TSU,7.0,,10.0,6.0,9.0,0,0,0,11.1,10.4,0.0128205128205128,0.0384615384615384,0.0,78,1,1,0,,,,0,,,,0,,,0
SGP25,Saudi Arabian Grand Prix,VER,1.0,4.0,9.0,3.0,4.0,0,0,1,5.5,2.6,0.25,0.5775862068965517,0.3448275862068966,116,1,1,0,0.13076190476190475,0.20904761904761904,0.15203309692671396,423,0.77,0.602,0.6973809523809524,42,,,0
MGP25,Miami Grand Prix,ALB,7.0,6.0,5.0,,,0,0,0,11.7,11.9,0.0,0.1052631578947368,0.0105263157894736,95,1,0,0,0.01,0.01,0.01,4,0.03,0.03,0.024615384615384615,13,,,0
MGP25,Miami Grand Prix,ALO,17.0,15.0,10.0,,,0,0,0,11.3,12.5,0.0253164556962025,0.1645569620253164,0.0,79,1,0,0,0.01,0.01,0.01,5,0.03,0.03,0.03,1,,,0
MGP25,Miami Grand Prix,ANT,4.0,9.0,9.0,,,0,0,0,7.2,8.0,0.2,0.2,0.0,5,1,0,0,0.037083333333333336,0.06354166666666666,0.05630208333333333,192,0.1943243243243243,0.18,0.2562162162162162,148,,,0
MGP25,Miami Grand Prix,BEA,20.0,19.0,16.0,,,0,0,0,13.166666666666666,14.6,0.0,0.0,0.0,9,1,0,0,0.01,0.01,0.01,1,0.02,0.02,0.02,2,,,0
MGP25,Miami Grand Prix,BOR,13.0,18.0,15.0,,,0,0,0,13.4,17.8,0.0,0.0,0.0,5,1,0,0,0.01,0.01,0.01,2,0.02,0.02,0.02,1,,,0
MGP25,Miami Grand Prix,DOO,14.0,,19.0,,,0,0,0,14.0,15.6,0.0,0.0,0.0,9,1,0,0,0.01,0.01,0.01,2,0.02,0.02,0.02,1,,,0
MGP25,Miami Grand Prix,GAS,18.0,14.0,17.0,,,0,0,0,12.0,11.4,0.0256410256410256,0.0683760683760683,0.0,117,1,0,0,0.01,0.01,0.01,2,0.02,0.03,0.025,2,,,0
MGP25,Miami Grand Prix,HAD,11.0,11.0,6.0,,,0,0,0,9.5,10.2,0.0,0.0,0.0,7,1,0,0,0.01,0.01,0.01,2,0.01,0.03,0.02,2,,,0
MGP25,Miami Grand Prix,HAM,12.0,7.0,13.0,,,0,0,0,6.4,8.7,0.2241379310344827,0.5172413793103449,0.2068965517241379,116,1,0,0,0.08076923076923076,0.024615384615384615,0.049272727272727274,55,0.04666666666666667,0.1716666666666667,0.126,25,,,0
MGP25,Miami Grand Prix,HUL,16.0,12.0,14.0,,,0,0,0,15.1,13.1,0.0,0.0,0.0,61,1,0,0,0.01,0.01,0.01,4,0.02,0.02,0.02,2,,,0
MGP25,Miami Grand Prix,LAW,15.0,17.0,11.0,,,0,0,0,12.2,15.3,0.0,0.0769230769230769,0.0,13,1,0,0,0.01,0.01,0.01,2,0.02,0.02,0.02,2,,,0
MGP25,Miami Grand Prix,LEC,8.0,4.0,2.0,,,0,0,0,7.4,4.6,0.0769230769230769,0.2307692307692307,0.188034188034188,117,1,0,0,0.0225,0.0525,0.0365,80,0.04923076923076923,0.41384615384615386,0.20057692307692307,52,,,0
MGP25,Miami Grand Prix,NOR,3.0,1.0,12.0,,,1,1,0,4.7,3.5,0.0683760683760683,0.1709401709401709,0.0341880341880341,117,1,0,0,0.12356249999999999,0.367875,0.275140625,640,0.9329411764705883,0.73,0.7995714285714286,70,,,0
MGP25,Miami Grand Prix,OCO,9.0,13.0,18.0,,,0,0,0,13.8,14.4,0.0,0.0,0.0,96,1,0,0,0.01,0.01,0.01,2,0.03,0.03,0.03,1,,,0
MGP25,Miami Grand Prix,PIA,2.0,2.0,1.0,,,0,1,0,4.6,3.0,0.1142857142857142,0.2,0.0571428571428571,35,1,0,0,0.905781990521327,0.3061137440758294,0.5044260355029586,845,0.931875,0.755,0.7809375,64,,,0
MGP25,Miami Grand Prix,RUS,5.0,3.0,7.0,,,0,1,0,7.3,5.3,0.0598290598290598,0.1282051282051282,0.0085470085470085,117,1,0,0,0.020869565217391303,0.07217391304347825,0.034574468085106384,94,0.9703571428571429,0.4092857142857143,0.6804464285714286,112,,,0
MGP25,Miami Grand Prix,SAI,6.0,8.0,4.0,,,0,0,0,7.0,7.1,0.0256410256410256,0.1538461538461538,0.0427350427350427,117,1,0,0,0.013999999999999999,0.012,0.013333333333333332,21,0.023333333333333334,0.4066666666666666,0.15833333333333333,12,,,0
MGP25,Miami Grand Prix,STR,19.0,16.0,20.0,,,0,0,0,12.3,15.0,0.0,0.0258620689655172,0.0086206896551724,116,1,0,0,0.01,0.01,0.01,4,0.02,0.02,0.02,1,,,0
MGP25,Miami Grand Prix,TSU,10.0,10.0,8.0,,,0,0,0,11.1,10.1,0.0126582278481012,0.0379746835443038,0.0,79,1,0,0,0.01,0.01,0.01,6,0.04,0.08,0.06,5,,,0
MGP25,Miami Grand Prix,VER,1.0,5.0,3.0,,,0,0,1,4.0,2.6,0.2478632478632478,0.5726495726495726,0.3504273504273504,117,1,0,0,0.08861344537815126,0.26903361344537813,0.2882161594963274,953,0.08931818181818181,0.604090909090909,0.4889204545454545,176,,,0
ERGP25,Emilia Romagna Grand Prix,ALB,7.0,3.0,8.0,9.0,9.0,0,1,0,10.6,11.2,0.0,0.1041666666666666,0.0104166666666666,96,0,0,0,0.01,0.01,0.01,3,0.1,0.11,0.10666666666666666,6,,,0
ERGP25,Emilia Romagna Grand Prix,ALO,6.0,11.0,14.0,14.0,11.0,0,0,0,12.2,13.7,0.025,0.1625,0.0,80,0,0,0,0.01,0.01,0.01,6,0.01,0.05,0.03375,8,,,0
ERGP25,Emilia Romagna Grand Prix,ANT,13.0,18.0,13.0,18.0,4.0,0,0,0,7.5,7.333333333333333,0.1666666666666666,0.1666666666666666,0.0,6,0,0,0,0.125625,0.0225,0.04805970149253731,67,0.075,0.2125,0.14421052631578946,19,,,0
ERGP25,Emilia Romagna Grand Prix,BEA,14.0,8.0,18.0,12.0,12.0,0,0,0,14.0,15.5,0.0,0.0,0.0,10,0,0,0,0.01,0.01,0.01,1,,,,0,,,0
ERGP25,Emilia Romagna Grand Prix,BOR,16.0,19.0,9.0,16.0,16.0,0,0,0,14.166666666666666,17.0,0.0,0.0,0.0,6,0,0,0,,,,0,,,,0,,,0
ERGP25,Emilia Romagna Grand Prix,COL,15.0,13.0,17.0,13.0,18.0,0,0,0,10.0,10.0,0.0,0.0,0.0,0,0,0,0,,,,0,,,,0,,,0
ERGP25,Emilia Romagna Grand Prix,GAS,9.0,14.0,6.0,3.0,15.0,0,0,0,12.4,11.5,0.0254237288135593,0.0677966101694915,0.0,118,0,0,0,0.01,0.01,0.01,4,,,,0,,,0
ERGP25,Emilia Romagna Grand Prix,HAD,10.0,7.0,19.0,7.0,7.0,0,0,0,9.8,10.333333333333334,0.0,0.0,0.0,8,0,0,0,0.01,0.01,0.01,1,,,,0,,,0
ERGP25,Emilia Romagna Grand Prix,HAM,12.0,2.0,5.0,11.0,10.0,0,1,0,6.7,9.2,0.2222222222222222,0.5128205128205128,0.2051282051282051,117,0,0,0,0.013999999999999999,0.021,0.033414634146341465,41,0.115,0.095,0.08222222222222221,9,,,0
ERGP25,Emilia Romagna Grand Prix,HUL,18.0,15.0,10.0,19.0,19.0,0,0,0,15.1,13.5,0.0,0.0,0.0,62,0,0,0,,,,0,,,,0,,,0
ERGP25,Emilia Romagna Grand Prix,LAW,17.0,16.0,15.0,15.0,14.0,0,0,0,12.7,14.8,0.0,0.0714285714285714,0.0,14,0,0,0,,,,0,,,,0,,,0
ERGP25,Emilia Romagna Grand Prix,LEC,11.0,6.0,12.0,6.0,5.0,0,0,0,6.9,4.6,0.0762711864406779,0.2288135593220339,0.1864406779661017,118,0,0,0,0.0175,0.030625,0.03953846153846154,65,0.0325,0.20875,0.1315625,32,,,0
ERGP25,Emilia Romagna Grand Prix,NOR,4.0,4.0,2.0,2.0,1.0,0,0,0,3.8,3.5,0.0762711864406779,0.1779661016949152,0.0338983050847457,118,0,0,0,0.12678571428571428,0.2617857142857143,0.1437797619047619,336,0.92,0.73,0.7595238095238095,21,,,0
ERGP25,Emilia Romagna Grand Prix,OCO,19.0,20.0,20.0,20.0,20.0,0,0,0,13.6,13.8,0.0,0.0,0.0,97,0,0,0,,,,0,,,,0,,,0
ERGP25,Emilia Romagna Grand Prix,PIA,1.0,5.0,1.0,1.0,2.0,0,0,1,4.1,2.6,0.1111111111111111,0.2222222222222222,0.0555555555555555,36,0,0,0,0.057435897435897436,0.3780769230769231,0.38102073365231265,627,0.9440000000000001,0.7909999999999999,0.8788372093023256,43,,,0
ERGP25,Emilia Romagna Grand Prix,RUS,3.0,9.0,4.0,4.0,8.0,0,0,0,7.1,4.9,0.059322033898305,0.135593220338983,0.0084745762711864,118,0,0,0,0.04,0.052941176470588235,0.042608695652173914,69,0.2076470588235294,0.48764705882352943,0.38071428571428567,70,,,0
ERGP25,Emilia Romagna Grand Prix,SAI,5.0,10.0,3.0,10.0,6.0,0,0,0,7.5,7.3,0.0254237288135593,0.1525423728813559,0.0423728813559322,118,0,0,0,0.01,0.01,0.01,7,0.06,0.09,0.24,6,,,0
ERGP25,Emilia Romagna Grand Prix,STR,8.0,17.0,11.0,17.0,13.0,0,0,0,12.7,15.3,0.0,0.0256410256410256,0.0085470085470085,117,0,0,0,0.01,0.01,0.01,1,0.02,0.02,0.02,1,,,0
ERGP25,Emilia Romagna Grand Prix,TSU,,12.0,16.0,8.0,17.0,0,0,0,11.0,10.1,0.0125,0.0375,0.0,80,0,0,0,0.01,0.01,0.01,2,0.01,0.02,0.015,2,,,0
ERGP25,Emilia Romagna Grand Prix,VER,2.0,1.0,7.0,5.0,3.0,1,1,0,4.4,2.6,0.2457627118644068,0.5677966101694916,0.3559322033898305,118,0,0,0,0.8955263157894737,0.19875,0.5154754098360655,610,0.8592307692307692,0.5346153846153846,0.6730909090909091,55,,,0
MCGP25,Monaco Grand Prix,ALB,6.0,9.0,4.0,8.0,6.0,0,0,0,9.7,10.5,0.0,0.1134020618556701,0.0103092783505154,97,1,0,0,0.011428571428571429,0.010714285714285714,0.010517241379310345,58,0.14,0.14,0.14,1,,,0
MCGP25,Monaco Grand Prix,ALO,8.0,18.0,10.0,7.0,12.0,0,0,0,13.2,14.0,0.0246913580246913,0.1604938271604938,0.0,81,1,0,0,0.01,0.01,0.01,9,0.09,0.09,0.09,3,,,0
MCGP25,Monaco Grand Prix,ANT,15.0,3.0,11.0,9.0,10.0,0,1,0,9.0,8.142857142857142,0.1428571428571428,0.1428571428571428,0.0,7,1,0,0,0.014285714285714285,0.012857142857142859,0.017,30,0.01,0.14,0.075,2,,,0
MCGP25,Monaco Grand Prix,BEA,17.0,10.0,15.0,15.0,16.0,0,0,0,13.25,15.285714285714286,0.0,0.0,0.0,11,1,0,0,0.01,0.01,0.01,2,,,,0,,,0
MCGP25,Monaco Grand Prix,BOR,16.0,12.0,18.0,14.0,19.0,0,0,0,14.857142857142858,16.857142857142858,0.0,0.0,0.0,7,1,0,0,0.01,0.01,0.01,2,0.01,0.01,0.01,1,,,0
MCGP25,Monaco Grand Prix,COL,20.0,16.0,19.0,20.0,20.0,0,0,0,13.0,15.0,0.0,0.0,0.0,1,1,0,0,,,,0,,,,0,,,0
MCGP25,Monaco Grand Prix,GAS,18.0,20.0,8.0,17.0,14.0,0,0,0,12.2,10.9,0.0252100840336134,0.0672268907563025,0.0,119,1,0,0,0.01,0.01,0.01,1,0.01,0.01,0.01,2,,,0
MCGP25,Monaco Grand Prix,HAD,7.0,19.0,13.0,6.0,17.0,0,0,0,9.333333333333334,10.285714285714286,0.0,0.0,0.0,9,1,0,0,0.05666666666666667,0.01,0.040769230769230766,13,0.04,0.01,0.03666666666666667,3,,,0
MCGP25,Monaco Grand Prix,HAM,4.0,7.0,9.0,3.0,5.0,0,0,0,5.5,8.6,0.2203389830508474,0.5169491525423728,0.2033898305084746,118,1,0,0,0.034583333333333334,0.027083333333333334,0.0409375,192,0.09,0.14666666666666667,0.16285714285714284,14,,,0
MCGP25,Monaco Grand Prix,HUL,14.0,15.0,12.0,16.0,13.0,0,0,0,15.5,14.4,0.0,0.0,0.0,63,1,0,0,0.01,0.01,0.01,1,0.01,0.01,0.01,1,,,0
MCGP25,Monaco Grand Prix,LAW,10.0,17.0,17.0,5.0,7.0,0,0,0,13.5,15.3,0.0,0.0666666666666666,0.0,15,1,0,0,0.01,0.01,0.01,2,,,,0,,,0
MCGP25,Monaco Grand Prix,LEC,2.0,6.0,1.0,1.0,1.0,0,0,0,6.9,5.1,0.0756302521008403,0.226890756302521,0.1848739495798319,119,1,0,0,0.19131386861313868,0.09496350364963504,0.17916515426497276,551,0.8026666666666666,0.32466666666666666,0.6067741935483871,62,,,0
MCGP25,Monaco Grand Prix,NOR,1.0,1.0,3.0,4.0,3.0,1,1,1,3.8,3.5,0.0756302521008403,0.1764705882352941,0.0336134453781512,119,1,0,0,0.9019298245614036,0.24228070175438596,0.5725054466230937,459,0.85,0.69,0.7810526315789474,19,,,0
MCGP25,Monaco Grand Prix,OCO,9.0,14.0,16.0,19.0,18.0,0,0,0,14.3,14.4,0.0,0.0,0.0,98,1,0,0,0.01,0.01,0.01,1,0.01,0.01,0.01,1,,,0
MCGP25,Monaco Grand Prix,PIA,3.0,4.0,5.0,2.0,4.0,0,0,0,3.7,2.2,0.1081081081081081,0.2162162162162162,0.081081081081081,37,1,0,0,0.09885714285714287,0.33271428571428574,0.21597864768683273,281,0.8088888888888889,0.7433333333333333,0.7510526315789474,38,,,0
MCGP25,Monaco Grand Prix,RUS,13.0,2.0,6.0,12.0,11.0,0,1,0,6.9,4.4,0.0588235294117647,0.134453781512605,0.0084033613445378,119,1,0,0,0.0125,0.03875,0.026000000000000002,35,0.07461538461538461,0.47692307692307695,0.2784905660377358,53,,,0
MCGP25,Monaco Grand Prix,SAI,11.0,5.0,7.0,13.0,8.0,0,0,0,8.3,7.1,0.0252100840336134,0.1512605042016806,0.042016806722689,119,1,0,0,0.01,0.010714285714285714,0.010175438596491228,57,,,,0,,,0
MCGP25,Monaco Grand Prix,STR,19.0,11.0,20.0,18.0,15.0,0,0,0,13.6,15.0,0.0,0.0254237288135593,0.0084745762711864,118,1,0,0,0.01,0.01,0.01,1,0.01,0.01,0.01,1,,,0
MCGP25,Monaco Grand Prix,TSU,12.0,13.0,14.0,11.0,9.0,0,0,0,10.8,10.1,0.0123456790123456,0.037037037037037,0.0,81,1,0,0,0.02,0.01,0.012,5,0.035,0.07,0.060909090909090906,11,,,0
MCGP25,Monaco Grand Prix,VER,5.0,8.0,2.0,10.0,2.0,0,0,0,4.3,2.7,0.2521008403361344,0.5714285714285714,0.3529411764705882,119,1,0,0,0.07770491803278688,0.2268032786885246,0.15353061224489795,490,0.4988888888888889,0.5722222222222222,0.504054054054054,37,,,0
SAGP25,Spanish Grand Prix,ALB,11.0,19.0,,16.0,19.0,0,0,0,10.4,9.7,0.0,0.1122448979591836,0.010204081632653,98,0,1,1,0.01,0.01,0.01,3,,,,0,,,0
SAGP25,Spanish Grand Prix,ALO,10.0,11.0,13.0,7.0,8.0,0,0,0,13.9,13.3,0.024390243902439,0.1585365853658536,0.0,82,0,1,1,0.01,0.01,0.01,5,,,,0,,,0
SAGP25,Spanish Grand Prix,ANT,6.0,12.0,18.0,6.0,7.0,0,0,0,8.25,9.0,0.125,0.25,0.0,8,0,1,1,0.06,0.01,0.022000000000000002,5,0.042,0.096,0.062,20,,,0
SAGP25,Spanish Grand Prix,BEA,15.0,16.0,7.0,19.0,20.0,0,0,0,12.88888888888889,15.5,0.0,0.0,0.0,12,0,1,1,0.01,0.01,0.01,2,,,,0,,,0
SAGP25,Spanish Grand Prix,BOR,12.0,13.0,16.0,17.0,11.0,0,0,0,14.5,16.75,0.0,0.0,0.0,8,0,1,1,0.01,0.01,0.01,4,,,,0,,,0
SAGP25,Spanish Grand Prix,COL,19.0,14.0,20.0,20.0,17.0,0,0,0,14.5,17.5,0.0,0.0,0.0,2,0,1,1,,,,0,,,,0,,,0
SAGP25,Spanish Grand Prix,GAS,8.0,9.0,10.0,8.0,16.0,0,0,0,13.7,11.9,0.025,0.0666666666666666,0.0,120,0,1,1,0.01,0.01,0.015714285714285715,7,,,,0,,,0
SAGP25,Spanish Grand Prix,HAD,9.0,8.0,8.0,9.0,6.0,0,0,0,10.714285714285714,9.875,0.0,0.0,0.0,10,0,1,1,0.01,0.01,0.01,2,,,,0,,,0
SAGP25,Spanish Grand Prix,HAM,5.0,7.0,3.0,11.0,9.0,0,0,0,5.5,8.3,0.2184873949579832,0.5126050420168067,0.2016806722689075,119,0,1,1,0.0125,0.0325,0.02,32,0.047142857142857146,0.1442857142857143,0.07466666666666667,30,,,0
SAGP25,Spanish Grand Prix,HIR,,,17.0,,,0,0,0,10.0,10.0,0.0,0.0,0.0,2,0,1,1,,,,0,,,,0,,,0
SAGP25,Spanish Grand Prix,HUL,16.0,6.0,14.0,12.0,12.0,0,0,0,15.7,14.8,0.0,0.0,0.0,64,0,1,1,0.01,0.01,0.01,2,,,,0,,,0
SAGP25,Spanish Grand Prix,LAW,13.0,18.0,6.0,10.0,10.0,0,0,0,13.7,15.1,0.0,0.0625,0.0,16,0,1,1,0.01,0.01,0.01,3,,,,0,,,0
SAGP25,Spanish Grand Prix,LEC,7.0,5.0,4.0,5.0,3.0,0,0,0,6.9,5.1,0.075,0.225,0.1833333333333333,120,0,1,1,0.03761904761904762,0.05666666666666667,0.033255813953488374,86,0.7013513513513513,0.20972972972972972,0.42576158940397346,151,,,0
SAGP25,Spanish Grand Prix,MAR,,,19.0,,,0,0,0,10.0,10.0,0.0,0.0,0.0,1,0,1,1,,,,0,,,,0,,,0
SAGP25,Spanish Grand Prix,NOR,2.0,2.0,1.0,4.0,2.0,0,1,0,3.4,3.1,0.0833333333333333,0.1833333333333333,0.0416666666666666,120,0,1,1,0.06258620689655173,0.3931034482758621,0.14726495726495725,234,0.135,0.5823529411764706,0.3486861313868613,137,,,0
SAGP25,Spanish Grand Prix,OCO,17.0,15.0,,18.0,18.0,0,0,0,14.2,14.0,0.0,0.0,0.0,99,0,1,1,0.01,0.01,0.01,3,,,,0,,,0
SAGP25,Spanish Grand Prix,PIA,1.0,1.0,5.0,1.0,1.0,1,1,1,4.0,1.9,0.1052631578947368,0.2105263157894736,0.0789473684210526,38,0,1,1,0.8875968992248062,0.4916279069767442,0.6153949903660887,519,0.9663636363636364,0.8309090909090909,0.8571739130434782,46,,,0
SAGP25,Spanish Grand Prix,RUS,3.0,4.0,11.0,2.0,4.0,0,0,0,5.8,4.8,0.0583333333333333,0.1416666666666666,0.0083333333333333,120,0,1,1,0.05361111111111111,0.08638888888888889,0.06816326530612245,147,0.329375,0.4946875,0.46746153846153843,130,,,0
SAGP25,Spanish Grand Prix,SAI,18.0,17.0,15.0,14.0,13.0,0,0,0,7.8,7.9,0.025,0.15,0.0416666666666666,120,0,1,1,0.01,0.01,0.01,4,0.045,0.04,0.03272727272727273,11,,,0
SAGP25,Spanish Grand Prix,STR,14.0,,12.0,15.0,15.0,0,0,0,13.8,15.7,0.0,0.0252100840336134,0.0084033613445378,119,0,1,1,0.01,0.01,0.01,4,,,,0,,,0
SAGP25,Spanish Grand Prix,TSU,20.0,10.0,9.0,13.0,14.0,0,0,0,10.1,9.4,0.0121951219512195,0.0365853658536585,0.0,82,0,1,1,0.01,0.01,0.01,3,0.01,0.07,0.0325,4,,,0
SAGP25,Spanish Grand Prix,VER,4.0,3.0,2.0,3.0,5.0,0,1,0,4.3,3.1,0.25,0.5666666666666667,0.35,120,0,1,1,0.22852631578947366,0.2855263157894737,0.33796320630749016,761,0.8060416666666668,0.6772916666666667,0.6941145833333333,192,,,0
CAGP25,Canadian Grand Prix,ALB,10.0,18.0,2.0,4.0,10.0,0,0,0,10.8,9.3,0.0,0.1111111111111111,0.0101010101010101,99,0,0,0,0.01,0.04,0.017333333333333333,15,0.01,0.1,0.05428571428571429,7,,,0
CAGP25,Canadian Grand Prix,ALO,6.0,12.0,12.0,5.0,6.0,0,0,0,14.8,12.3,0.0240963855421686,0.1566265060240964,0.0,83,0,0,0,0.01,0.03333333333333333,0.01583333333333333,12,0.07,0.045,0.0575,8,,,0
CAGP25,Canadian Grand Prix,ANT,4.0,7.0,13.0,3.0,7.0,0,0,0,8.666666666666666,8.666666666666666,0.1111111111111111,0.2222222222222222,0.0,9,0,0,0,0.07277777777777777,0.02388888888888889,0.05226666666666666,75,0.9871428571428571,0.15857142857142859,0.53,31,,,0
CAGP25,Canadian Grand Prix,BEA,14.0,15.0,17.0,16.0,15.0,0,0,0,13.2,15.444444444444445,0.0,0.0,0.0,13,0,0,0,0.01,0.01,0.01,2,,,,0,,,0
CAGP25,Canadian Grand Prix,BOR,16.0,16.0,16.0,13.0,19.0,0,0,0,14.333333333333334,16.22222222222222,0.0,0.0,0.0,9,0,0,0,0.01,0.01,0.01,2,,,,0,,,0
CAGP25,Canadian Grand Prix,COL,12.0,17.0,19.0,18.0,17.0,0,0,0,14.333333333333334,18.0,0.0,0.0,0.0,3,0,0,0,0.01,0.01,0.01,4,,,,0,,,0
CAGP25,Canadian Grand Prix,GAS,20.0,11.0,9.0,12.0,12.0,0,0,0,12.9,11.3,0.024793388429752,0.0661157024793388,0.0,121,0,0,0,0.01,0.01,0.01,2,,,,0,,,0
CAGP25,Canadian Grand Prix,HAD,9.0,19.0,6.0,11.0,11.0,0,0,0,10.375,9.77777777777778,0.0,0.0,0.0,11,0,0,0,0.01,0.01,0.01,1,,,,0,,,0
CAGP25,Canadian Grand Prix,HAM,5.0,9.0,5.0,8.0,4.0,0,0,0,5.4,8.0,0.2166666666666666,0.5083333333333333,0.2,120,0,0,0,0.06,0.03333333333333333,0.031400000000000004,50,0.1425,0.14125,0.155,34,,,0
CAGP25,Canadian Grand Prix,HUL,13.0,14.0,20.0,14.0,18.0,0,0,0,14.9,15.5,0.0,0.0,0.0,65,0,0,0,0.01,0.01,0.01,1,,,,0,,,0
CAGP25,Canadian Grand Prix,LAW,19.0,20.0,8.0,10.0,13.0,0,0,0,14.0,15.4,0.0,0.0588235294117647,0.0,17,0,0,0,0.01,0.01,0.01,2,,,,0,,,0
CAGP25,Canadian Grand Prix,LEC,8.0,4.0,10.0,,2.0,0,0,0,6.9,5.4,0.0743801652892562,0.2231404958677686,0.1818181818181818,121,0,0,0,0.018333333333333333,0.05,0.03411764705882353,51,0.06333333333333332,0.2866666666666667,0.18928571428571428,14,,,0
CAGP25,Canadian Grand Prix,NOR,7.0,2.0,7.0,2.0,1.0,0,1,0,3.0,3.0,0.0826446280991735,0.1900826446280991,0.0413223140495867,121,0,0,0,0.07218181818181818,0.31327272727272726,0.1638914027149321,221,0.33375,0.70125,0.5533333333333333,33,,,0
CAGP25,Canadian Grand Prix,OCO,15.0,8.0,18.0,17.0,16.0,0,0,0,14.1,14.5,0.0,0.0,0.0,100,0,0,0,0.01,0.01,0.01,1,,,,0,,,0
CAGP25,Canadian Grand Prix,PIA,3.0,3.0,14.0,6.0,9.0,0,1,0,3.7,1.8,0.1282051282051282,0.2307692307692307,0.1025641025641025,39,0,0,0,0.11896103896103898,0.39506493506493506,0.31385113268608417,309,0.5971428571428572,0.7685714285714286,0.745,30,,,0
CAGP25,Canadian Grand Prix,RUS,1.0,1.0,4.0,1.0,3.0,1,1,1,6.1,4.5,0.0578512396694214,0.140495867768595,0.0082644628099173,121,0,0,0,0.9314893617021276,0.1981914893617021,0.5161741424802111,379,0.769,0.447,0.5964285714285714,42,,,0
CAGP25,Canadian Grand Prix,SAI,17.0,6.0,3.0,7.0,8.0,0,0,0,9.1,9.2,0.024793388429752,0.1487603305785124,0.0413223140495867,121,0,0,0,0.01,0.05,0.025,6,,,,0,,,0
CAGP25,Canadian Grand Prix,STR,18.0,10.0,15.0,19.0,14.0,0,0,0,13.8,15.8,0.0,0.025,0.0083333333333333,120,0,0,0,0.01,0.01,0.01,2,,,,0,,,0
CAGP25,Canadian Grand Prix,TSU,11.0,13.0,11.0,15.0,20.0,0,0,0,10.1,10.3,0.0120481927710843,0.036144578313253,0.0,83,0,0,0,0.01,0.01,0.01,1,,,,0,,,0
CAGP25,Canadian Grand Prix,VER,2.0,5.0,1.0,9.0,5.0,0,0,0,3.7,3.4,0.2479338842975206,0.5702479338842975,0.3471074380165289,121,0,0,0,0.11940740740740742,0.2982222222222222,0.30983333333333335,540,0.98,0.6316666666666666,0.7669230769230769,26,,,0
AUGP25,Austrian Grand Prix,ALB,13.0,17.0,7.0,16.0,14.0,0,0,0,11.2,9.3,0.0,0.11,0.01,100,0,1,1,0.01,0.01,0.01,1,,,,0,,,0
AUGP25,Austrian Grand Prix,ALO,12.0,12.0,14.0,9.0,12.0,0,0,0,14.4,11.3,0.0238095238095238,0.1547619047619047,0.0,84,0,1,1,,,,0,,,,0,,,0
AUGP25,Austrian Grand Prix,ANT,10.0,,11.0,11.0,7.0,0,0,0,8.5,8.2,0.1,0.2,0.0,10,0,1,1,0.01,0.04,0.01894736842105263,19,0.01,0.13,0.08666666666666666,3,,,0
AUGP25,Austrian Grand Prix,BEA,14.0,13.0,20.0,18.0,17.0,0,0,0,14.2,15.3,0.0,0.0,0.0,14,0,1,1,,,,0,,,,0,,,0
AUGP25,Austrian Grand Prix,BEG,,,18.0,,,0,0,0,10.0,10.0,0.0,0.0,0.0,2,0,1,1,,,,0,,,,0,,,0
AUGP25,Austrian Grand Prix,BOR,7.0,6.0,6.0,8.0,10.0,0,0,0,14.5,16.2,0.0,0.0,0.0,10,0,1,1,,,,0,0.18,0.18,0.18,1,,,0
AUGP25,Austrian Grand Prix,COL,15.0,10.0,16.0,20.0,19.0,0,0,0,15.0,16.5,0.0,0.0,0.0,4,0,1,1,,,,0,,,,0,,,0
AUGP25,Austrian Grand Prix,DUN,,,4.0,,,0,0,0,10.0,10.0,0.0,0.0,0.0,0,0,1,1,,,,0,,,,0,,,0
AUGP25,Austrian Grand Prix,GAS,8.0,15.0,5.0,14.0,16.0,0,0,0,12.3,12.4,0.0245901639344262,0.0655737704918032,0.0,122,0,1,1,,,,0,,,,0,,,0
AUGP25,Austrian Grand Prix,HAD,11.0,16.0,10.0,13.0,20.0,0,0,0,11.333333333333334,9.7,0.0,0.0,0.0,12,0,1,1,,,,0,,,,0,,,0
AUGP25,Austrian Grand Prix,HAM,4.0,3.0,9.0,10.0,5.0,0,1,0,6.2,7.8,0.2148760330578512,0.5041322314049587,0.1983471074380165,121,0,1,1,0.05,0.0175,0.02345679012345679,81,0.35,0.134,0.22047619047619046,21,,,0
AUGP25,Austrian Grand Prix,HUL,20.0,8.0,12.0,19.0,13.0,0,0,0,14.3,15.6,0.0,0.0,0.0,66,0,1,1,,,,0,,,,0,,,0
AUGP25,Austrian Grand Prix,LAW,9.0,14.0,15.0,12.0,11.0,0,0,0,14.4,15.5,0.0,0.0555555555555555,0.0,18,0,1,1,0.01,0.01,0.01,5,0.06,0.06,0.06,1,,,0
AUGP25,Austrian Grand Prix,LEC,2.0,4.0,,5.0,4.0,0,0,0,6.7,6.1,0.0737704918032786,0.221311475409836,0.180327868852459,122,0,1,1,0.04490196078431372,0.02235294117647059,0.0564390243902439,205,0.8546153846153847,0.2884615384615385,0.5744444444444444,54,,,0
AUGP25,Austrian Grand Prix,NOR,1.0,2.0,,1.0,1.0,0,1,1,2.2,3.3,0.081967213114754,0.1967213114754098,0.040983606557377,122,0,1,1,0.9103496503496504,0.38566433566433567,0.669895652173913,575,0.924,0.722,0.8215,20,,,0
AUGP25,Austrian Grand Prix,OCO,17.0,9.0,19.0,15.0,18.0,0,0,0,13.3,14.9,0.0,0.0,0.0,101,0,1,1,,,,0,,,,0,,,0
AUGP25,Austrian Grand Prix,PIA,3.0,1.0,3.0,2.0,2.0,1,1,0,2.9,1.9,0.125,0.25,0.1,40,0,1,1,0.11743119266055047,0.25137614678899084,0.23714611872146119,438,0.7714285714285714,0.7685714285714286,0.7893333333333333,30,,,0
AUGP25,Austrian Grand Prix,RUS,5.0,7.0,1.0,6.0,6.0,0,0,0,5.5,4.1,0.0655737704918032,0.1475409836065573,0.0163934426229508,122,0,1,1,0.022857142857142857,0.07714285714285714,0.037096774193548385,31,0.3483333333333334,0.49166666666666664,0.38875,24,,,0
AUGP25,Austrian Grand Prix,SAI,19.0,,8.0,17.0,15.0,0,0,0,9.0,10.6,0.0245901639344262,0.1475409836065573,0.040983606557377,122,0,1,1,,,,0,,,,0,,,0
AUGP25,Austrian Grand Prix,STR,16.0,5.0,13.0,4.0,8.0,0,0,0,13.8,16.2,0.0,0.024793388429752,0.0082644628099173,121,0,1,1,,,,0,,,,0,,,0
AUGP25,Austrian Grand Prix,TSU,18.0,11.0,17.0,7.0,9.0,0,0,0,10.3,10.7,0.0119047619047619,0.0357142857142857,0.0,84,0,1,1,0.01,0.01,0.01,1,,,,0,,,0
AUGP25,Austrian Grand Prix,VER,6.0,,2.0,3.0,3.0,0,0,0,4.0,3.0,0.2459016393442623,0.5655737704918032,0.3442622950819672,122,0,1,1,0.05477272727272728,0.19227272727272726,0.08965909090909091,176,0.294,0.6793333333333333,0.46476190476190476,63,,,0
BRGP25,British Grand Prix,ALB,14.0,4.0,7.0,11.0,7.0,0,0,0,12.1,10.0,0.0,0.1089108910891089,0.0099009900990099,101,0,0,0,0.01,0.01,0.01,12,0.06,0.05,0.055,2,,,0
BRGP25,British Grand Prix,ALO,9.0,6.0,11.0,12.0,17.0,0,0,0,13.9,11.3,0.0235294117647058,0.1529411764705882,0.0,85,0,0,0,0.01,0.015,0.010909090909090908,11,0.06,0.06,0.05666666666666667,3,,,0
BRGP25,British Grand Prix,ANT,7.0,16.0,9.0,6.0,14.0,0,0,0,8.5,7.6,0.0909090909090909,0.1818181818181818,0.0,11,0,0,0,0.012,0.013999999999999999,0.013000000000000001,20,0.06,0.325,0.11,11,,,0
BRGP25,British Grand Prix,ARO,,,17.0,,,0,0,0,10.0,10.0,0.0,0.0,0.0,0,0,0,0,,,,0,,,,0,,,0
BRGP25,British Grand Prix,BEA,8.0,13.0,18.0,19.0,6.0,0,0,0,13.9,15.6,0.0,0.0,0.0,15,0,0,0,0.01,0.01,0.01,3,,,,0,,,0
BRGP25,British Grand Prix,BOR,17.0,18.0,20.0,13.0,16.0,0,0,0,14.6,15.4,0.0,0.0,0.0,11,0,0,0,0.01,0.01,0.01,1,,,,0,,,0
BRGP25,British Grand Prix,COL,20.0,,16.0,20.0,18.0,0,0,0,14.0,16.2,0.0,0.0,0.0,5,0,0,0,0.01,0.01,0.01,4,,,,0,,,0
BRGP25,British Grand Prix,GAS,10.0,8.0,19.0,18.0,20.0,0,0,0,12.9,12.2,0.024390243902439,0.065040650406504,0.0,123,0,0,0,0.04333333333333333,0.01,0.021666666666666664,12,0.05,0.05,0.05,3,,,0
BRGP25,British Grand Prix,HAD,13.0,17.0,6.0,9.0,9.0,0,0,0,11.8,9.7,0.0,0.0,0.0,13,0,0,0,0.01,0.01,0.01,1,0.1,0.1,0.1,1,,,0
BRGP25,British Grand Prix,HAM,5.0,3.0,1.0,3.0,11.0,0,1,0,5.8,7.4,0.2131147540983606,0.5081967213114754,0.1967213114754098,122,0,0,0,0.0789655172413793,0.11620689655172414,0.09066381156316916,467,0.38902439024390245,0.30365853658536585,0.3125609756097561,164,,,0
BRGP25,British Grand Prix,HUL,19.0,14.0,,17.0,15.0,0,0,0,13.9,15.9,0.0,0.0,0.0,67,0,0,0,0.015,0.01,0.02764705882352941,17,0.99,0.5,0.8607692307692308,26,,,0
BRGP25,British Grand Prix,LAW,16.0,,8.0,10.0,10.0,0,0,0,15.6,14.6,0.0,0.0526315789473684,0.0,19,0,0,0,,,,0,,,,0,,,0
BRGP25,British Grand Prix,LEC,6.0,10.0,4.0,2.0,1.0,0,0,0,5.8,5.6,0.073170731707317,0.2195121951219512,0.1788617886178861,123,0,0,0,0.04193548387096774,0.04935483870967742,0.039603174603174605,126,0.14777777777777779,0.2877777777777778,0.2311111111111111,36,,,0
BRGP25,British Grand Prix,LIN,,,14.0,,,0,0,0,10.0,10.0,0.0,0.0,0.0,0,0,0,0,,,,0,,,,0,,,0
BRGP25,British Grand Prix,NOR,3.0,2.0,2.0,1.0,4.0,0,1,0,2.3,3.3,0.08130081300813,0.2032520325203252,0.048780487804878,123,0,0,0,0.8789805825242719,0.34645631067961163,0.4616140776699029,824,0.9785714285714286,0.7764285714285714,0.83125,56,,,0
BRGP25,British Grand Prix,OCO,15.0,9.0,15.0,14.0,13.0,0,0,0,12.7,14.7,0.0,0.0,0.0,102,0,0,0,0.01,0.01,0.01,2,,,,0,,,0
BRGP25,British Grand Prix,PIA,2.0,1.0,3.0,4.0,2.0,1,1,0,2.6,2.0,0.1463414634146341,0.2682926829268293,0.0975609756097561,41,0,0,0,0.13066964285714286,0.3396875,0.3569632925472747,899,0.9177777777777777,0.7888888888888889,0.8072972972972973,37,,,0
BRGP25,British Grand Prix,RUS,4.0,11.0,5.0,8.0,8.0,0,0,0,5.1,4.2,0.065040650406504,0.1463414634146341,0.016260162601626,123,0,0,0,0.04195652173913044,0.07173913043478261,0.04572972972972973,185,0.20363636363636364,0.3463636363636363,0.20733333333333334,45,,,0
BRGP25,British Grand Prix,SAI,11.0,7.0,13.0,16.0,12.0,0,0,0,9.0,11.6,0.024390243902439,0.1463414634146341,0.040650406504065,123,0,0,0,0.01,0.01,0.01,2,0.05,0.05,0.05,1,,,0
BRGP25,British Grand Prix,STR,18.0,15.0,12.0,7.0,19.0,0,0,0,13.0,16.4,0.0,0.0245901639344262,0.0081967213114754,122,0,0,0,0.023333333333333334,0.01,0.03222222222222222,27,0.025,0.05,0.052000000000000005,10,,,0
BRGP25,British Grand Prix,TSU,12.0,12.0,,15.0,5.0,0,0,0,11.0,11.7,0.0117647058823529,0.0352941176470588,0.0,85,0,0,0,0.01,0.01,0.01,2,,,,0,,,0
BRGP25,British Grand Prix,VER,1.0,5.0,10.0,5.0,3.0,0,0,1,4.0,3.3,0.2439024390243902,0.5609756097560976,0.3414634146341463,123,0,0,0,0.1593305439330544,0.24309623430962343,0.28870563674321503,958,0.2,0.5384,0.5193069306930693,101,,,0
BELGP25,Belgian Grand Prix,ALB,5.0,15.0,12.0,,,0,0,0,11.1,10.4,0.0,0.1078431372549019,0.0098039215686274,102,0,0,0,0.01,0.01,0.01,135,0.06096774193548387,0.016451612903225808,0.05666666666666667,126,,,0
BELGP25,Belgian Grand Prix,ALO,19.0,5.0,9.0,,,0,0,0,12.5,10.8,0.0232558139534883,0.1511627906976744,0.0,86,0,0,0,0.01,0.01,0.01,62,0.01125,0.02375,0.01723076923076923,65,,,0
BELGP25,Belgian Grand Prix,ANT,18.0,1.0,6.0,,,1,1,0,9.2,7.5,0.0833333333333333,0.1666666666666666,0.0,12,0,0,0,0.012045454545454547,0.0125,0.014269662921348314,178,0.024074074074074074,0.07407407407407407,0.0487037037037037,108,,,0
BELGP25,Belgian Grand Prix,BEA,12.0,13.0,20.0,,,0,0,0,13.7,14.7,0.0,0.0,0.0,16,0,0,0,0.01,0.01,0.01,10,0.012,0.01,0.010909090909090908,22,,,0
BELGP25,Belgian Grand Prix,BOR,10.0,16.0,13.0,,,0,0,0,15.5,15.2,0.0,0.0,0.0,12,0,0,0,0.01,0.01,0.01,8,0.012,0.01,0.011428571428571429,21,,,0
BELGP25,Belgian Grand Prix,COL,17.0,8.0,19.0,,,0,0,0,14.0,16.833333333333332,0.0,0.0,0.0,6,0,0,0,0.01,0.01,0.01,10,0.01,0.01,0.01,15,,,0
BELGP25,Belgian Grand Prix,GAS,13.0,17.0,17.0,,,0,0,0,12.7,11.6,0.0241935483870967,0.064516129032258,0.0,124,0,0,0,0.01,0.01,0.01,22,0.014444444444444444,0.01,0.012564102564102564,39,,,0
BELGP25,Belgian Grand Prix,HAD,8.0,20.0,10.0,,,0,0,0,12.8,10.3,0.0,0.0,0.0,14,0,0,0,0.01,0.01,0.01,12,0.04454545454545454,0.01,0.03522727272727273,44,,,0
BELGP25,Belgian Grand Prix,HAM,14.0,10.0,7.0,,,0,0,0,6.0,7.4,0.2113821138211382,0.5121951219512195,0.1951219512195122,123,0,0,0,0.013609022556390977,0.05157894736842105,0.039136960600375234,533,0.075,0.29265151515151516,0.14795841209829869,529,,,0
BELGP25,Belgian Grand Prix,HUL,16.0,2.0,14.0,,,0,1,0,13.4,16.5,0.0,0.0,0.0,68,0,0,0,0.01,0.01,0.01,36,0.018095238095238095,0.21285714285714286,0.06847058823529412,85,,,0
BELGP25,Belgian Grand Prix,LAW,9.0,12.0,15.0,,,0,0,0,15.6,14.2,0.0,0.05,0.0,20,0,0,0,0.01,0.01,0.01,13,0.015,0.01,0.013333333333333332,24,,,0
BELGP25,Belgian Grand Prix,LEC,3.0,9.0,5.0,,,0,0,0,5.5,5.6,0.0725806451612903,0.2177419354838709,0.1774193548387097,124,0,0,0,0.035153061224489794,0.04948979591836735,0.04413265306122449,784,0.8634999999999999,0.31984999999999997,0.493275,800,,,0
BELGP25,Belgian Grand Prix,NOR,1.0,3.0,3.0,,,0,1,1,2.3,3.3,0.0806451612903225,0.2096774193548387,0.0483870967741935,124,0,0,0,0.1953016142735769,0.3027357689039932,0.2988813415410741,4711,0.8862576687116563,0.7573006134969326,0.8258015267175572,655,,,0
BELGP25,Belgian Grand Prix,OCO,11.0,14.0,16.0,,,0,0,0,13.1,15.1,0.0,0.0,0.0,103,0,0,0,0.01,0.01,0.01,29,0.016,0.01,0.0115,40,,,0
BELGP25,Belgian Grand Prix,PIA,2.0,4.0,1.0,,,0,0,0,2.3,2.1,0.1666666666666666,0.2857142857142857,0.0952380952380952,42,0,0,0,0.8084005869405722,0.3889288334556126,0.5397249220612507,5453,0.8696551724137932,0.7660344827586206,0.8301289398280802,698,,,0
BELGP25,Belgian Grand Prix,RUS,7.0,11.0,4.0,,,0,0,0,5.6,4.4,0.064516129032258,0.1451612903225806,0.0161290322580645,124,0,0,0,0.018721804511278195,0.04578947368421052,0.033345794392523366,535,0.11241758241758242,0.30417582417582417,0.20255494505494506,364,,,0
BELGP25,Belgian Grand Prix,SAI,15.0,6.0,11.0,,,0,0,0,9.2,11.5,0.0241935483870967,0.1451612903225806,0.0403225806451612,124,0,0,0,0.01,0.01,0.01,71,0.01631578947368421,0.017368421052631578,0.017105263157894738,76,,,0
BELGP25,Belgian Grand Prix,STR,20.0,18.0,8.0,,,0,0,0,13.1,16.7,0.0,0.024390243902439,0.008130081300813,123,0,0,0,0.01,0.01,0.01,16,0.01,0.01,0.01,21,,,0
BELGP25,Belgian Grand Prix,TSU,6.0,19.0,18.0,,,0,0,0,11.6,12.4,0.0116279069767441,0.0348837209302325,0.0,86,0,0,0,0.01,0.01,0.01,33,0.0525,0.011875,0.03307692307692307,65,,,0
BELGP25,Belgian Grand Prix,VER,4.0,7.0,2.0,,,0,0,0,4.2,3.0,0.2419354838709677,0.5564516129032258,0.3467741935483871,124,0,0,0,0.12751863684771034,0.19628328008519702,0.16945996275605213,3759,0.24102102102102102,0.6160960960960961,0.5448648648648649,1332,,,0
HUNGP25,Hungarian Grand Prix,ALB,20.0,14.0,11.0,18.0,16.0,0,0,0,12.0,10.0,0.0,0.1067961165048543,0.0097087378640776,103,0,0,0,0.01,0.01,0.01,134,0.01,0.02,0.01625,40,,,0
HUNGP25,Hungarian Grand Prix,ALO,5.0,8.0,,5.0,6.0,0,0,0,11.9,11.4,0.0229885057471264,0.1494252873563218,0.0,87,0,0,0,0.01,0.01,0.01,121,0.08108108108108109,0.07405405405405405,0.10351351351351351,296,,,0
HUNGP25,Hungarian Grand Prix,ANT,12.0,13.0,7.0,10.0,5.0,0,0,0,8.1,8.7,0.1538461538461538,0.2307692307692307,0.0,13,0,0,0,0.01,0.01,0.01,66,0.03666666666666667,0.07625,0.05391752577319588,97,,,0
HUNGP25,Hungarian Grand Prix,ARO,,,20.0,,,0,0,0,10.0,10.0,0.0,0.0,0.0,1,0,0,0,,,,0,,,,0,,,0
HUNGP25,Hungarian Grand Prix,BEA,13.0,20.0,6.0,11.0,11.0,0,0,0,13.5,14.9,0.0,0.0,0.0,17,0,0,0,0.01,0.01,0.01,6,0.01,0.01,0.01,10,,,0
HUNGP25,Hungarian Grand Prix,BOR,9.0,11.0,19.0,17.0,9.0,0,0,0,15.5,14.5,0.0,0.0,0.0,13,0,0,0,0.01,0.01,0.01,22,0.0125,0.01,0.01125,16,,,0
HUNGP25,Hungarian Grand Prix,COL,15.0,16.0,18.0,20.0,13.0,0,0,0,13.0,16.857142857142858,0.0,0.0,0.0,7,0,0,0,0.01,0.01,0.01,16,0.01,0.01,0.01,5,,,0
HUNGP25,Hungarian Grand Prix,DRU,,,16.0,,,0,0,0,10.0,10.0,0.0,0.0,0.0,4,0,0,0,,,,0,,,,0,,,0
HUNGP25,Hungarian Grand Prix,GAS,17.0,18.0,13.0,19.0,18.0,0,0,0,12.7,11.8,0.024,0.064,0.0,125,0,0,0,0.01,0.01,0.01,13,0.01,0.01,0.01,12,,,0
HUNGP25,Hungarian Grand Prix,HAD,7.0,15.0,4.0,8.0,20.0,0,0,0,14.1,10.4,0.0,0.0,0.0,15,0,0,0,0.01,0.01,0.01,15,0.01,0.013333333333333332,0.0152,25,,,0
HUNGP25,Hungarian Grand Prix,HAM,14.0,7.0,5.0,6.0,4.0,0,0,0,6.1,8.0,0.2096774193548387,0.5080645161290323,0.1935483870967742,124,0,0,0,0.0245,0.0405,0.0349644128113879,562,0.05270491803278689,0.21770491803278688,0.16587755102040816,490,,,0
HUNGP25,Hungarian Grand Prix,HUL,19.0,6.0,,12.0,10.0,0,0,0,11.7,16.5,0.0,0.0144927536231884,0.0,69,0,0,0,0.01,0.01,0.01,21,0.013999999999999999,0.018000000000000002,0.017,20,,,0
HUNGP25,Hungarian Grand Prix,LAW,10.0,10.0,14.0,15.0,14.0,0,0,0,15.8,13.7,0.0,0.0476190476190476,0.0,21,0,0,0,0.01,0.01,0.01,13,0.01,0.01,0.01,5,,,0
HUNGP25,Hungarian Grand Prix,LEC,6.0,9.0,3.0,3.0,3.0,0,0,0,5.4,5.5,0.072,0.216,0.176,125,0,0,0,0.2916942675159236,0.0981656050955414,0.25113303628262257,3142,0.3980246913580247,0.44435185185185183,0.5394684129429892,1298,,,0
HUNGP25,Hungarian Grand Prix,NOR,1.0,5.0,1.0,1.0,2.0,0,0,1,2.1,3.2,0.08,0.216,0.056,125,0,0,0,0.5219407638347623,0.38153546375681996,0.38374634716540035,5133,0.8370384615384616,0.8105769230769231,0.8216218809980806,1042,,,0
HUNGP25,Hungarian Grand Prix,OCO,18.0,19.0,12.0,13.0,17.0,0,0,0,13.1,14.4,0.0,0.0,0.0,104,0,0,0,0.01,0.01,0.01,17,0.01,0.01,0.01,9,,,0
HUNGP25,Hungarian Grand Prix,PIA,2.0,2.0,2.0,2.0,1.0,0,1,0,2.5,2.0,0.1627906976744186,0.2790697674418604,0.0930232558139534,43,0,0,0,0.45075639019300995,0.40833594157537817,0.44243969226757074,7669,0.8908144796380091,0.8366968325791855,0.862975113122172,884,,,0
HUNGP25,Hungarian Grand Prix,RUS,4.0,1.0,8.0,7.0,8.0,1,1,0,5.9,4.6,0.064,0.144,0.016,125,0,0,0,0.028529411764705883,0.03536764705882353,0.026746323529411767,544,0.5992887029288703,0.1600418410041841,0.3505120167189133,957,,,0
HUNGP25,Hungarian Grand Prix,SAI,11.0,4.0,15.0,16.0,15.0,0,0,0,8.0,11.8,0.024,0.144,0.04,125,0,0,0,0.01,0.01,0.01,42,0.01,0.017777777777777778,0.015384615384615385,39,,,0
HUNGP25,Hungarian Grand Prix,STR,3.0,12.0,10.0,4.0,7.0,0,0,0,13.8,16.7,0.0,0.0241935483870967,0.0080645161290322,124,0,0,0,0.01,0.01,0.01,21,0.02789473684210526,0.012105263157894737,0.025128205128205128,78,,,0
HUNGP25,Hungarian Grand Prix,TSU,16.0,17.0,17.0,9.0,19.0,0,0,0,12.7,12.1,0.0114942528735632,0.0344827586206896,0.0,87,0,0,0,0.01,0.01,0.01,22,0.01,0.034,0.015454545454545453,22,,,0
HUNGP25,Hungarian Grand Prix,VER,8.0,3.0,9.0,14.0,12.0,0,1,0,4.6,3.3,0.24,0.552,0.344,125,0,0,0,0.0326080476900149,0.1447242921013413,0.1025521609538003,2684,0.1030952380952381,0.5784821428571428,0.32294423791821564,1345,,,0
DUTGP25,Dutch Grand Prix,ALB,15.0,7.0,5.0,17.0,7.0,0,0,0,12.1,10.4,0.0,0.1057692307692307,0.0096153846153846,104,0,0,0,0.01,0.01,0.01,12,0.01,0.02,0.03428571428571428,14,,,0
DUTGP25,Dutch Grand Prix,ALO,8.0,8.0,4.0,2.0,10.0,0,0,0,10.9,10.5,0.0227272727272727,0.1477272727272727,0.0,88,0,0,0,0.019411764705882354,0.018823529411764704,0.02563380281690141,71,0.028157894736842107,0.20026315789473684,0.16287581699346404,153,,,0
DUTGP25,Dutch Grand Prix,ANT,11.0,6.0,20.0,12.0,17.0,0,0,0,9.3,9.5,0.1428571428571428,0.2142857142857142,0.0,14,0,0,0,0.01,0.01,0.01,12,0.015555555555555555,0.04777777777777778,0.03210526315789474,38,,,0
DUTGP25,Dutch Grand Prix,BEA,19.0,13.0,19.0,11.0,15.0,0,0,0,14.0,14.2,0.0,0.0,0.0,18,0,0,0,0.01,0.01,0.01,5,0.01,0.01,0.01,2,,,0
DUTGP25,Dutch Grand Prix,BOR,13.0,15.0,9.0,13.0,13.0,0,0,0,14.7,13.6,0.0,0.0,0.0,14,0,0,0,0.01,0.01,0.01,5,0.01,0.02,0.018000000000000002,5,,,0
DUTGP25,Dutch Grand Prix,COL,16.0,4.0,18.0,9.0,20.0,0,0,0,13.428571428571429,16.625,0.0,0.0,0.0,8,0,0,0,0.01,0.01,0.01,4,0.01,0.01,0.011666666666666667,6,,,0
DUTGP25,Dutch Grand Prix,GAS,14.0,19.0,10.0,19.0,19.0,0,0,0,13.3,13.0,0.0238095238095238,0.0634920634920634,0.0,126,0,0,0,0.01,0.01,0.01,4,0.01,0.01,0.011428571428571429,7,,,0
DUTGP25,Dutch Grand Prix,HAD,4.0,5.0,12.0,,9.0,0,0,0,14.6,9.9,0.0,0.0,0.0,16,0,0,0,0.01,0.01,0.01,33,0.8874576271186441,0.0928813559322034,0.31778242677824264,239,,,0
DUTGP25,Dutch Grand Prix,HAM,6.0,20.0,15.0,6.0,14.0,0,0,0,6.2,8.5,0.208,0.504,0.192,125,0,0,0,0.013333333333333332,0.02,0.017346938775510204,49,0.04918918918918919,0.15405405405405406,0.10101351351351351,148,,,0
DUTGP25,Dutch Grand Prix,HUL,17.0,18.0,13.0,10.0,16.0,0,0,0,10.7,16.9,0.0,0.0142857142857142,0.0,70,0,0,0,0.01,0.01,0.01,4,0.01,0.01,0.012727272727272728,11,,,0
DUTGP25,Dutch Grand Prix,LAW,9.0,12.0,11.0,14.0,11.0,0,0,0,15.1,13.0,0.0,0.0454545454545454,0.0,22,0,0,0,0.01,0.01,0.01,4,0.01,0.01,0.0125,4,,,0
DUTGP25,Dutch Grand Prix,LEC,7.0,17.0,14.0,8.0,6.0,0,0,0,5.9,5.8,0.0714285714285714,0.2142857142857142,0.1746031746031746,126,0,0,0,0.015357142857142857,0.05571428571428571,0.033982300884955755,113,0.15,0.39,0.20512096774193547,248,,,0
DUTGP25,Dutch Grand Prix,NOR,2.0,2.0,1.0,1.0,1.0,0,1,0,2.3,2.7,0.0793650793650793,0.2142857142857142,0.0634920634920634,126,0,0,0,0.21870786516853932,0.4050561797752809,0.35381486676016827,1426,0.7981538461538462,0.8313846153846154,0.8405374280230327,521,,,0
DUTGP25,Dutch Grand Prix,OCO,18.0,14.0,17.0,15.0,18.0,0,0,0,13.8,14.9,0.0,0.0,0.0,105,0,0,0,0.01,0.01,0.01,5,0.01,0.01,0.01125,8,,,0
DUTGP25,Dutch Grand Prix,PIA,1.0,1.0,2.0,3.0,2.0,1,1,1,2.6,2.1,0.1590909090909091,0.2954545454545454,0.0909090909090909,44,0,0,0,0.860680529300567,0.4143667296786389,0.6232200188857413,2118,0.9026229508196721,0.8370491803278688,0.8701840490797547,489,,,0
DUTGP25,Dutch Grand Prix,RUS,5.0,9.0,7.0,4.0,3.0,0,0,0,5.8,4.8,0.0714285714285714,0.1507936507936507,0.0158730158730158,126,0,0,0,0.023414634146341463,0.032682926829268294,0.03084848484848485,165,0.21764705882352942,0.28258823529411764,0.2550145772594752,343,,,0
DUTGP25,Dutch Grand Prix,SAI,10.0,10.0,8.0,16.0,4.0,0,0,0,8.0,12.1,0.0238095238095238,0.1428571428571428,0.0396825396825396,126,0,0,0,0.01,0.01,0.01,10,0.04,0.027142857142857146,0.037142857142857144,28,,,0
DUTGP25,Dutch Grand Prix,STR,20.0,11.0,3.0,18.0,8.0,0,0,0,13.2,15.1,0.0,0.024,0.008,125,0,0,0,0.01,0.01,0.01,9,0.04833333333333333,0.03333333333333333,0.065,26,,,0
DUTGP25,Dutch Grand Prix,TSU,12.0,16.0,16.0,7.0,12.0,0,0,0,13.1,12.2,0.0113636363636363,0.034090909090909,0.0,88,0,0,0,0.01,0.01,0.01,7,0.01,0.01,0.023333333333333334,6,,,0
DUTGP25,Dutch Grand Prix,VER,3.0,3.0,6.0,5.0,5.0,0,1,0,4.6,3.4,0.238095238095238,0.5555555555555556,0.3412698412698413,126,0,0,0,0.07560402684563758,0.10016778523489933,0.08817267393126572,1193,0.7935424354243543,0.4812915129151291,0.5991059907834102,1085,,,0
ITAGP25,Italian Grand Prix,ALB,14.0,5.0,,7.0,10.0,0,0,0,11.2,10.8,0.0,0.1047619047619047,0.0095238095238095,105,0,0,0,0.01,0.01,0.01,14,0.02125,0.02625,0.03294117647058823,34,,,0
ITAGP25,Italian Grand Prix,ALO,9.0,19.0,9.0,15.0,12.0,0,0,0,10.6,10.0,0.0224719101123595,0.146067415730337,0.0,89,0,0,0,0.01,0.01,0.01,12,0.02,0.02,0.018421052631578946,19,,,0
ITAGP25,Italian Grand Prix,ANT,7.0,10.0,5.0,19.0,9.0,0,0,0,9.0,10.0,0.1333333333333333,0.2,0.0,15,0,0,0,0.01,0.01,0.01,19,0.03,0.035,0.05095890410958904,73,,,0
ITAGP25,Italian Grand Prix,ARO,,,20.0,,,0,0,0,10.0,10.0,0.0,0.0,0.0,2,0,0,0,,,,0,,,,0,,,0
ITAGP25,Italian Grand Prix,BAD,,,4.0,,,0,0,0,10.0,10.0,0.0,0.0,0.0,0,0,0,0,,,,0,,,,0,,,0
ITAGP25,Italian Grand Prix,BEA,11.0,9.0,19.0,14.0,17.0,0,0,0,14.0,14.6,0.0,0.0,0.0,19,0,0,0,0.01,0.01,0.01,5,0.01,0.01,0.01,4,,,0
ITAGP25,Italian Grand Prix,BOR,8.0,12.0,,12.0,6.0,0,0,0,14.4,12.9,0.0,0.0,0.0,15,0,0,0,0.01,0.01,0.01,5,0.03166666666666666,0.01,0.020833333333333336,24,,,0
ITAGP25,Italian Grand Prix,CAM,,,11.0,,,0,0,0,10.0,10.0,0.0,0.0,0.0,0,0,0,0,,,,0,,,,0,,,0
ITAGP25,Italian Grand Prix,CHO,,,17.0,,,0,0,0,10.0,10.0,0.0,0.0,0.0,0,0,0,0,,,,0,,,,0,,,0
ITAGP25,Italian Grand Prix,COL,18.0,15.0,,20.0,14.0,0,0,0,12.25,16.555555555555557,0.0,0.0,0.0,9,0,0,0,0.01,0.01,0.01,4,0.01,0.01,0.01,2,,,0
ITAGP25,Italian Grand Prix,DUN,,,16.0,,,0,0,0,10.0,10.0,0.0,0.0,0.0,1,0,0,0,,,,0,,,,0,,,0
ITAGP25,Italian Grand Prix,GAS,19.0,14.0,18.0,18.0,18.0,0,0,0,14.5,13.5,0.0236220472440944,0.0629921259842519,0.0,127,0,0,0,0.01,0.01,0.01,3,0.01,0.01,0.01,4,,,0
ITAGP25,Italian Grand Prix,HAD,16.0,11.0,10.0,11.0,8.0,0,0,0,13.7,8.9,0.0,0.0,0.0,17,0,0,0,0.01,0.01,0.01,10,0.031,0.02,0.0305,40,,,0
ITAGP25,Italian Grand Prix,HAM,5.0,6.0,1.0,5.0,7.0,0,0,0,7.5,8.1,0.2063492063492063,0.5,0.1904761904761904,126,0,0,0,0.01,0.021875,0.0233587786259542,131,0.06380952380952382,0.08619047619047619,0.11810650887573965,338,,,0
ITAGP25,Italian Grand Prix,HUL,12.0,,,8.0,11.0,0,0,0,11.0,16.8,0.0,0.0140845070422535,0.0,71,0,0,0,0.01,0.01,0.01,6,0.016666666666666666,0.01,0.011538461538461537,13,,,0
ITAGP25,Italian Grand Prix,LAW,20.0,17.0,13.0,17.0,16.0,0,0,0,14.6,12.7,0.0,0.0434782608695652,0.0,23,0,0,0,0.01,0.01,0.01,5,0.01,0.02,0.0175,4,,,0
ITAGP25,Italian Grand Prix,LEC,4.0,4.0,2.0,2.0,2.0,0,0,0,7.4,6.0,0.0708661417322834,0.2125984251968504,0.1732283464566929,127,0,0,0,0.047803030303030306,0.10568181818181818,0.09659133709981167,531,0.23808510638297872,0.4358156028368794,0.4143262411347518,564,,,0
ITAGP25,Italian Grand Prix,MAR,,,12.0,,,0,0,0,10.0,10.0,0.0,0.0,0.0,2,0,0,0,,,,0,,,,0,,,0
ITAGP25,Italian Grand Prix,NOR,2.0,1.0,6.0,1.0,1.0,1,1,0,2.4,2.5,0.0787401574803149,0.2204724409448819,0.0629921259842519,127,0,0,0,0.08274698795180722,0.35337349397590356,0.2834698795180723,1660,0.8874561403508773,0.7828947368421052,0.8015468409586056,459,,,0
ITAGP25,Italian Grand Prix,OCO,15.0,18.0,,16.0,20.0,0,0,0,13.5,14.8,0.0,0.0,0.0,106,0,0,0,0.01,0.01,0.01,6,0.01,0.01,0.01,3,,,0
ITAGP25,Italian Grand Prix,PIA,3.0,3.0,,4.0,3.0,0,1,0,2.4,2.0,0.1777777777777777,0.3111111111111111,0.1111111111111111,45,0,0,0,0.1286350974930362,0.4555710306406685,0.3190744606819763,1437,0.8443442622950819,0.8477049180327869,0.8212678936605318,489,,,0
ITAGP25,Italian Grand Prix,RUS,6.0,8.0,8.0,10.0,5.0,0,0,0,5.8,5.0,0.0708661417322834,0.1496062992125984,0.0157480314960629,127,0,0,0,0.012142857142857143,0.03214285714285715,0.04008928571428571,112,0.12342857142857143,0.3092857142857143,0.20604240282685513,283,,,0
ITAGP25,Italian Grand Prix,SAI,13.0,7.0,3.0,3.0,13.0,0,0,0,7.9,12.3,0.0236220472440944,0.1417322834645669,0.0393700787401574,127,0,0,0,0.01,0.01,0.01,21,0.04692307692307693,0.027692307692307693,0.05,54,,,0
ITAGP25,Italian Grand Prix,STR,17.0,13.0,15.0,13.0,19.0,0,0,0,12.3,15.5,0.0,0.0238095238095238,0.0079365079365079,126,0,0,0,0.01,0.01,0.01,5,0.02,0.02,0.02,3,,,0
ITAGP25,Italian Grand Prix,TSU,10.0,16.0,14.0,9.0,15.0,0,0,0,13.3,12.4,0.0112359550561797,0.0337078651685393,0.0,89,0,0,0,0.01,0.01,0.01,4,0.026666666666666665,0.01,0.013333333333333332,15,,,0
ITAGP25,Italian Grand Prix,VER,1.0,2.0,,6.0,4.0,0,1,1,4.4,3.6,0.2362204724409448,0.5590551181102362,0.3385826771653543,127,0,0,0,0.9118058252427184,0.20836893203883494,0.5135953420669578,2061,0.8402836879432624,0.5602127659574468,0.6647695035460992,564,,,0
ITAGP25,Italian Grand Prix,VOI,,,7.0,,,0,0,0,10.0,10.0,0.0,0.0,0.0,0,0,0,0,,,,0,,,,0,,,0
AZEGP25,Azerbaijan Grand Prix,ALB,20.0,7.0,5.0,9.0,7.0,0,0,0,11.1,11.5,0.0,0.1037735849056603,0.0094339622641509,106,1,0,1,0.01,0.01,0.01,9,0.025,0.03666666666666667,0.0296,25,,,0
AZEGP25,Azerbaijan Grand Prix,ALO,12.0,15.0,15.0,19.0,14.0,0,0,0,11.0,9.2,0.0222222222222222,0.1444444444444444,0.0,90,1,0,1,0.01,0.01,0.01,14,0.05333333333333333,0.05,0.04466666666666667,15,,,0
AZEGP25,Azerbaijan Grand Prix,ANT,6.0,6.0,11.0,4.0,5.0,0,0,0,9.5,10.3,0.125,0.1875,0.0,16,1,0,1,0.020833333333333336,0.01,0.01392156862745098,51,0.1535,0.08425,0.152375,160,,,0
AZEGP25,Azerbaijan Grand Prix,BEA,15.0,10.0,16.0,5.0,8.0,0,0,0,13.0,13.7,0.0,0.0,0.0,20,1,0,1,0.01,0.01,0.01,4,0.01,0.01,0.01,6,,,0
AZEGP25,Azerbaijan Grand Prix,BOR,14.0,14.0,13.0,15.0,18.0,0,0,0,13.8,12.4,0.0,0.0,0.0,16,1,0,1,0.01,0.01,0.01,2,0.02,0.02,0.02,10,,,0
AZEGP25,Azerbaijan Grand Prix,COL,16.0,19.0,19.0,20.0,15.0,0,0,0,12.555555555555555,16.7,0.0,0.0,0.0,10,1,0,1,0.01,0.01,0.01,3,0.01,0.01,0.01,4,,,0
AZEGP25,Azerbaijan Grand Prix,GAS,19.0,18.0,20.0,16.0,19.0,0,0,0,14.5,13.6,0.0234375,0.0625,0.0,128,1,0,1,0.01,0.01,0.01,4,0.01,0.01,0.01,3,,,0
AZEGP25,Azerbaijan Grand Prix,HAD,9.0,3.0,10.0,13.0,11.0,0,1,0,13.7,9.4,0.0,0.0,0.0,18,1,0,1,0.01,0.01,0.01,10,0.149,0.32299999999999995,0.13511627906976742,43,,,0
AZEGP25,Azerbaijan Grand Prix,HAM,11.0,5.0,14.0,1.0,4.0,0,0,0,7.4,7.4,0.2047244094488189,0.4960629921259842,0.1889763779527559,127,1,0,1,0.04925925925925925,0.03425925925925926,0.07497716894977169,219,0.09771929824561404,0.14210526315789473,0.18748917748917748,231,,,0
AZEGP25,Azerbaijan Grand Prix,HUL,17.0,11.0,12.0,18.0,12.0,0,0,0,11.0,16.4,0.0,0.0138888888888888,0.0,72,1,0,1,0.01,0.01,0.01,2,0.01,0.01,0.01,4,,,0
AZEGP25,Azerbaijan Grand Prix,LAW,7.0,13.0,9.0,7.0,9.0,0,0,0,15.3,13.2,0.0,0.0416666666666666,0.0,24,1,0,1,0.01,0.01,0.01,45,0.07521739130434782,0.03739130434782609,0.06536842105263158,95,,,0
AZEGP25,Azerbaijan Grand Prix,LEC,5.0,9.0,3.0,2.0,10.0,0,0,0,7.4,5.6,0.0703125,0.2109375,0.171875,128,1,0,1,0.0467741935483871,0.08021505376344086,0.09930107526881721,372,0.1328125,0.5203125,0.4125390625,256,,,0
AZEGP25,Azerbaijan Grand Prix,NOR,2.0,8.0,1.0,10.0,1.0,0,0,0,2.4,2.4,0.0859375,0.2265625,0.0625,128,1,0,1,0.12978723404255318,0.312936170212766,0.2275609756097561,943,0.4415909090909091,0.7678787878787878,0.6616257088846881,529,,,0
AZEGP25,Azerbaijan Grand Prix,OCO,18.0,17.0,18.0,8.0,17.0,0,0,0,14.0,15.4,0.0,0.0,0.0,107,1,0,1,0.01,0.01,0.01,4,0.02,0.01,0.0125,8,,,0
AZEGP25,Azerbaijan Grand Prix,PIA,3.0,,2.0,12.0,3.0,0,0,0,2.5,2.1,0.1739130434782608,0.3260869565217391,0.108695652173913,46,1,0,1,0.09322033898305085,0.3659322033898305,0.2737429378531073,1416,0.5486585365853659,0.8259756097560975,0.640790273556231,658,,,0
AZEGP25,Azerbaijan Grand Prix,RUS,4.0,2.0,4.0,3.0,6.0,0,1,0,6.3,5.1,0.0703125,0.1484375,0.015625,128,1,0,1,0.0285,0.034,0.03515337423312884,163,0.7287837837837837,0.2518918918918919,0.4022742474916388,299,,,0
AZEGP25,Azerbaijan Grand Prix,SAI,8.0,4.0,8.0,11.0,13.0,0,0,0,8.0,13.0,0.0234375,0.140625,0.0390625,128,1,0,1,0.06020408163265306,0.027755102040816326,0.04371859296482412,199,0.7312871287128714,0.18841584158415842,0.3367654320987654,405,,,0
AZEGP25,Azerbaijan Grand Prix,STR,13.0,16.0,17.0,17.0,20.0,0,0,0,12.8,15.3,0.0,0.0236220472440944,0.0078740157480314,127,1,0,1,0.01,0.01,0.01,4,0.01,0.01,0.01,5,,,0
AZEGP25,Azerbaijan Grand Prix,TSU,10.0,12.0,6.0,14.0,16.0,0,0,0,13.9,12.7,0.0111111111111111,0.0333333333333333,0.0,90,1,0,1,0.01,0.01,0.01,8,0.09375,0.015,0.063125,32,,,0
AZEGP25,Azerbaijan Grand Prix,VER,1.0,1.0,7.0,6.0,2.0,1,1,1,4.2,3.6,0.234375,0.5625,0.34375,128,1,0,1,0.7537662337662338,0.18324675324675327,0.4744588744588744,1848,0.8675,0.6889655172413793,0.7712017167381974,466,,,0
SINGP25,Singapore Grand Prix,ALB,12.0,9.0,20.0,13.0,11.0,0,0,0,11.5,12.8,0.0,0.102803738317757,0.0093457943925233,107,1,0,0,0.01,0.01,0.01,23,0.027777777777777776,0.03111111111111111,0.02918918918918919,37,,,0
SINGP25,Singapore Grand Prix,ALO,10.0,13.0,1.0,4.0,15.0,0,0,0,11.4,9.8,0.0219780219780219,0.1428571428571428,0.0,91,1,0,0,0.02090909090909091,0.01,0.019090909090909092,44,0.045,0.07947368421052632,0.1096774193548387,155,,,0
SINGP25,Singapore Grand Prix,ANT,4.0,4.0,14.0,18.0,5.0,0,0,0,9.2,9.6,0.1176470588235294,0.1764705882352941,0.0,17,1,0,0,0.020689655172413793,0.01,0.01603448275862069,116,0.1549090909090909,0.15272727272727274,0.16743243243243242,222,,,0
SINGP25,Singapore Grand Prix,BEA,9.0,15.0,16.0,12.0,14.0,0,0,0,13.2,13.8,0.0,0.0,0.0,21,1,0,0,0.01,0.01,0.01,8,0.04,0.03,0.0325,8,,,0
SINGP25,Singapore Grand Prix,BOR,16.0,19.0,17.0,15.0,12.0,0,0,0,13.3,12.2,0.0,0.0,0.0,17,1,0,0,0.01,0.01,0.01,10,0.023333333333333334,0.03,0.028333333333333335,12,,,0
SINGP25,Singapore Grand Prix,COL,18.0,20.0,19.0,19.0,16.0,0,0,0,13.2,16.8,0.0,0.0,0.0,11,1,0,0,0.01,0.01,0.01,6,0.02,0.02,0.02,2,,,0
SINGP25,Singapore Grand Prix,GAS,20.0,2.0,13.0,16.0,19.0,0,1,0,14.9,14.6,0.0232558139534883,0.0620155038759689,0.0,129,1,0,0,0.01,0.01,0.01,5,0.02,0.02,0.02,5,,,0
SINGP25,Singapore Grand Prix,HAD,8.0,18.0,7.0,2.0,7.0,0,0,0,13.3,9.3,0.0,0.0526315789473684,0.0,19,1,0,0,0.01,0.01,0.01,16,0.04086956521739131,0.03391304347826087,0.05163043478260869,92,,,0
SINGP25,Singapore Grand Prix,HAM,6.0,1.0,4.0,10.0,8.0,1,1,0,7.7,7.3,0.203125,0.4921875,0.1875,128,1,0,0,0.019692307692307693,0.025538461538461538,0.026423076923076924,260,0.05948717948717949,0.1280769230769231,0.10580128205128204,312,,,0
SINGP25,Singapore Grand Prix,HUL,11.0,5.0,12.0,14.0,9.0,0,0,0,10.9,16.3,0.0,0.0136986301369863,0.0,73,1,0,0,0.01,0.01,0.01,10,0.03,0.03,0.026666666666666665,12,,,0
SINGP25,Singapore Grand Prix,LAW,14.0,8.0,15.0,17.0,20.0,0,0,0,14.9,12.2,0.0,0.04,0.0,25,1,0,0,0.01,0.01,0.01,7,0.03,0.03,0.03,6,,,0
SINGP25,Singapore Grand Prix,LEC,7.0,14.0,2.0,9.0,10.0,0,0,0,7.7,5.0,0.0697674418604651,0.2093023255813953,0.1705426356589147,129,1,0,0,0.019019607843137255,0.07470588235294118,0.05092233009708738,206,0.06338983050847458,0.3908474576271186,0.25684873949579834,238,,,0
SINGP25,Singapore Grand Prix,NOR,5.0,7.0,6.0,5.0,4.0,0,0,0,2.8,2.2,0.0852713178294573,0.2248062015503876,0.0620155038759689,129,1,0,0,0.07455882352941176,0.3235882352941177,0.17056576047024247,1361,0.5862585034013605,0.7465306122448979,0.6107470288624788,589,,,0
SINGP25,Singapore Grand Prix,OCO,19.0,16.0,10.0,7.0,13.0,0,0,0,13.7,15.3,0.0,0.0,0.0,108,1,0,0,0.01,0.01,0.01,7,0.016666666666666666,0.03,0.05083333333333333,12,,,0
SINGP25,Singapore Grand Prix,PIA,3.0,6.0,5.0,1.0,2.0,0,0,0,2.5,2.3,0.1702127659574468,0.3191489361702128,0.1063829787234042,47,1,0,0,0.12271386430678467,0.2901769911504425,0.208481945467944,1357,0.3790322580645162,0.746258064516129,0.6336012861736334,622,,,0
SINGP25,Singapore Grand Prix,RUS,1.0,11.0,11.0,20.0,3.0,0,0,1,5.6,5.2,0.0697674418604651,0.1550387596899224,0.0155038759689922,129,1,0,0,0.8554666666666667,0.2611466666666667,0.5836666666666667,1500,0.8201041666666667,0.2523958333333333,0.5902331606217617,386,,,0
SINGP25,Singapore Grand Prix,SAI,13.0,3.0,8.0,8.0,6.0,0,1,0,7.6,13.3,0.0232558139534883,0.1395348837209302,0.0387596899224806,129,1,0,0,0.01,0.01,0.01,25,0.06909090909090909,0.034545454545454546,0.04454545454545454,88,,,0
SINGP25,Singapore Grand Prix,STR,17.0,12.0,18.0,6.0,17.0,0,0,0,12.8,15.8,0.0,0.0234375,0.0078125,128,1,0,0,0.01,0.01,0.01,6,0.015,0.025,0.026363636363636363,11,,,0
SINGP25,Singapore Grand Prix,TSU,15.0,17.0,9.0,11.0,18.0,0,0,0,13.9,12.7,0.0109890109890109,0.0329670329670329,0.0,91,1,0,0,0.01,0.01,0.01,14,0.03,0.035,0.03166666666666666,18,,,0
SINGP25,Singapore Grand Prix,VER,2.0,10.0,3.0,3.0,1.0,0,0,0,3.8,3.5,0.2403100775193798,0.5658914728682171,0.3488372093023256,129,1,0,0,0.14001958863858963,0.2715572967678746,0.333665280156594,4087,0.8198173515981735,0.6899086757990868,0.7531050228310502,876,,,0
UNISGP25,United States Grand Prix,ALB,15.0,7.0,6.0,,,0,0,0,11.5,13.4,0.0,0.1018518518518518,0.0092592592592592,108,0,0,0,0.01,0.0125,0.010555555555555556,18,0.05428571428571429,0.04142857142857143,0.03967741935483871,31,,,0
UNISGP25,United States Grand Prix,ALO,10.0,12.0,4.0,,,0,0,0,10.9,10.0,0.0217391304347826,0.1413043478260869,0.0,92,0,0,0,0.01,0.14,0.04095238095238095,21,0.04,0.041111111111111105,0.03743589743589744,39,,,0
UNISGP25,United States Grand Prix,ANT,6.0,1.0,18.0,,,1,1,0,7.8,8.5,0.1111111111111111,0.1666666666666666,0.0,18,0,0,0,0.01,0.021,0.01275,40,0.04454545454545454,0.08045454545454545,0.08311111111111112,90,,,0
UNISGP25,United States Grand Prix,BEA,9.0,16.0,10.0,,,0,0,0,13.7,13.0,0.0,0.0,0.0,22,0,0,0,0.01,0.013333333333333332,0.010714285714285714,14,0.025,0.013333333333333332,0.037599999999999995,25,,,0
UNISGP25,United States Grand Prix,BOR,18.0,6.0,12.0,,,0,0,0,14.0,12.2,0.0,0.0,0.0,18,0,0,0,0.01,0.015,0.01125,8,0.01,0.03,0.013333333333333332,6,,,0
UNISGP25,United States Grand Prix,COL,17.0,17.0,16.0,,,0,0,0,13.9,16.6,0.0,0.0,0.0,12,0,0,0,0.01,0.015,0.01125,8,0.01,0.02,0.016,5,,,0
UNISGP25,United States Grand Prix,GAS,14.0,19.0,17.0,,,0,0,0,13.1,14.8,0.023076923076923,0.0692307692307692,0.0,130,0,0,0,0.01,0.015,0.011111111111111112,9,0.01,0.02,0.011428571428571429,7,,,0
UNISGP25,United States Grand Prix,HAD,,11.0,9.0,,,0,0,0,13.2,9.4,0.0,0.05,0.0,20,0,0,0,0.01,0.02,0.011428571428571429,7,0.034545454545454546,0.04363636363636363,0.036304347826086956,46,,,0
UNISGP25,United States Grand Prix,HAM,5.0,8.0,8.0,,,0,0,0,7.1,7.5,0.2093023255813953,0.4961240310077519,0.1860465116279069,129,0,0,0,0.022222222222222223,0.022698412698412697,0.025196850393700787,254,0.2580327868852459,0.15,0.1808811475409836,488,,,0
UNISGP25,United States Grand Prix,HUL,11.0,9.0,2.0,,,0,0,0,9.9,16.0,0.0,0.0135135135135135,0.0,74,0,0,0,0.01,0.011666666666666667,0.0104,25,0.04238095238095238,0.028095238095238093,0.03632183908045977,87,,,0
UNISGP25,United States Grand Prix,LAW,12.0,14.0,15.0,,,0,0,0,14.1,12.6,0.0,0.0384615384615384,0.0,26,0,0,0,0.01,0.015,0.011000000000000001,10,0.04,0.03,0.03333333333333333,6,,,0
UNISGP25,United States Grand Prix,LEC,3.0,5.0,20.0,,,0,0,0,8.5,5.5,0.0692307692307692,0.2076923076923077,0.1692307692307692,130,0,0,0,0.0724822695035461,0.04680851063829787,0.05388007054673721,567,0.7333108108108108,0.2985135135135135,0.4614646464646464,594,,,0
UNISGP25,United States Grand Prix,NOR,2.0,2.0,1.0,,,0,1,0,3.4,2.6,0.0846153846153846,0.2230769230769231,0.0615384615384615,130,0,0,0,0.13554347826086957,0.2892028985507247,0.2558190045248869,1105,0.8453676470588235,0.7191911764705883,0.7809558823529411,544,,,0
UNISGP25,United States Grand Prix,OCO,19.0,18.0,11.0,,,0,0,0,13.9,16.3,0.0,0.0,0.0,109,0,0,0,0.01,0.015,0.010909090909090908,11,0.01,0.03,0.015,4,,,0
UNISGP25,United States Grand Prix,PIA,7.0,10.0,3.0,,,0,0,0,2.6,2.3,0.1666666666666666,0.3125,0.1041666666666666,48,0,0,0,0.05,0.29208178438661714,0.18169144981412638,1076,0.3539568345323741,0.6954676258992805,0.513345259391771,559,,,0
UNISGP25,United States Grand Prix,RUS,4.0,4.0,7.0,,,0,0,0,6.5,4.0,0.0692307692307692,0.1538461538461538,0.023076923076923,130,0,0,0,0.04657894736842105,0.06552631578947368,0.05390350877192983,456,0.4487333333333334,0.3466666666666666,0.3855166666666667,600,,,0
UNISGP25,United States Grand Prix,SAI,8.0,20.0,19.0,,,0,0,0,6.9,13.5,0.023076923076923,0.1461538461538461,0.0384615384615384,130,0,0,0,0.01,0.011000000000000001,0.010238095238095237,42,0.0425,0.03888888888888889,0.04772413793103448,145,,,0
UNISGP25,United States Grand Prix,STR,16.0,15.0,14.0,,,0,0,0,12.3,15.6,0.0,0.0232558139534883,0.0077519379844961,129,0,0,0,0.01,0.015,0.01125,8,0.01,0.02,0.016,5,,,0
UNISGP25,United States Grand Prix,TSU,13.0,13.0,13.0,,,0,0,0,14.3,13.0,0.0108695652173913,0.0326086956521739,0.0,92,0,0,0,0.01,0.0125,0.010625,16,0.052000000000000005,0.042,0.047142857142857146,21,,,0
UNISGP25,United States Grand Prix,VER,1.0,3.0,5.0,,,0,1,1,4.7,3.2,0.2384615384615384,0.5615384615384615,0.3461538461538461,130,0,0,0,0.8700436205016358,0.34449291166848417,0.586125340599455,3670,0.8962874251497006,0.7095209580838323,0.800254110612855,669,,,0
GRAPDM25,Mexico City Grand Prix,ALB,17.0,4.0,10.0,19.0,16.0,0,0,0,10.3,13.8,0.0,0.1009174311926605,0.0091743119266055,109,0,0,1,0.01,0.01,0.01,15,0.025,0.07,0.045454545454545456,11,,,0
GRAPDM25,Mexico City Grand Prix,ALO,15.0,15.0,12.0,8.0,20.0,0,0,0,11.0,10.0,0.021505376344086,0.1397849462365591,0.0,93,0,0,1,0.01,0.01,0.01,24,0.03,0.06666666666666667,0.05384615384615385,13,,,0
GRAPDM25,Mexico City Grand Prix,ANT,6.0,9.0,2.0,3.0,7.0,0,0,0,7.6,8.5,0.1578947368421052,0.2105263157894736,0.0,19,0,0,1,0.010869565217391304,0.01565217391304348,0.013152173913043479,92,0.1393103448275862,0.08758620689655172,0.09126050420168066,119,,,0
GRAPDM25,Mexico City Grand Prix,ARO,,,15.0,,,0,0,0,10.0,10.0,0.0,0.0,0.0,3,0,0,1,,,,0,,,,0,,,0
GRAPDM25,Mexico City Grand Prix,BEA,10.0,7.0,,17.0,17.0,0,0,0,13.7,12.4,0.0,0.0,0.0,23,0,0,1,0.01,0.01,0.01,11,0.19544776119402985,0.38007462686567167,0.3975232774674115,537,,,0
GRAPDM25,Mexico City Grand Prix,BOR,16.0,11.0,5.0,15.0,10.0,0,0,0,13.3,12.8,0.0,0.0,0.0,19,0,0,1,0.01,0.01,0.01,4,0.04,0.03,0.03,4,,,0
GRAPDM25,Mexico City Grand Prix,BRO,,,18.0,,,0,0,0,10.0,10.0,0.0,0.0,0.0,2,0,0,1,,,,0,,,,0,,,0
GRAPDM25,Mexico City Grand Prix,COL,20.0,12.0,9.0,18.0,19.0,0,0,0,14.0,16.4,0.0,0.0,0.0,13,0,0,1,0.01,0.01,0.01,4,0.04,0.04,0.03,3,,,0
GRAPDM25,Mexico City Grand Prix,CRA,,,19.0,,,0,0,0,10.0,10.0,0.0,0.0,0.0,0,0,0,1,,,,0,,,,0,,,0
GRAPDM25,Mexico City Grand Prix,FUO,,,20.0,,,0,0,0,10.0,10.0,0.0,0.0,0.0,0,0,0,1,,,,0,,,,0,,,0
GRAPDM25,Mexico City Grand Prix,GAS,18.0,18.0,,20.0,18.0,0,0,0,14.1,15.4,0.0229007633587786,0.0687022900763358,0.0,131,0,0,1,0.01,0.01,0.01,6,0.01,0.04,0.02,3,,,0
GRAPDM25,Mexico City Grand Prix,HAD,9.0,16.0,11.0,14.0,8.0,0,0,0,13.5,9.4,0.0,0.0476190476190476,0.0,21,0,0,1,0.01,0.01,0.01,13,0.05875,0.07125,0.105625,32,,,0
GRAPDM25,Mexico City Grand Prix,HAM,3.0,6.0,,5.0,2.0,0,0,0,7.2,7.5,0.2076923076923077,0.4923076923076923,0.1846153846153846,130,0,0,1,0.07505154639175257,0.02902061855670103,0.06002577319587629,776,0.35,0.1634108527131783,0.3483527131782946,516,,,0
GRAPDM25,Mexico City Grand Prix,HIR,,,16.0,,,0,0,0,10.0,10.0,0.0,0.0,0.0,3,0,0,1,,,,0,,,,0,,,0
GRAPDM25,Mexico City Grand Prix,HUL,14.0,19.0,3.0,16.0,14.0,0,0,0,9.3,15.5,0.0,0.0133333333333333,0.0,75,0,0,1,0.01,0.01,0.01,8,0.025,0.04,0.032,10,,,0
GRAPDM25,Mexico City Grand Prix,IWA,,,17.0,,,0,0,0,10.0,10.0,0.0,0.0,0.0,2,0,0,1,,,,0,,,,0,,,0
GRAPDM25,Mexico City Grand Prix,LAW,13.0,20.0,,11.0,11.0,0,0,0,13.8,12.5,0.0,0.037037037037037,0.0,27,0,0,1,0.01,0.01,0.01,7,0.02,0.06,0.03,3,,,0
GRAPDM25,Mexico City Grand Prix,LEC,2.0,14.0,1.0,2.0,4.0,0,0,0,8.5,5.1,0.0687022900763358,0.2061068702290076,0.1679389312977099,131,0,0,1,0.11280575539568344,0.0523021582733813,0.1256474820143885,1112,0.836015625,0.408984375,0.6365825242718447,515,,,0
GRAPDM25,Mexico City Grand Prix,LIN,,,6.0,,,0,0,0,10.0,10.0,0.0,0.0,0.0,1,0,0,1,,,,0,,,,0,,,0
GRAPDM25,Mexico City Grand Prix,NOR,1.0,8.0,,4.0,1.0,0,0,1,3.4,2.6,0.0839694656488549,0.2290076335877862,0.0610687022900763,131,0,0,1,0.8336850921273031,0.27820770519262983,0.5963822668339607,2391,0.8894827586206897,0.7103448275862069,0.8137204301075269,465,,,0
GRAPDM25,Mexico City Grand Prix,OCO,12.0,17.0,7.0,13.0,12.0,0,0,0,14.2,16.5,0.0,0.0,0.0,110,0,0,1,0.01,0.01,0.01,4,0.04,0.05,0.036000000000000004,5,,,0
GRAPDM25,Mexico City Grand Prix,OWA,,,13.0,,,0,0,0,10.0,10.0,0.0,0.0,0.0,2,0,0,1,,,,0,,,,0,,,0
GRAPDM25,Mexico City Grand Prix,PIA,8.0,3.0,4.0,12.0,5.0,0,1,0,3.2,2.9,0.1632653061224489,0.3061224489795918,0.1020408163265306,49,0,0,1,0.0252,0.21411999999999998,0.12768000000000002,1000,0.13867088607594938,0.605759493670886,0.3504416403785489,634,,,0
GRAPDM25,Mexico City Grand Prix,RUS,4.0,1.0,,6.0,3.0,1,1,0,6.5,4.1,0.0687022900763358,0.1526717557251908,0.0229007633587786,131,0,0,1,0.027395833333333335,0.06354166666666666,0.04191214470284238,387,0.22972972972972971,0.34936936936936935,0.27970786516853935,445,,,0
GRAPDM25,Mexico City Grand Prix,SAI,7.0,2.0,,9.0,15.0,0,1,0,8.4,12.5,0.0229007633587786,0.1450381679389313,0.0381679389312977,131,0,0,1,0.01,0.01,0.01,45,0.044000000000000004,0.0642857142857143,0.09345070422535212,142,,,0
GRAPDM25,Mexico City Grand Prix,STR,19.0,5.0,,10.0,13.0,0,0,0,12.7,15.8,0.0,0.023076923076923,0.0076923076923076,130,0,0,1,0.01,0.01,0.01,7,0.04,0.04,0.03,3,,,0
GRAPDM25,Mexico City Grand Prix,TSU,11.0,13.0,8.0,7.0,9.0,0,0,0,14.6,12.3,0.010752688172043,0.032258064516129,0.0,93,0,0,1,0.01,0.01,0.01,11,0.02,0.07,0.041111111111111105,9,,,0
GRAPDM25,Mexico City Grand Prix,VER,5.0,10.0,,1.0,6.0,0,0,0,4.2,2.9,0.2366412213740458,0.5648854961832062,0.3511450381679389,131,0,0,1,0.1124958263772955,0.4728297161936561,0.3311576971214018,4794,0.6087202380952381,0.7469047619047618,0.6060504825538233,1347,,,0
GRAPDM25,Mexico City Grand Prix,VES,,,14.0,,,0,0,0,10.0,10.0,0.0,0.0,0.0,3,0,0,1,,,,0,,,,0,,,0
SAOPGP25,São Paulo Grand Prix,ALB,14.0,1.0,12.0,,,1,1,0,8.9,14.5,0.0,0.1,0.009090909090909,110,0,0,1,0.01,0.01,0.01,12,0.06,0.06,0.05571428571428571,7,,,0
SAOPGP25,São Paulo Grand Prix,ALO,11.0,10.0,4.0,,,0,0,0,11.3,10.9,0.0212765957446808,0.1382978723404255,0.0,94,0,0,1,0.01,0.01,0.01,8,0.057,0.06,0.06780487804878049,41,,,0
SAOPGP25,São Paulo Grand Prix,ANT,2.0,9.0,10.0,,,0,0,0,7.3,8.7,0.15,0.2,0.0,20,0,0,1,0.03542857142857143,0.06723809523809524,0.0775771971496437,421,0.7880575539568345,0.2752517985611511,0.541149012567325,557,,,0
SAOPGP25,São Paulo Grand Prix,BEA,3.0,13.0,14.0,,,0,0,0,12.9,12.0,0.0,0.0,0.0,24,0,0,1,0.01714285714285714,0.012857142857142859,0.037321428571428575,56,0.0425,0.10666666666666666,0.12989583333333335,96,,,0
SAOPGP25,São Paulo Grand Prix,BOR,,,5.0,,,0,0,0,12.8,12.8,0.0,0.0,0.0,20,0,0,1,0.01,0.01,0.01,5,0.07,0.07,0.07,6,,,0
SAOPGP25,São Paulo Grand Prix,COL,18.0,5.0,16.0,,,0,0,0,13.8,17.2,0.0,0.0,0.0,14,0,0,1,0.01,0.01,0.01,1,0.01,0.03,0.02,2,,,0
SAOPGP25,São Paulo Grand Prix,GAS,6.0,16.0,7.0,,,0,0,0,14.8,15.2,0.0227272727272727,0.0681818181818181,0.0,132,0,0,1,0.01,0.01,0.01,4,0.03571428571428572,0.037142857142857144,0.05428571428571429,28,,,0
SAOPGP25,São Paulo Grand Prix,HAD,8.0,15.0,9.0,,,0,0,0,13.2,9.4,0.0,0.0454545454545454,0.0,22,0,0,1,0.01,0.01,0.01,15,0.13421052631578947,0.053684210526315786,0.08223684210526315,76,,,0
SAOPGP25,São Paulo Grand Prix,HAM,12.0,17.0,19.0,,,0,0,0,6.9,7.3,0.2061068702290076,0.4885496183206106,0.183206106870229,131,0,0,1,0.01,0.04,0.02953846153846154,65,0.065,0.21375,0.15854961832061068,131,,,0
SAOPGP25,São Paulo Grand Prix,HUL,10.0,11.0,3.0,,,0,0,0,10.6,15.6,0.0,0.0131578947368421,0.0,76,0,0,1,0.01,0.01,0.01,11,0.016666666666666666,0.04,0.026428571428571426,14,,,0
SAOPGP25,São Paulo Grand Prix,LAW,9.0,18.0,11.0,,,0,0,0,14.0,11.9,0.0,0.0357142857142857,0.0,28,0,0,1,0.01,0.01,0.01,3,0.04,0.05,0.04428571428571429,7,,,0
SAOPGP25,São Paulo Grand Prix,LEC,4.0,19.0,18.0,,,0,0,0,9.5,4.5,0.0681818181818181,0.2045454545454545,0.1666666666666666,132,0,0,1,0.04287878787878788,0.04575757575757576,0.0503030303030303,264,0.442112676056338,0.3595774647887324,0.39884615384615385,286,,,0
SAOPGP25,São Paulo Grand Prix,NOR,1.0,6.0,1.0,,,0,0,1,4.0,2.0,0.0833333333333333,0.2272727272727272,0.0681818181818181,132,0,0,1,0.8890254237288135,0.3883898305084746,0.6788188559322034,1888,0.9196629213483146,0.7633707865168539,0.8493593314763231,359,,,0
SAOPGP25,São Paulo Grand Prix,OCO,17.0,12.0,13.0,,,0,0,0,15.1,16.2,0.0,0.0,0.0,111,0,0,1,0.01,0.01,0.01,1,0.04,0.04,0.04,2,,,0
SAOPGP25,São Paulo Grand Prix,PIA,5.0,3.0,2.0,,,0,1,0,3.4,3.4,0.16,0.32,0.1,50,0,0,1,0.13238095238095238,0.20957671957671958,0.16249669749009246,757,0.25453608247422677,0.5277835051546392,0.5255969191270861,779,,,0
SAOPGP25,São Paulo Grand Prix,RUS,7.0,8.0,6.0,,,0,0,0,6.5,4.4,0.0757575757575757,0.1590909090909091,0.0227272727272727,132,0,0,1,0.02265625,0.04609375,0.0565234375,256,0.3483838383838384,0.3606060606060606,0.31815656565656564,396,,,0
SAOPGP25,São Paulo Grand Prix,SAI,15.0,14.0,8.0,,,0,0,0,6.9,11.5,0.0227272727272727,0.1515151515151515,0.0378787878787878,132,0,0,1,0.01,0.01,0.01,5,0.045,0.06,0.05473684210526316,19,,,0
SAOPGP25,São Paulo Grand Prix,STR,13.0,7.0,15.0,,,0,0,0,12.2,15.9,0.0,0.0229007633587786,0.0076335877862595,131,0,0,1,0.01,0.01,0.01,4,0.025,0.04,0.033888888888888885,18,,,0
SAOPGP25,São Paulo Grand Prix,TSU,19.0,4.0,20.0,,,0,0,0,14.6,12.3,0.0106382978723404,0.0319148936170212,0.0,94,0,0,1,0.01,0.01,0.01,2,0.08,0.07,0.0725,4,,,0
SAOPGP25,São Paulo Grand Prix,VER,16.0,2.0,17.0,,,0,1,0,4.9,3.2,0.2348484848484848,0.5606060606060606,0.3484848484848485,132,0,0,1,0.151625,0.383453125,0.20888758782201408,2562,0.8221153846153847,0.6882051282051281,0.5128856914468425,1251,,,0
LASVGP25,Las Vegas Grand Prix,ALB,16.0,15.0,2.0,8.0,3.0,0,0,0,7.3,14.6,0.009009009009009,0.1081081081081081,0.009009009009009,111,1,1,1,0.01,0.01,0.013506493506493506,77,0.06588235294117646,0.060588235294117644,0.0651470588235294,68,0.044500000000000005,0.01,83
LASVGP25,Las Vegas Grand Prix,ALO,7.0,16.0,14.0,18.0,9.0,0,0,0,11.1,10.8,0.0210526315789473,0.1368421052631579,0.0,95,1,1,1,0.01,0.01,0.01,42,0.04733333333333333,0.03666666666666667,0.049836065573770495,61,0.0642857142857143,0.01,59
LASVGP25,Las Vegas Grand Prix,ANT,17.0,3.0,10.0,2.0,6.0,0,1,0,7.5,7.9,0.1428571428571428,0.1904761904761904,0.0,21,1,1,1,0.0446875,0.04354166666666667,0.05083333333333333,384,0.5516161616161616,0.24464646464646464,0.29974874371859295,398,0.04818181818181819,0.05454545454545454,135
LASVGP25,Las Vegas Grand Prix,BEA,14.0,7.0,16.0,17.0,11.0,0,0,0,12.9,10.9,0.0,0.0,0.0,25,1,1,1,0.01,0.01,0.01,27,0.048666666666666664,0.04,0.04435483870967742,62,0.01,0.01,52
LASVGP25,Las Vegas Grand Prix,BOR,18.0,,19.0,20.0,13.0,0,0,0,12.8,12.8,0.0,0.0,0.0,21,1,1,1,0.01,0.01,0.01,11,0.03,0.03,0.03,2,0.01,0.01,9
LASVGP25,Las Vegas Grand Prix,COL,15.0,18.0,20.0,16.0,16.0,0,0,0,12.6,17.5,0.0,0.0,0.0,15,1,1,1,0.01,0.01,0.01,11,0.02,0.02,0.02,5,0.08538461538461538,0.01,53
LASVGP25,Las Vegas Grand Prix,GAS,10.0,17.0,12.0,12.0,10.0,0,0,0,14.9,15.0,0.0225563909774436,0.0676691729323308,0.0,133,1,1,1,0.01,0.01,0.01,24,0.03,0.03,0.03076923076923077,13,0.01,0.01,52
LASVGP25,Las Vegas Grand Prix,HAD,8.0,12.0,7.0,5.0,4.0,0,0,0,13.1,9.3,0.0,0.0434782608695652,0.0,23,1,1,1,0.01,0.01,0.010392156862745099,51,0.052173913043478265,0.029130434782608697,0.04739130434782608,92,0.02375,0.01,64
LASVGP25,Las Vegas Grand Prix,HAM,20.0,8.0,11.0,10.0,5.0,0,0,0,8.3,8.1,0.2045454545454545,0.4848484848484848,0.1818181818181818,132,1,1,1,0.01,0.02481818181818182,0.03282805429864253,442,0.07683168316831683,0.11811881188118813,0.10992628992628992,407,0.046585365853658536,0.09414634146341463,165
LASVGP25,Las Vegas Grand Prix,HUL,11.0,11.0,18.0,4.0,17.0,0,0,0,10.3,14.6,0.0,0.0129870129870129,0.0,77,1,1,1,0.01,0.01,0.01,34,0.09363636363636363,0.03,0.0675,44,0.01,0.01,57
LASVGP25,Las Vegas Grand Prix,LAW,6.0,13.0,13.0,6.0,7.0,0,0,0,13.8,11.9,0.0,0.0344827586206896,0.0,29,1,1,1,0.01,0.01,0.01,32,0.04090909090909091,0.02909090909090909,0.036000000000000004,45,0.01,0.01,56
LASVGP25,Las Vegas Grand Prix,LEC,9.0,5.0,1.0,3.0,15.0,0,0,0,11.0,4.7,0.0676691729323308,0.2030075187969924,0.1654135338345864,133,1,1,1,0.016585365853658537,0.04542682926829269,0.0525531914893617,658,0.1811046511627907,0.2438953488372093,0.23552975326560233,689,0.11138461538461537,0.17784615384615385,263
LASVGP25,Las Vegas Grand Prix,NOR,1.0,2.0,6.0,1.0,20.0,0,1,1,4.4,2.0,0.0827067669172932,0.225563909774436,0.075187969924812,133,1,1,1,0.0895589414595028,0.26289494787489975,0.2876052104208417,4990,0.6283203125,0.7121875,0.73505859375,1024,0.6391724137931035,0.3251034482758621,581
LASVGP25,Las Vegas Grand Prix,OCO,13.0,9.0,17.0,19.0,14.0,0,0,0,15.4,16.2,0.0,0.0,0.0,112,1,1,1,0.01,0.01,0.01,19,0.04,0.04,0.035,4,0.01,0.01,48
LASVGP25,Las Vegas Grand Prix,PIA,5.0,4.0,8.0,14.0,19.0,0,0,0,3.4,3.6,0.1568627450980392,0.3333333333333333,0.0980392156862745,51,1,1,1,0.03406374501992032,0.120398406374502,0.07141153081510934,1006,0.16022082018927444,0.4247318611987382,0.31574132492113566,1268,0.1110344827586207,0.09327586206896551,232
LASVGP25,Las Vegas Grand Prix,RUS,4.0,10.0,9.0,7.0,1.0,0,0,0,6.6,4.6,0.075187969924812,0.1578947368421052,0.0225563909774436,133,1,1,1,0.075,0.146,0.12493752692804826,2321,0.8831390134529148,0.4869955156950672,0.6591816143497757,892,0.2762820512820513,0.17243589743589743,312
LASVGP25,Las Vegas Grand Prix,SAI,3.0,6.0,5.0,13.0,12.0,0,0,0,7.7,11.1,0.0225563909774436,0.150375939849624,0.037593984962406,133,1,1,1,0.016336633663366337,0.017524752475247526,0.01945679012345679,405,0.16929078014184398,0.1751063829787234,0.1996099290780142,564,0.29888888888888887,0.011111111111111112,72
LASVGP25,Las Vegas Grand Prix,STR,12.0,,15.0,11.0,8.0,0,0,0,12.4,15.6,0.0,0.0227272727272727,0.0075757575757575,132,1,1,1,0.01,0.01,0.01,27,0.03333333333333333,0.03,0.06357142857142857,14,0.222,0.01,63
LASVGP25,Las Vegas Grand Prix,TSU,19.0,14.0,3.0,15.0,18.0,0,0,0,13.9,12.4,0.0105263157894736,0.031578947368421,0.0,95,1,1,1,0.013076923076923076,0.01,0.011538461538461537,52,0.01888888888888889,0.026666666666666665,0.045,36,0.01,0.01,28
LASVGP25,Las Vegas Grand Prix,VER,2.0,1.0,4.0,9.0,2.0,1,1,0,4.6,4.2,0.2330827067669172,0.5639097744360902,0.3458646616541353,133,1,1,1,0.9008671922377198,0.37096422073984237,0.5784035779260158,6596,0.8963440860215054,0.7787096774193549,0.814190093708166,747,0.4683333333333334,0.4023873873873874,888
QATGP25,Qatar Grand Prix,ALB,15.0,11.0,7.0,,,0,0,0,8.4,14.8,0.0089285714285714,0.1071428571428571,0.0089285714285714,112,0,1,0,0.01,0.01,0.01,32,0.01,0.0175,0.016875,16,,,0
QATGP25,Qatar Grand Prix,ALO,7.0,7.0,3.0,,,0,0,0,12.1,10.6,0.0208333333333333,0.1354166666666666,0.0,96,0,1,0,0.01,0.01,0.01,24,0.049473684210526316,0.023684210526315787,0.04460526315789473,76,0.01,0.01,9
QATGP25,Qatar Grand Prix,ANT,5.0,8.0,10.0,,,0,0,0,6.2,8.9,0.1363636363636363,0.2272727272727272,0.0,22,0,1,0,0.011521739130434782,0.025,0.01641304347826087,184,0.13779411764705882,0.21051470588235294,0.1809157509157509,546,0.01,0.025,17
QATGP25,Qatar Grand Prix,BEA,13.0,15.0,16.0,,,0,0,0,12.3,11.5,0.0,0.0,0.0,26,0,1,0,0.01,0.01,0.01,7,0.02,0.04,0.026666666666666665,6,0.01,0.01,1
QATGP25,Qatar Grand Prix,BOR,14.0,17.0,15.0,,,0,0,0,12.8,13.9,0.0,0.0,0.0,22,0,1,0,0.01,0.01,0.01,11,0.035,0.02,0.025,10,,,0
QATGP25,Qatar Grand Prix,COL,20.0,19.0,20.0,,,0,0,0,13.4,17.0,0.0,0.0,0.0,16,0,1,0,0.01,0.01,0.01,17,0.02,0.02,0.02,2,,,0
QATGP25,Qatar Grand Prix,GAS,9.0,18.0,18.0,,,0,0,0,15.8,15.0,0.0223880597014925,0.0671641791044776,0.0,134,0,1,0,0.01,0.01,0.01,12,0.03,0.02,0.016666666666666666,6,,,0
QATGP25,Qatar Grand Prix,HAD,6.0,12.0,5.0,,,0,0,0,12.6,9.0,0.0,0.0416666666666666,0.0,24,0,1,0,0.01,0.01,0.01,8,0.05384615384615385,0.025384615384615384,0.043454545454545454,55,0.01,0.01,1
QATGP25,Qatar Grand Prix,HAM,18.0,14.0,12.0,,,0,0,0,8.8,9.6,0.2030075187969924,0.4812030075187969,0.1804511278195488,133,0,1,0,0.01,0.020499999999999997,0.013658536585365855,82,0.026666666666666665,0.12041666666666666,0.08141414141414142,99,0.01,0.01,2
QATGP25,Qatar Grand Prix,HUL,11.0,20.0,11.0,,,0,0,0,10.6,13.8,0.0,0.0128205128205128,0.0,78,0,1,0,0.01,0.01,0.01,16,0.01,0.018000000000000002,0.01380952380952381,21,0.01,0.01,2
QATGP25,Qatar Grand Prix,LAW,12.0,9.0,19.0,,,0,0,0,13.7,10.9,0.0,0.0333333333333333,0.0,30,0,1,0,0.01,0.01,0.01,16,0.02,0.02,0.02,1,0.01,0.01,2
QATGP25,Qatar Grand Prix,LEC,10.0,13.0,8.0,,,0,0,0,10.5,5.0,0.0671641791044776,0.2014925373134328,0.1641791044776119,134,0,1,0,0.011071428571428572,0.05071428571428571,0.025575221238938056,113,0.05285714285714285,0.2802857142857143,0.193006993006993,143,0.0475,0.0675,16
QATGP25,Qatar Grand Prix,NOR,2.0,2.0,2.0,,,0,1,0,4.4,1.8,0.0820895522388059,0.2313432835820895,0.0820895522388059,134,0,1,0,0.04382826475849732,0.3783184257602862,0.2235762181493071,2237,0.08990291262135923,0.743252427184466,0.5525454545454546,825,0.46625,0.3765,162
QATGP25,Qatar Grand Prix,OCO,17.0,16.0,17.0,,,0,0,0,15.4,16.0,0.0,0.0,0.0,113,0,1,0,0.01,0.01,0.01,14,0.01,0.02,0.0125,4,,,0
QATGP25,Qatar Grand Prix,PIA,1.0,1.0,1.0,,,1,1,1,3.7,3.9,0.1538461538461538,0.3269230769230769,0.0961538461538461,52,0,1,0,0.12779030439684327,0.3235062006764375,0.35039447731755424,3549,0.8875438596491227,0.5099415204678363,0.7159649122807018,684,0.7832758620689656,0.31775862068965516,234
QATGP25,Qatar Grand Prix,RUS,4.0,3.0,14.0,,,0,1,0,6.5,4.6,0.0746268656716417,0.1567164179104477,0.0223880597014925,134,0,1,0,0.02769911504424779,0.0436283185840708,0.0475,452,0.28843537414965986,0.4089115646258504,0.39637288135593224,590,0.08411764705882353,0.05764705882352941,69
QATGP25,Qatar Grand Prix,SAI,8.0,6.0,4.0,,,0,0,0,7.6,10.3,0.0223880597014925,0.1492537313432835,0.0373134328358208,134,0,1,0,0.01,0.01,0.01,42,0.9139655172413793,0.07801724137931035,0.5552462526766595,467,0.01,0.01,7
QATGP25,Qatar Grand Prix,STR,19.0,4.0,9.0,,,0,0,0,12.4,15.0,0.0,0.0225563909774436,0.0075187969924812,133,0,1,0,0.01,0.01,0.01,21,0.03,0.02,0.022000000000000002,5,,,0
QATGP25,Qatar Grand Prix,TSU,16.0,10.0,13.0,,,0,0,0,14.1,13.1,0.0104166666666666,0.03125,0.0,96,0,1,0,0.01,0.01,0.01,12,0.0325,0.02,0.05052631578947368,19,0.01,0.01,9
QATGP25,Qatar Grand Prix,VER,3.0,5.0,6.0,,,0,0,0,4.2,4.3,0.2388059701492537,0.5671641791044776,0.3432835820895522,134,0,1,0,0.8753501805054151,0.40238267148014445,0.5132461205341032,5542,0.8471022727272727,0.7940909090909091,0.7677510608203677,707,0.1437142857142857,0.40399999999999997,143
ABUDGP25,Abu Dhabi Grand Prix,ALB,17.0,12.0,,15.0,10.0,0,0,0,8.0,15.8,0.0088495575221238,0.1061946902654867,0.0088495575221238,113,0,0,0,0.01,0.01,0.01,20,0.01,0.04333333333333333,0.01769230769230769,13,0.02,0.01,4
ABUDGP25,Abu Dhabi Grand Prix,ALO,6.0,11.0,,9.0,4.0,0,0,0,12.3,9.4,0.0206185567010309,0.134020618556701,0.0,97,0,0,0,0.01,0.01,0.01,17,0.07411764705882354,0.028823529411764706,0.04304347826086956,69,0.04,0.01,4
ABUDGP25,Abu Dhabi Grand Prix,ANT,8.0,9.0,4.0,10.0,9.0,0,0,0,6.9,7.6,0.1304347826086956,0.217391304347826,0.0,23,0,0,0,0.01,0.042727272727272725,0.02468085106382979,47,0.022391304347826088,0.18934782608695652,0.1425945945945946,185,0.016666666666666666,0.04666666666666667,50
ABUDGP25,Abu Dhabi Grand Prix,ARO,,,13.0,,,0,0,0,10.0,10.0,0.0,0.0,0.0,4,0,0,0,,,,0,,,,0,,,0
ABUDGP25,Abu Dhabi Grand Prix,BEA,12.0,17.0,8.0,4.0,7.0,0,0,0,12.5,11.6,0.0,0.0,0.0,27,0,0,0,0.01,0.01,0.01,4,0.02,0.03166666666666666,0.02959183673469388,49,0.02,0.01,4
ABUDGP25,Abu Dhabi Grand Prix,BOR,7.0,19.0,7.0,6.0,11.0,0,0,0,13.9,13.6,0.0,0.0,0.0,23,0,0,0,0.01,0.01,0.01,2,0.03,0.0325,0.030555555555555555,18,0.02,0.01,3
ABUDGP25,Abu Dhabi Grand Prix,BRO,,,18.0,,,0,0,0,10.0,10.0,0.0,0.0,0.0,3,0,0,0,,,,0,,,,0,,,0
ABUDGP25,Abu Dhabi Grand Prix,COL,20.0,7.0,10.0,19.0,19.0,0,0,0,14.5,17.3,0.0,0.0,0.0,17,0,0,0,0.01,0.01,0.01,6,0.03,0.01,0.02,2,0.02,0.01,3
ABUDGP25,Abu Dhabi Grand Prix,CRA,,,19.0,,,0,0,0,10.0,10.0,0.0,0.0,0.0,1,0,0,0,,,,0,,,,0,,,0
ABUDGP25,Abu Dhabi Grand Prix,GAS,19.0,8.0,,20.0,17.0,0,0,0,15.9,14.6,0.0222222222222222,0.0666666666666666,0.0,135,0,0,0,0.01,0.01,0.01,2,0.01,0.01,0.02,4,0.02,0.01,3
ABUDGP25,Abu Dhabi Grand Prix,HAD,10.0,20.0,12.0,7.0,16.0,0,0,0,11.8,8.3,0.0,0.04,0.0,25,0,0,0,0.01,0.01,0.01,4,0.028333333333333335,0.06083333333333333,0.04980392156862745,51,0.02,0.01,3
ABUDGP25,Abu Dhabi Grand Prix,HAM,16.0,10.0,,14.0,18.0,0,0,0,9.2,10.0,0.2014925373134328,0.4776119402985074,0.1791044776119403,134,0,0,0,0.01,0.015,0.01125,40,0.04454545454545454,0.10454545454545455,0.06912087912087912,91,0.05,0.01,2
ABUDGP25,Abu Dhabi Grand Prix,HIR,,,11.0,,,0,0,0,10.0,10.0,0.0,0.0,0.0,4,0,0,0,,,,0,,,,0,,,0
ABUDGP25,Abu Dhabi Grand Prix,HUL,18.0,4.0,5.0,5.0,13.0,0,0,0,11.2,13.3,0.0,0.0126582278481012,0.0,79,0,0,0,0.01,0.01,0.01,5,0.01,0.05,0.04217391304347826,23,0.04,0.01,4
ABUDGP25,Abu Dhabi Grand Prix,IWA,,,17.0,,,0,0,0,10.0,10.0,0.0,0.0,0.0,3,0,0,0,,,,0,,,,0,,,0
ABUDGP25,Abu Dhabi Grand Prix,LAW,14.0,16.0,,18.0,15.0,0,0,0,13.4,11.2,0.0,0.032258064516129,0.0,31,0,0,0,0.01,0.01,0.01,5,0.04,0.04,0.04,1,0.02,0.01,3
ABUDGP25,Abu Dhabi Grand Prix,LEC,5.0,1.0,3.0,8.0,8.0,1,1,0,10.9,5.7,0.0666666666666666,0.2,0.1629629629629629,135,0,0,0,0.01,0.021111111111111112,0.014444444444444444,108,0.2077310924369748,0.11840336134453783,0.18048117154811716,478,0.011875,0.035625,67
ABUDGP25,Abu Dhabi Grand Prix,LEL,,,16.0,,,0,0,0,10.0,10.0,0.0,0.0,0.0,0,0,0,0,,,,0,,,,0,,,0
ABUDGP25,Abu Dhabi Grand Prix,LIN,,,15.0,,,0,0,0,10.0,10.0,0.0,0.0,0.0,2,0,0,0,,,,0,,,,0,,,0
ABUDGP25,Abu Dhabi Grand Prix,NOR,2.0,3.0,1.0,1.0,2.0,0,1,0,4.3,1.9,0.0814814814814814,0.237037037037037,0.0814814814814814,135,0,0,0,0.06423868312757203,0.3276131687242798,0.2135336414997432,1947,0.7997905759162304,0.7098952879581152,0.7498696219035201,767,0.2990566037735849,0.36886792452830186,426
ABUDGP25,Abu Dhabi Grand Prix,OCO,9.0,15.0,,16.0,6.0,0,0,0,15.6,16.6,0.0,0.0,0.0,114,0,0,0,0.01,0.01,0.01,6,0.03,0.04,0.03333333333333333,3,0.02,0.01,3
ABUDGP25,Abu Dhabi Grand Prix,OWA,,,14.0,,,0,0,0,10.0,10.0,0.0,0.0,0.0,3,0,0,0,,,,0,,,,0,,,0
ABUDGP25,Abu Dhabi Grand Prix,PIA,3.0,2.0,,11.0,5.0,0,1,0,3.7,3.8,0.1698113207547169,0.3396226415094339,0.1132075471698113,53,0,0,0,0.0722192513368984,0.21877005347593584,0.14735823882588392,1499,0.8800729927007299,0.6748905109489052,0.723557168784029,551,0.17424657534246574,0.256986301369863,292
ABUDGP25,Abu Dhabi Grand Prix,RUS,4.0,14.0,6.0,3.0,1.0,0,0,0,5.7,4.3,0.074074074074074,0.1629629629629629,0.0222222222222222,135,0,0,0,0.018852459016393444,0.053442622950819675,0.03685714285714285,245,0.30850877192982457,0.381578947368421,0.3764052287581699,459,0.1871153846153846,0.07192307692307692,208
ABUDGP25,Abu Dhabi Grand Prix,SAI,13.0,18.0,9.0,13.0,12.0,0,0,0,7.6,9.6,0.0222222222222222,0.1481481481481481,0.037037037037037,135,0,0,0,0.01,0.01,0.01,17,0.02157894736842105,0.07368421052631578,0.05758169934640523,153,0.023333333333333334,0.016666666666666666,12
ABUDGP25,Abu Dhabi Grand Prix,SHI,,,20.0,,,0,0,0,10.0,10.0,0.0,0.0,0.0,1,0,0,0,,,,0,,,,0,,,0
ABUDGP25,Abu Dhabi Grand Prix,STR,15.0,6.0,,12.0,14.0,0,0,0,11.3,14.9,0.0,0.0223880597014925,0.0074626865671641,134,0,0,0,0.01,0.01,0.01,3,0.01,0.026666666666666665,0.02,27,0.02,0.01,3
ABUDGP25,Abu Dhabi Grand Prix,TSU,11.0,13.0,,17.0,20.0,0,0,0,13.2,14.1,0.0103092783505154,0.0309278350515463,0.0,97,0,0,0,0.01,0.01,0.01,7,0.052000000000000005,0.06,0.04863636363636363,22,0.02,0.01,3
ABUDGP25,Abu Dhabi Grand Prix,VER,1.0,5.0,2.0,2.0,3.0,0,0,1,4.0,4.2,0.237037037037037,0.562962962962963,0.3407407407407407,135,0,0,0,0.8991176470588235,0.41538539553752535,0.6651482889733841,3945,0.9203669724770642,0.8229357798165138,0.8521052631578948,437,0.7042857142857143,0.3696190476190476,423
