round,driver,market,vwap_yes,vwap_no,n_trades,volume,price_std,grid_pos,team,finish_pos,outcome,base_rate,edge_yes,edge_no
1,HAM,winner,0.06951201478743069,0.9304879852125694,21,2705,0.019309509130403673,8,Ferrari,10,0,0.008,-0.06151201478743069,0.061512014787430624
1,LEC,winner,0.06358801498127342,0.9364119850187265,19,1335,0.01747178176073456,7,Ferrari,8,0,0.008,-0.05558801498127342,0.055588014981273526
1,NOR,winner,0.4124313222079589,0.587568677792041,58,3895,0.025634713495476406,1,McLaren,1,1,0.496,0.08356867779204108,-0.08356867779204102
1,PIA,winner,0.2229292168674699,0.7770707831325302,24,1328,0.028691260094270893,2,McLaren,9,0,0.24,0.017070783132530104,-0.017070783132530187
1,RUS,winner,0.07458923512747874,0.9254107648725212,9,353,0.010137937550497033,4,Mercedes,3,0,0.04,-0.03458923512747874,0.0345892351274788
1,SAI,winner,0.2118840579710145,17.43159420289855,14,690,0.3508106780987886,10,Williams,18,0,0.024,-0.1878840579710145,-16.455594202898553
1,TSU,winner,0.02968051118210863,0.9703194888178915,5,313,0.004472135954999579,5,Racing Bulls,12,0,0.016,-0.01368051118210863,0.013680511182108446
1,VER,winner,0.31592898224556143,0.6840710177544387,115,3999,0.020521425613967373,3,Red Bull Racing,2,0,0.12,-0.19592898224556143,0.19592898224556132
2,HAD,winner,0.03,0.97,1,49,0.0,7,Racing Bulls,11,0,0.008,-0.022,0.02200000000000002
2,HAM,winner,0.1163464566929134,2.806488188976378,30,1905,0.23413425758464448,5,Ferrari,19,0,0.016,-0.1003464566929134,-1.822488188976378
2,LEC,winner,0.2295614035087719,17.70464912280702,11,228,0.4350653033532072,6,Ferrari,18,0,0.032,-0.1975614035087719,-16.73664912280702
2,NOR,winner,0.39226811700720277,0.6077318829927973,177,6803,0.06948717055767158,3,McLaren,2,0,0.12,-0.27226811700720277,0.27226811700720266
2,PIA,winner,0.4037916816780754,0.5962083183219247,692,24981,0.11297497690680008,1,McLaren,1,1,0.496,0.09220831832192461,-0.09220831832192466
2,RUS,winner,0.09290262172284645,0.9070973782771535,27,1068,0.02939562151243896,2,Mercedes,3,0,0.24,0.14709737827715352,-0.14709737827715352
2,TSU,winner,0.03,0.97,2,205,0.0,9,Racing Bulls,16,0,0.008,-0.022,0.02200000000000002
2,VER,winner,0.11297600816743236,0.8870239918325675,50,3918,0.04665505200459025,4,Red Bull Racing,4,0,0.04,-0.07297600816743235,0.07297600816743244
3,ALB,podium,0.03,0.97,2,39,0.0,9,Williams,9,0,0.016,-0.013999999999999999,0.014000000000000012
3,ANT,podium,0.09130434782608696,0.9086956521739131,2,23,0.014142135623730954,6,Mercedes,6,0,0.12,0.02869565217391304,-0.028695652173913122
3,HAM,podium,0.17589743589743595,0.8241025641025641,4,741,0.029999999999999995,8,Ferrari,7,0,0.024,-0.15189743589743596,0.15189743589743587
3,HAM,winner,0.03171220400728598,0.968287795992714,5,3294,0.008944271909999161,8,Ferrari,7,0,0.008,-0.023712204007285978,0.02371220400728602
3,LEC,podium,0.3290566037735849,0.6709433962264152,4,212,0.0050000000000000044,4,Ferrari,4,0,0.352,0.022943396226415058,-0.02294339622641517
3,LEC,winner,0.04530701754385965,0.9546929824561403,6,684,0.004082482904638631,4,Ferrari,4,0,0.04,-0.005307017543859649,0.005307017543859649
3,NOR,podium,0.7968468468468469,0.20315315315315316,5,222,0.029495762407505215,2,McLaren,2,1,0.72,-0.07684684684684695,0.07684684684684687
3,NOR,winner,0.4190127289661596,0.5809872710338403,47,3221,0.016471880560934484,2,McLaren,2,0,0.24,-0.1790127289661596,0.17901272896615972
3,PIA,podium,0.6776190476190476,0.32238095238095243,6,189,0.03098386676965931,3,McLaren,3,1,0.536,-0.14161904761904753,0.14161904761904753
3,PIA,winner,0.21558677685950414,0.784413223140496,18,605,0.01649915822768611,3,McLaren,3,0,0.12,-0.09558677685950415,0.09558677685950401
3,RUS,podium,0.4234375,0.5765625,15,416,0.11757469763435294,5,Mercedes,5,0,0.192,-0.23143750000000002,0.23143750000000007
3,RUS,winner,0.05694922366764583,1.4415820394460763,9,2383,0.3163463292026636,5,Mercedes,5,0,0.016,-0.04094922366764583,-0.45758203944607634
3,SAI,podium,1.0,99.0,1,10,0.0,12,Williams,14,0,0.008,-0.992,-98.008
3,TSU,podium,0.04839735099337748,0.9516026490066226,6,755,0.01211060141638997,15,Red Bull Racing,12,0,0.008,-0.04039735099337748,0.04039735099337738
3,TSU,winner,0.2518367346938776,20.952244897959186,2,98,0.6646803743153546,15,Red Bull Racing,12,0,0.0,-0.2518367346938776,-19.952244897959186
3,VER,podium,0.7485840707964602,0.25141592920353983,17,904,0.020757705868934006,1,Red Bull Racing,1,1,0.8,0.05141592920353988,-0.05141592920353988
3,VER,winner,0.32363804147215286,0.6763619585278473,87,9211,0.013527719618449414,1,Red Bull Racing,1,1,0.496,0.17236195852784714,-0.1723619585278473
4,ALB,winner,0.02,0.9800000000000001,2,10,0.0,15,Williams,12,0,0.0,-0.02,0.019999999999999907
4,ANT,podium,0.18079734219269103,0.8192026578073089,8,301,0.014142135623730954,4,Mercedes,11,0,0.352,0.17120265780730895,-0.17120265780730892
4,ANT,winner,0.061692073170731714,4.937545731707317,8,1312,0.3445804902859625,4,Mercedes,11,0,0.04,-0.021692073170731713,-3.977545731707317
4,GAS,podium,0.0672822299651568,0.9327177700348432,7,287,0.006900655593423545,5,Alpine,7,0,0.192,0.1247177700348432,-0.12471777003484319
4,GAS,winner,0.02,0.9799999999999999,4,351,0.0,5,Alpine,7,0,0.016,-0.004,0.004000000000000115
4,HAM,podium,0.0643956043956044,0.9356043956043956,5,182,0.005477225575051666,9,Ferrari,5,0,0.016,-0.048395604395604405,0.04839560439560442
4,HAM,winner,0.02,0.98,4,274,0.0,9,Ferrari,5,0,0.008,-0.012,0.01200000000000001
4,LEC,podium,0.41365217391304354,0.5863478260869563,20,575,0.12062992558800831,3,Ferrari,4,0,0.536,0.12234782608695649,-0.12234782608695638
4,LEC,winner,0.06984379693601683,0.9301562030639832,66,9987,0.01813700771767628,3,Ferrari,4,0,0.12,0.05015620306398316,-0.05015620306398316
4,NOR,podium,0.5892785793562709,0.4107214206437292,9,901,0.07043515536371811,6,McLaren,3,1,0.12,-0.46927857935627093,0.4692785793562708
4,NOR,winner,0.16122673874623142,0.8387732612537686,91,9619,0.04481300177632746,6,McLaren,3,0,0.032,-0.12922673874623142,0.12922673874623136
4,PIA,podium,0.8888888888888888,0.1111111111111111,6,63,0.042268979957726285,1,McLaren,1,1,0.8,-0.0888888888888888,0.08888888888888885
4,PIA,winner,0.7179952246197383,0.28200477538026175,123,11308,0.030871218318769635,1,McLaren,1,1,0.496,-0.2219952246197383,0.22199522461973825
4,RUS,podium,0.6101373895976447,0.3898626104023553,14,1019,0.045307253864555204,2,Mercedes,2,1,0.72,0.10986261040235523,-0.10986261040235529
4,RUS,winner,0.12018860759493671,0.8798113924050633,87,7900,0.02023320335595192,2,Mercedes,2,0,0.24,0.11981139240506328,-0.11981139240506333
4,TSU,podium,0.09,0.91,1,86,0.0,10,Red Bull Racing,9,0,0.04,-0.049999999999999996,0.04999999999999993
4,TSU,winner,0.9048543689320389,89.48349514563107,2,103,0.6929646455628166,10,Red Bull Racing,9,0,0.024,-0.8808543689320388,-88.50749514563107
4,VER,podium,0.22628260869565214,0.7737173913043478,17,920,0.0645117408374813,7,Red Bull Racing,6,0,0.073,-0.15328260869565213,0.15328260869565224
4,VER,winner,0.04742997648064999,1.989773358990806,42,4677,0.14833747661545654,7,Red Bull Racing,6,0,0.008,-0.03942997648064999,-0.997773358990806
5,ALB,winner,1.0,99.0,3,295,0.0,11,Williams,9,0,0.008,-0.992,-98.008
5,ALO,winner,1.0,99.0,4,1466,0.0,13,Aston Martin,11,0,0.0,-1.0,-98.0
5,ANT,podium,0.042535531552018196,0.9574644684479817,16,1759,0.03687252816574059,5,Mercedes,6,0,0.192,0.1494644684479818,-0.14946446844798167
5,ANT,winner,0.5939130434782609,58.383016858917486,4,1127,0.49,5,Mercedes,6,0,0.016,-0.5779130434782609,-57.399016858917484
5,BEA,winner,1.0,99.0,1,93,0.0,15,Haas F1 Team,13,0,0.0,-1.0,-98.0
5,BOR,winner,1.0,99.0,3,408,0.0,20,Kick Sauber,18,0,0.0,-1.0,-98.0
5,DOO,winner,1.0,99.0,3,473,0.0,17,Alpine,17,0,0.0,-1.0,-98.0
5,GAS,winner,1.0,99.0,2,186,0.0,9,Alpine,20,0,0.008,-0.992,-98.008
5,HAD,winner,1.0,99.0,2,193,0.0,14,Racing Bulls,10,0,0.0,-1.0,-98.0
5,HAM,podium,0.04836597649692221,0.9516340235030778,17,1787,0.022508168451893715,7,Ferrari,7,0,0.073,0.024634023503077786,-0.02463402350307775
5,HAM,winner,0.3896599496221662,37.953539042821156,11,1588,0.4944344795273228,7,Ferrari,7,0,0.008,-0.3816599496221662,-36.96153904282116
5,HUL,winner,1.0,99.0,2,193,0.0,18,Kick Sauber,15,0,0.0,-1.0,-98.0
5,LAW,winner,1.0,99.0,2,373,0.0,12,Racing Bulls,12,0,0.008,-0.992,-98.008
5,LEC,podium,0.15352681602172438,0.8464731839782756,44,2946,0.031471991642222426,4,Ferrari,3,1,0.352,0.1984731839782756,-0.19847318397827562
5,LEC,winner,0.3085376344086021,29.463812596006147,47,3255,0.450674897337018,4,Ferrari,3,0,0.04,-0.2685376344086021,-28.503812596006146
5,NOR,podium,0.3989073347419258,0.6010926652580743,35,3313,0.027224556389190906,10,McLaren,4,0,0.04,-0.3589073347419258,0.3589073347419257
5,NOR,winner,0.059071227538428236,0.9409287724615717,82,4619,0.009950192128625824,10,McLaren,4,0,0.024,-0.035071227538428236,0.035071227538428285
5,OCO,winner,1.0,99.0,3,293,0.0,19,Haas F1 Team,14,0,0.0,-1.0,-98.0
5,PIA,podium,0.7942948717948718,0.20570512820512823,20,1092,0.0347320570866985,2,McLaren,1,1,0.72,-0.07429487179487182,0.07429487179487179
5,PIA,winner,0.47817826178896167,0.5218217382110383,186,9458,0.021384035034897608,2,McLaren,1,1,0.24,-0.23817826178896168,0.23817826178896173
5,RUS,podium,0.5088592592592592,0.4911407407407407,64,3375,0.042663957782310746,3,Mercedes,5,0,0.536,0.0271407407407408,-0.027140740740740743
5,RUS,winner,0.06286345001576792,0.937136549984232,84,3171,0.017293988621932665,3,Mercedes,5,0,0.12,0.05713654998423208,-0.05713654998423201
5,SAI,podium,0.5756159822419532,55.36334073251942,11,901,0.4814995515904643,6,Williams,8,0,0.12,-0.4556159822419532,-54.483340732519416
5,SAI,winner,1.0,99.0,3,279,0.0,6,Williams,8,0,0.032,-0.968,-98.032
5,STR,winner,1.0,99.0,3,286,0.0,16,Aston Martin,16,0,0.0,-1.0,-98.0
5,TSU,podium,0.5661111111111111,55.43388888888889,3,180,0.5629387178015027,8,Red Bull Racing,19,0,0.024,-0.5421111111111111,-54.45788888888889
5,TSU,winner,1.0,99.0,2,230,0.0,8,Red Bull Racing,19,0,0.008,-0.992,-98.008
5,VER,podium,0.7282040173296573,0.27179598267034266,63,5078,0.15826892537505688,1,Red Bull Racing,2,1,0.8,0.0717959826703427,-0.0717959826703427
5,VER,winner,0.4414131563334322,0.5585868436665677,346,26968,0.02600785737788272,1,Red Bull Racing,2,0,0.496,0.0545868436665678,-0.05458684366656774
6,ALB,podium,0.028506493506493504,0.9714935064935064,4,154,0.004999999999999999,7,Williams,5,0,0.073,0.04449350649350649,-0.04449350649350636
6,ALB,winner,1.0,99.0,4,380,0.0,7,Williams,5,0,0.008,-0.992,-98.008
6,ALO,podium,0.03,0.97,1,100,0.0,17,Aston Martin,15,0,0.0,-0.03,0.030000000000000027
6,ALO,winner,1.0,99.0,5,500,0.0,17,Aston Martin,15,0,0.0,-1.0,-98.0
6,ANT,podium,0.3510380412788345,0.6489619587211656,65,4942,0.0688514985033285,3,Mercedes,6,0,0.536,0.18496195872116555,-0.1849619587211656
6,ANT,winner,0.05708922294517987,0.9429107770548201,92,13371,0.009411747140311313,3,Mercedes,6,0,0.12,0.06291077705482012,-0.06291077705482007
6,BEA,podium,0.02,0.98,2,193,0.0,20,Haas F1 Team,19,0,0.0,-0.02,0.020000000000000018
6,BEA,winner,1.0,99.0,1,100,0.0,20,Haas F1 Team,19,0,0.0,-1.0,-98.0
6,BOR,podium,0.02,0.98,1,100,0.0,13,Kick Sauber,18,0,0.008,-0.012,0.01200000000000001
6,BOR,winner,1.0,99.0,2,193,0.0,13,Kick Sauber,18,0,0.0,-1.0,-98.0
6,DOO,podium,0.02,0.98,1,100,0.0,14,Alpine,20,0,0.0,-0.02,0.020000000000000018
6,DOO,winner,1.0,99.0,2,193,0.0,14,Alpine,20,0,0.0,-1.0,-98.0
6,GAS,podium,0.02518134715025907,0.9748186528497409,2,193,0.007071067811865474,18,Alpine,13,0,0.0,-0.02518134715025907,0.025181347150259104
6,GAS,winner,1.0,99.0,2,193,0.0,18,Alpine,13,0,0.0,-1.0,-98.0
6,HAD,podium,0.03,0.97,1,100,0.0,11,Racing Bulls,11,0,0.016,-0.013999999999999999,0.014000000000000012
6,HAD,winner,1.0,99.0,2,146,0.0,11,Racing Bulls,11,0,0.008,-0.992,-98.008
6,HAM,podium,0.040900755124056096,0.9590992448759439,9,1854,0.008660254037844388,12,Ferrari,8,0,0.008,-0.032900755124056096,0.0329007551240561
6,HAM,winner,0.4922193850409619,47.89590701138419,32,9399,0.4651845584142887,12,Ferrari,8,0,0.008,-0.4842193850409619,-46.90390701138419
6,HUL,podium,0.02,0.98,2,193,0.0,16,Kick Sauber,14,0,0.0,-0.02,0.020000000000000018
6,HUL,winner,1.0,99.0,4,293,0.0,16,Kick Sauber,14,0,0.0,-1.0,-98.0
6,LAW,podium,0.02,0.98,2,193,0.0,15,Racing Bulls,17,0,0.008,-0.012,0.01200000000000001
6,LAW,winner,1.0,99.0,2,200,0.0,15,Racing Bulls,17,0,0.0,-1.0,-98.0
6,LEC,podium,0.06623461259956553,0.9337653874004345,27,1381,0.03690289096836942,8,Ferrari,7,0,0.024,-0.042234612599565534,0.04223461259956551
6,LEC,winner,0.33613392583512103,32.53622280110328,33,6526,0.456580048741829,8,Ferrari,7,0,0.008,-0.328133925835121,-31.544222801103277
6,NOR,podium,0.7801669449081804,0.21983305509181972,25,599,0.0894427190999916,2,McLaren,2,1,0.72,-0.06016694490818042,0.06016694490818031
6,NOR,winner,0.36733258557660353,0.6326674144233965,239,24072,0.03086444854114218,2,McLaren,2,0,0.24,-0.12733258557660354,0.12733258557660354
6,OCO,podium,0.03,0.97,1,100,0.0,9,Haas F1 Team,12,0,0.016,-0.013999999999999999,0.014000000000000012
6,OCO,winner,1.0,99.0,2,200,0.0,9,Haas F1 Team,12,0,0.008,-0.992,-98.008
6,PIA,podium,0.6825142045454545,0.3174857954545454,29,704,0.09131362077971435,4,McLaren,1,1,0.352,-0.33051420454545455,0.3305142045454546
6,PIA,winner,0.18316241246894063,0.8168375875310595,256,17708,0.031051797925591436,4,McLaren,1,1,0.04,-0.14316241246894063,0.14316241246894046
6,RUS,podium,0.1799531981279251,0.8200468018720748,11,641,0.024605985967941734,5,Mercedes,3,1,0.192,0.012046801872074908,-0.012046801872074742
6,RUS,winner,0.026599335667474636,0.9734006643325253,60,11139,0.0054201965899260815,5,Mercedes,3,0,0.016,-0.010599335667474636,0.01059933566747473
6,SAI,podium,0.03437246963562753,0.9656275303643727,10,494,0.20971938923767214,6,Williams,9,0,0.12,0.08562753036437246,-0.08562753036437265
6,SAI,winner,1.0,99.0,8,4781,0.0,6,Williams,9,0,0.032,-0.968,-98.032
6,STR,podium,0.02,0.98,1,100,0.0,19,Aston Martin,16,0,0.0,-0.02,0.020000000000000018
6,STR,winner,1.0,99.0,2,193,0.0,19,Aston Martin,16,0,0.0,-1.0,-98.0
6,TSU,winner,1.0,99.0,3,1128,0.0,10,Red Bull Racing,10,0,0.024,-0.976,-98.024
6,VER,podium,0.7873167622689612,0.21268323773103892,25,1569,0.024819347291981726,1,Red Bull Racing,4,0,0.8,0.012683237731038854,-0.012683237731038965
6,VER,winner,0.3860007768382683,0.6139992231617317,398,33469,0.0337194003817195,1,Red Bull Racing,4,0,0.496,0.10999922316173172,-0.10999922316173172
7,ALB,winner,1.0,99.0,1,50,0.0,7,Williams,5,0,0.008,-0.992,-98.008
7,ALO,podium,0.04859154929577465,0.9514084507042253,4,142,0.010000000000000004,5,Aston Martin,11,0,0.192,0.14340845070422537,-0.14340845070422525
7,ALO,winner,1.0,99.0,5,396,0.0,5,Aston Martin,11,0,0.016,-0.984,-98.016
7,ANT,podium,0.039473684210526314,0.9605263157894737,2,38,0.014142135623730954,13,Mercedes,19,0,0.008,-0.03147368421052631,0.03147368421052632
7,ANT,winner,1.0,99.0,4,1279,0.0,13,Mercedes,19,0,0.0,-1.0,-98.0
7,BEA,winner,1.0,99.0,1,46,0.0,19,Haas F1 Team,17,0,0.0,-1.0,-98.0
7,GAS,winner,1.0,99.0,1,46,0.0,10,Alpine,13,0,0.024,-0.976,-98.024
7,HAD,winner,1.0,99.0,1,46,0.0,9,Racing Bulls,9,0,0.008,-0.992,-98.008
7,HAM,podium,0.06857345635202271,0.9314265436479774,7,1409,0.028535691936340257,12,Ferrari,4,0,0.008,-0.06057345635202271,0.0605734563520226
7,HAM,winner,0.6929529529529529,68.28902902902902,14,2997,0.4594310863197254,12,Ferrari,4,0,0.008,-0.6849529529529529,-67.29702902902902
7,LEC,podium,0.07,0.9299999999999999,1,13,0.0,11,Ferrari,6,0,0.016,-0.054000000000000006,0.05400000000000005
7,LEC,winner,0.12092687950566426,11.074747682801236,9,971,0.3266666666666667,11,Ferrari,6,0,0.008,-0.11292687950566427,-10.082747682801237
7,NOR,podium,0.6472953736654805,0.35270462633451954,5,281,0.03898717737923583,4,McLaren,2,1,0.352,-0.29529537366548053,0.2952953736654805
7,NOR,winner,0.10990154915303317,0.8900984508469669,110,6907,0.020696987810315547,4,McLaren,2,0,0.04,-0.06990154915303318,0.06990154915303304
7,PIA,podium,0.8662000000000001,0.1338,3,50,0.06658328118479392,1,McLaren,3,1,0.8,-0.06620000000000004,0.06619999999999995
7,PIA,winner,0.6281994017946161,0.37180059820538386,215,25075,0.03732392554900017,1,McLaren,3,0,0.496,-0.1321994017946161,0.13219940179461614
7,RUS,podium,0.49398655139289144,0.5060134486071084,23,2082,0.10861688845892255,3,Mercedes,7,0,0.536,0.042013448607108594,-0.04201344860710843
7,RUS,winner,0.04349273021001615,0.9565072697899838,37,3095,0.01397122740474849,3,Mercedes,7,0,0.12,0.07650726978998384,-0.07650726978998379
7,SAI,podium,0.07879518072289156,0.9212048192771084,2,83,0.021213203435596427,6,Williams,8,0,0.12,0.04120481927710844,-0.041204819277108395
7,SAI,winner,1.0,99.0,2,190,0.0,6,Williams,8,0,0.032,-0.968,-98.032
7,STR,podium,0.02,0.98,1,50,0.0,8,Aston Martin,15,0,0.024,0.004,-0.0040000000000000036
7,TSU,winner,1.0,99.0,1,187,0.0,20,Red Bull Racing,10,0,0.0,-1.0,-98.0
7,VER,podium,0.7877186588921283,0.21228134110787172,24,1372,0.061213572426998264,2,Red Bull Racing,1,1,0.72,-0.06771865889212836,0.0677186588921283
7,VER,winner,0.22303441310150782,0.7769655868984922,182,13861,0.042201031787928577,2,Red Bull Racing,1,1,0.24,0.016965586898492174,-0.016965586898492147
8,ALB,winner,1.0,99.0,2,152,0.0,10,Williams,9,0,0.024,-0.976,-98.024
8,ALO,winner,1.0,99.0,5,587,0.0,7,Aston Martin,19,0,0.008,-0.992,-98.008
8,ANT,winner,1.0,99.0,1,20,0.0,15,Mercedes,18,0,0.0,-1.0,-98.0
8,HAD,winner,1.0,99.0,3,200,0.0,6,Racing Bulls,6,0,0.032,-0.968,-98.032
8,HAM,podium,0.23559523809523808,0.7644047619047618,4,84,0.03774917217635374,4,Ferrari,5,0,0.352,0.1164047619047619,-0.11640476190476179
8,HAM,winner,0.13822113576532533,10.83996615268898,35,2659,0.16308218271573302,4,Ferrari,5,0,0.04,-0.09822113576532532,-9.87996615268898
8,LAW,winner,1.0,99.0,1,20,0.0,9,Racing Bulls,8,0,0.008,-0.992,-98.008
8,LEC,podium,0.700532319391635,0.29946768060836504,15,263,0.06334335760267965,2,Ferrari,2,1,0.72,0.019467680608365012,-0.019467680608365012
8,LEC,winner,0.27169583333333325,0.7283041666666666,79,4800,0.020975867495820213,2,Ferrari,2,0,0.24,-0.031695833333333256,0.03169583333333337
8,NOR,podium,0.7810563380281691,0.218943661971831,15,284,0.05304984179322041,1,McLaren,1,1,0.8,0.01894366197183095,-0.018943661971831033
8,NOR,winner,0.5409512416467288,0.4590487583532712,156,12121,0.03990492215556273,1,McLaren,1,1,0.496,-0.04495124164672881,0.04495124164672881
8,PIA,podium,0.7413728549141966,0.2586271450858034,15,641,0.031274514194392186,3,McLaren,3,1,0.536,-0.20537285491419655,0.20537285491419655
8,PIA,winner,0.1172598800427245,0.8827401199572756,90,12171,0.021409741444354424,3,McLaren,3,0,0.12,0.002740119957275494,-0.002740119957275633
8,RUS,podium,0.049208860759493676,0.9507911392405063,7,316,0.010690449676496976,14,Mercedes,11,0,0.0,-0.049208860759493676,0.04920886075949371
8,RUS,winner,1.0,99.0,4,610,0.0,14,Mercedes,11,0,0.0,-1.0,-98.0
8,VER,podium,0.47690457413249215,0.5230954258675079,18,2536,0.0852159885577956,5,Red Bull Racing,4,0,0.192,-0.28490457413249215,0.28490457413249215
8,VER,winner,0.06292464060067758,0.9370753593993225,110,10921,0.027583975960234815,5,Red Bull Racing,4,0,0.016,-0.04692464060067758,0.04692464060067747
9,ALB,winner,1.0,99.0,1,100,0.0,11,Williams,19,0,0.008,-0.992,-98.008
9,ALO,winner,1.0,99.0,7,3135,0.0,10,Aston Martin,9,0,0.024,-0.976,-98.024
9,ANT,winner,1.0,99.0,3,399,0.0,6,Mercedes,18,0,0.032,-0.968,-98.032
9,GAS,podium,0.05,0.95,1,93,0.0,8,Alpine,8,0,0.024,-0.026000000000000002,0.026000000000000023
9,HAD,podium,0.05,0.95,1,93,0.0,9,Racing Bulls,7,0,0.016,-0.034,0.03400000000000003
9,HAM,podium,0.16999999999999998,0.8300000000000001,10,456,0.06419588079550831,5,Ferrari,6,0,0.192,0.02200000000000002,-0.02200000000000002
9,HAM,winner,0.6530895390070921,64.19664450354608,17,2256,0.45934096012336934,5,Ferrari,6,0,0.016,-0.6370895390070921,-63.21264450354608
9,LEC,podium,0.17653846153846153,0.8234615384615385,2,52,0.07071067811865474,7,Ferrari,3,1,0.073,-0.10353846153846154,0.10353846153846158
9,LEC,winner,0.7011959957850368,68.73294520547945,15,1898,0.4002439732153854,7,Ferrari,3,0,0.008,-0.6931959957850368,-67.74094520547945
9,NOR,podium,0.78,0.22000000000000003,1,43,0.0,2,McLaren,2,1,0.72,-0.06000000000000005,0.06
9,NOR,winner,0.2568647091108672,0.7431352908891329,125,7288,0.016558790668013672,2,McLaren,2,0,0.24,-0.016864709110867182,0.016864709110867127
9,PIA,podium,0.8804761904761905,0.11952380952380952,2,21,0.007071067811865481,1,McLaren,1,1,0.8,-0.08047619047619048,0.08047619047619044
9,PIA,winner,0.5942404570241496,0.40575954297585043,121,11553,0.01870350065199342,1,McLaren,1,1,0.496,-0.09824045702414963,0.09824045702414957
9,RUS,podium,0.2801324503311259,0.7198675496688743,9,151,0.05002777006601211,4,Mercedes,4,0,0.352,0.0718675496688741,-0.07186754966887432
9,RUS,winner,0.17116322701688555,15.45594746716698,20,2132,0.4006954480715537,4,Mercedes,4,0,0.04,-0.13116322701688554,-14.495947467166982
9,VER,podium,0.7592901234567901,0.2407098765432099,5,324,0.018708286933869726,3,Red Bull Racing,10,0,0.536,-0.2232901234567901,0.22329012345679006
9,VER,winner,0.1241010158414435,0.8758989841585566,113,14077,0.020609394835835616,3,Red Bull Racing,10,0,0.12,-0.004101015841443498,0.004101015841443401
10,ALB,podium,0.040236220472440944,0.9597637795275591,4,127,0.005000000000000002,10,Williams,20,0,0.04,-0.0002362204724409428,0.0002362204724408734
10,ALB,winner,1.0,99.0,3,279,0.0,10,Williams,20,0,0.024,-0.976,-98.024
10,ALO,podium,0.05975820379965458,0.9402417962003454,7,579,0.01,6,Aston Martin,7,0,0.12,0.060241796200345414,-0.06024179620034542
10,ALO,winner,1.0,99.0,6,1694,0.0,6,Aston Martin,7,0,0.032,-0.968,-98.032
10,ANT,podium,0.14841121495327103,0.8515887850467289,12,749,0.011381803659589922,4,Mercedes,3,1,0.352,0.20358878504672895,-0.20358878504672884
10,ANT,winner,0.45883477469276285,44.38595357305417,34,2197,0.47247490006803095,4,Mercedes,3,0,0.04,-0.41883477469276287,-43.425953573054166
10,BEA,winner,1.0,99.0,1,93,0.0,14,Haas F1 Team,11,0,0.0,-1.0,-98.0
10,BOR,winner,1.0,99.0,1,93,0.0,16,Kick Sauber,14,0,0.0,-1.0,-98.0
10,COL,winner,1.0,99.0,1,140,0.0,12,Alpine,13,0,0.008,-0.992,-98.008
10,GAS,winner,1.0,99.0,1,98,0.0,20,Alpine,15,0,0.0,-1.0,-98.0
10,HAD,winner,1.0,99.0,1,93,0.0,9,Racing Bulls,16,0,0.008,-0.992,-98.008
10,HAM,podium,0.15387019230769233,0.8461298076923076,12,832,0.01850470865548124,5,Ferrari,6,0,0.192,0.03812980769230767,-0.03812980769230756
10,HAM,winner,0.44595744680851074,42.907386018237084,36,2632,0.478106300858538,5,Ferrari,6,0,0.016,-0.4299574468085107,-41.92338601823708
10,LEC,podium,0.09397476340694005,0.9060252365930599,6,317,0.17146428199482247,8,Ferrari,5,0,0.024,-0.06997476340694006,0.06997476340694009
10,LEC,winner,0.6032317736670293,59.21504896626767,11,919,0.5091918731051819,8,Ferrari,5,0,0.008,-0.5952317736670293,-58.223048966267676
10,NOR,podium,0.5691666666666666,0.4308333333333334,17,780,0.15161871683310624,7,McLaren,18,0,0.073,-0.4961666666666666,0.49616666666666664
10,NOR,winner,0.08580574754456166,0.9141942524554383,81,2749,0.056018625650341394,7,McLaren,18,0,0.008,-0.07780574754456165,0.07780574754456171
10,PIA,podium,0.7980687203791471,0.20193127962085305,22,844,0.008335497554466656,3,McLaren,4,0,0.536,-0.2620687203791471,0.2620687203791469
10,PIA,winner,0.36675464583894424,0.6332453541610557,116,3713,0.09185621219134245,3,McLaren,4,0,0.12,-0.24675464583894424,0.24675464583894435
10,RUS,podium,0.6395041322314049,0.36049586776859505,9,121,0.06,1,Mercedes,1,1,0.8,0.16049586776859515,-0.1604958677685951
10,RUS,winner,0.2460504774897681,0.7539495225102321,94,5864,0.07114523829821448,1,Mercedes,1,1,0.496,0.2499495225102319,-0.24994952251023206
10,SAI,winner,1.0,99.0,1,93,0.0,17,Williams,10,0,0.0,-1.0,-98.0
10,STR,winner,1.0,99.0,1,93,0.0,18,Aston Martin,17,0,0.0,-1.0,-98.0
10,VER,podium,0.7276795580110498,0.2723204419889503,8,362,0.0805228450281569,2,Red Bull Racing,2,1,0.72,-0.007679558011049803,0.0076795580110497474
10,VER,winner,0.40218640717652426,0.5978135928234757,249,19731,0.0454455352103282,2,Red Bull Racing,2,0,0.24,-0.16218640717652427,0.16218640717652433
11,ANT,podium,1.0,99.0,1,36,0.0,9,Mercedes,19,0,0.016,-0.984,-98.016
11,ANT,winner,0.604235294117647,59.01929411764706,5,510,0.5340411969127475,9,Mercedes,19,0,0.008,-0.596235294117647,-58.02729411764706
11,HAM,podium,0.19020202020202018,0.8097979797979798,15,792,0.03541589635016618,4,Ferrari,4,0,0.352,0.1617979797979798,-0.16179797979797983
11,HAM,winner,0.3711207778915046,35.993259979529164,49,1954,0.4707483367985908,4,Ferrari,4,0,0.04,-0.3311207778915046,-35.03325997952916
11,LAW,podium,0.06,0.94,1,153,0.0,6,Racing Bulls,6,0,0.12,0.06,-0.05999999999999994
11,LAW,winner,1.0,99.0,1,150,0.0,6,Racing Bulls,6,0,0.032,-0.968,-98.032
11,LEC,podium,0.5241580601706333,0.4758419398293669,36,2227,0.11011682108431158,2,Ferrari,3,1,0.72,0.1958419398293667,-0.19584193982936687
11,LEC,winner,0.08760039761431412,0.9123996023856861,76,5030,0.008013147091860316,2,Ferrari,3,0,0.24,0.15239960238568587,-0.15239960238568606
11,NOR,podium,0.8479069767441862,0.15209302325581395,7,43,0.04990467102863409,1,McLaren,1,1,0.8,-0.0479069767441862,0.04790697674418601
11,NOR,winner,0.6846578306735192,0.3153421693264809,138,14788,0.012847929411871442,1,McLaren,1,1,0.496,-0.18865783067351916,0.1886578306735191
11,PIA,podium,0.7753333333333334,0.22466666666666668,13,150,0.05724441524658172,3,McLaren,2,1,0.536,-0.2393333333333334,0.2393333333333333
11,PIA,winner,0.18210067491563559,0.8178993250843646,84,7112,0.012271432946152702,3,McLaren,2,0,0.12,-0.06210067491563559,0.06210067491563542
11,RUS,podium,0.19176470588235295,0.808235294117647,3,34,0.0808290376865476,5,Mercedes,5,0,0.192,0.00023529411764705577,-0.00023529411764700026
11,RUS,winner,0.024277733439744608,0.9757222665602553,14,2506,0.0057893422352183945,5,Mercedes,5,0,0.016,-0.008277733439744608,0.008277733439744694
11,VER,podium,0.3962605042016807,0.6037394957983193,27,1190,0.0536714708260057,7,Red Bull Racing,18,0,0.073,-0.3232605042016807,0.32326050420168073
11,VER,winner,0.05279331485680691,0.9472066851431931,106,11907,0.014026031503901155,7,Red Bull Racing,18,0,0.008,-0.04479331485680691,0.04479331485680693
12,ALB,winner,1.0,99.0,6,670,0.0,14,Williams,8,0,0.0,-1.0,-98.0
12,ALO,podium,0.06,0.94,1,78,0.0,9,Aston Martin,9,0,0.016,-0.044,0.04400000000000004
12,ALO,winner,1.0,99.0,5,1080,0.0,9,Aston Martin,9,0,0.008,-0.992,-98.008
12,ANT,podium,0.061708238851096,0.9382917611489041,9,1323,0.008333333333333335,7,Mercedes,16,0,0.073,0.011291761148903998,-0.011291761148904067
12,ANT,winner,1.0,99.0,6,627,0.0,7,Mercedes,16,0,0.008,-0.992,-98.008
12,BEA,winner,1.0,99.0,2,146,0.0,8,Haas F1 Team,11,0,0.008,-0.992,-98.008
12,COL,winner,1.0,99.0,3,200,0.0,20,Alpine,20,0,0.0,-1.0,-98.0
12,GAS,winner,1.0,99.0,3,103,0.0,10,Alpine,6,0,0.024,-0.976,-98.024
12,HAM,podium,0.2772245367044965,0.7227754632955035,59,6961,0.05440502263058299,5,Ferrari,4,0,0.192,-0.08522453670449648,0.08522453670449659
12,HAM,winner,0.08050444648880711,0.9194955535111929,262,13044,0.011367354703126047,5,Ferrari,4,0,0.016,-0.06450444648880711,0.06450444648880704
12,LEC,podium,0.1503949843260188,0.8496050156739812,20,1595,0.03823404379951404,6,Ferrari,14,0,0.12,-0.03039498432601881,0.030394984326018837
12,LEC,winner,0.04580593969621401,0.954194060303786,81,8822,0.014053469322555197,6,Ferrari,14,0,0.032,-0.013805939696214006,0.01380593969621402
12,NOR,podium,0.6965105386416863,0.30348946135831384,19,427,0.06531077304720403,3,McLaren,1,1,0.536,-0.1605105386416863,0.16051053864168613
12,NOR,winner,0.19937312537492502,0.800626874625075,235,13336,0.024183859602730846,3,McLaren,1,1,0.12,-0.07937312537492502,0.07937312537492502
12,OCO,winner,1.0,99.0,1,3,0.0,15,Haas F1 Team,13,0,0.0,-1.0,-98.0
12,PIA,podium,0.760383275261324,0.23961672473867596,8,287,0.049695501377316396,2,McLaren,2,1,0.72,-0.040383275261324014,0.04038327526132407
12,PIA,winner,0.33608027907398175,0.6639197209260183,243,22073,0.019907790017749595,2,McLaren,2,0,0.24,-0.09608027907398176,0.09608027907398176
12,RUS,podium,0.11227176220806795,0.8877282377919321,13,471,0.045643546458763846,4,Mercedes,10,0,0.352,0.23972823779193203,-0.2397282377919321
12,RUS,winner,0.059491749757345794,1.8839477631695052,123,11333,0.08756452657787518,4,Mercedes,10,0,0.04,-0.019491749757345793,-0.9239477631695052
12,SAI,winner,1.0,99.0,2,103,0.0,11,Williams,12,0,0.008,-0.992,-98.008
12,TSU,winner,1.0,99.0,1,9,0.0,12,Red Bull Racing,15,0,0.008,-0.992,-98.008
12,VER,podium,0.7954575986565912,0.20454240134340892,30,1191,0.04258325179379016,1,Red Bull Racing,5,0,0.8,0.004542401343408886,-0.004542401343408969
12,VER,winner,0.37227483021700797,0.6277251697829921,582,57279,0.027256447379219877,1,Red Bull Racing,5,0,0.496,0.12372516978299203,-0.12372516978299208
13,ALB,podium,0.08414412125830899,0.9158558787416909,59,23619,0.01887700508197715,5,Williams,6,0,0.192,0.10785587874169102,-0.10785587874169089
13,ALB,winner,1.0,99.0,53,17954,0.0,5,Williams,6,0,0.016,-0.984,-98.016
13,ALO,podium,1.0,99.0,15,1587,0.0,19,Aston Martin,17,0,0.0,-1.0,-98.0
13,ALO,winner,1.0,99.0,26,51546,0.0,19,Aston Martin,17,0,0.0,-1.0,-98.0
13,ANT,podium,0.3470027700831025,33.56158448753463,19,1805,0.466268627240283,18,Mercedes,16,0,0.0,-0.3470027700831025,-32.56158448753463
13,ANT,winner,1.0,99.0,15,2729,0.0,18,Mercedes,16,0,0.0,-1.0,-98.0
13,BEA,podium,0.9773323053199691,96.73276792598303,9,1297,0.32666666666666666,12,Haas F1 Team,11,0,0.008,-0.9693323053199691,-95.74076792598302
13,BEA,winner,1.0,99.0,3,102,0.0,12,Haas F1 Team,11,0,0.008,-0.992,-98.008
13,BOR,podium,0.7505656108597285,74.05147058823529,5,884,0.5367681063550628,10,Kick Sauber,9,0,0.04,-0.7105656108597285,-73.0914705882353
13,BOR,winner,1.0,99.0,2,201,0.0,10,Kick Sauber,9,0,0.024,-0.976,-98.024
13,COL,podium,1.0,99.0,6,1596,0.0,17,Alpine,19,0,0.0,-1.0,-98.0
13,COL,winner,1.0,99.0,3,301,0.0,17,Alpine,19,0,0.0,-1.0,-98.0
13,GAS,podium,0.7364800923254472,72.64263127524524,16,1733,0.49,13,Alpine,10,0,0.008,-0.7284800923254472,-71.65063127524523
13,GAS,winner,1.0,99.0,4,1301,0.0,13,Alpine,10,0,0.0,-1.0,-98.0
13,HAD,podium,0.22812015503875965,18.82808139534884,27,4644,0.3055679873150898,8,Racing Bulls,20,0,0.024,-0.20412015503875966,-17.85208139534884
13,HAD,winner,1.0,99.0,6,2536,0.0,8,Racing Bulls,20,0,0.008,-0.992,-98.008
13,HAM,podium,0.06300472150931567,0.9369952784906844,155,51043,0.03198606734812561,16,Ferrari,7,0,0.0,-0.06300472150931567,0.06300472150931558
13,HAM,winner,0.8959331461425324,88.5911908009092,75,37395,0.2870007690607143,16,Ferrari,7,0,0.0,-0.8959331461425324,-87.5911908009092
13,HUL,podium,0.06500265614327995,5.442851938984594,20,13177,0.4019331575746081,14,Kick Sauber,12,0,0.0,-0.06500265614327995,-4.442851938984594
13,HUL,winner,1.0,99.0,18,30002,0.0,14,Kick Sauber,12,0,0.0,-1.0,-98.0
13,LAW,podium,0.6417736121124731,63.17005046863735,11,1387,0.4944344795273228,9,Racing Bulls,8,0,0.016,-0.6257736121124731,-62.18605046863735
13,LAW,winner,1.0,99.0,6,467,0.0,9,Racing Bulls,8,0,0.008,-0.992,-98.008
13,LEC,podium,0.348325969563083,0.6516740304369171,199,63147,0.023893087928920958,3,Ferrari,3,1,0.536,0.18767403043691705,-0.1876740304369171
13,LEC,winner,0.046740363868836746,0.9532596361311632,252,112623,0.009299774342448539,3,Ferrari,3,0,0.12,0.07325963613116325,-0.07325963613116315
13,NOR,podium,0.8613778952068157,0.13862210479318426,207,163503,0.015774339676310683,1,McLaren,2,1,0.8,-0.06137789520681569,0.06137789520681569
13,NOR,winner,0.4289704045597773,0.5710295954402227,1087,315454,0.013985032249914979,1,McLaren,2,0,0.496,0.06702959544022269,-0.06702959544022269
13,OCO,podium,0.802020202020202,79.1979797979798,11,1980,0.5117883085097515,11,Haas F1 Team,15,0,0.016,-0.786020202020202,-78.2139797979798
13,OCO,winner,1.0,99.0,12,8632,0.0,11,Haas F1 Team,15,0,0.008,-0.992,-98.008
13,PIA,podium,0.8377813113439201,0.16221868865608005,189,142129,0.02065174151393188,2,McLaren,1,1,0.72,-0.11778131134392011,0.11778131134391998
13,PIA,winner,0.38344576265819447,0.6165542373418055,845,189482,0.009048386589232139,2,McLaren,1,1,0.24,-0.14344576265819448,0.14344576265819453
13,RUS,podium,0.15161572877938118,0.8483842712206188,128,47607,0.015645557342802756,6,Mercedes,5,0,0.12,-0.03161572877938118,0.031615728779381236
13,RUS,winner,0.22357489337322556,20.993625437647207,89,78545,0.3935075436703014,6,Mercedes,5,0,0.032,-0.19157489337322556,-20.025625437647207
13,SAI,podium,0.14371134020618556,13.353658741847255,17,4753,0.4284925697756511,15,Williams,18,0,0.008,-0.13571134020618555,-12.361658741847254
13,SAI,winner,1.0,99.0,36,55716,0.0,15,Williams,18,0,0.0,-1.0,-98.0
13,STR,podium,1.0,99.0,8,939,0.0,20,Aston Martin,14,0,0.0,-1.0,-98.0
13,STR,winner,1.0,99.0,6,934,0.0,20,Aston Martin,14,0,0.0,-1.0,-98.0
13,TSU,podium,0.12983133537775302,9.564063284081405,27,7174,0.30502393535524575,7,Red Bull Racing,13,0,0.073,-0.05683133537775302,-8.637063284081405
13,TSU,winner,1.0,99.0,10,4377,0.0,7,Red Bull Racing,13,0,0.008,-0.992,-98.008
13,VER,podium,0.654400230629352,0.34559976937064796,343,112735,0.026064632730293347,4,Red Bull Racing,4,0,0.352,-0.30240023062935206,0.30240023062935206
13,VER,winner,0.1449449308105055,0.8550550691894945,1135,375346,0.014133095365827263,4,Red Bull Racing,4,0,0.04,-0.10494493081050549,0.10494493081050549
14,ALB,podium,1.0,99.0,7,3377,0.0,20,Williams,15,0,0.0,-1.0,-98.0
14,ALB,winner,1.0,99.0,24,12630,0.0,20,Williams,15,0,0.0,-1.0,-98.0
14,ALO,podium,0.1257890100209228,0.8742109899790771,152,36324,0.021291107492992133,5,Aston Martin,5,0,0.192,0.0662109899790772,-0.06621098997907704
14,ALO,winner,1.0,99.0,46,35749,0.0,5,Aston Martin,5,0,0.016,-0.984,-98.016
14,ANT,podium,0.8672622478386167,85.72351585014408,5,1735,0.5367681063550628,15,Mercedes,10,0,0.008,-0.8592622478386167,-84.73151585014408
14,ANT,winner,1.0,99.0,7,287,0.0,15,Mercedes,10,0,0.0,-1.0,-98.0
14,BEA,podium,1.0,99.0,2,400,0.0,11,Haas F1 Team,20,0,0.016,-0.984,-98.016
14,BOR,podium,0.4166666666666667,40.654761904761905,4,840,0.49,7,Kick Sauber,6,0,0.073,-0.3436666666666667,-39.727761904761905
14,BOR,winner,1.0,99.0,3,32,0.0,7,Kick Sauber,6,0,0.008,-0.992,-98.008
14,COL,winner,1.0,99.0,7,5011,0.0,14,Alpine,18,0,0.0,-1.0,-98.0
14,GAS,winner,1.0,99.0,3,104,0.0,17,Alpine,19,0,0.0,-1.0,-98.0
14,HAD,podium,1.0,99.0,2,250,0.0,10,Racing Bulls,11,0,0.04,-0.96,-98.04
14,HAM,podium,0.029763398827281143,1.3954243390597676,93,38884,0.1720606349084139,12,Ferrari,12,0,0.008,-0.021763398827281143,-0.4034243390597676
14,HAM,winner,1.0,99.0,51,32720,0.0,12,Ferrari,12,0,0.008,-0.992,-98.008
14,HUL,podium,0.69375,68.36875,3,1600,0.5658032638058332,19,Kick Sauber,13,0,0.0,-0.69375,-67.36875
14,HUL,winner,1.0,99.0,2,18,0.0,19,Kick Sauber,13,0,0.0,-1.0,-98.0
14,LAW,podium,1.0,99.0,1,100,0.0,9,Racing Bulls,8,0,0.016,-0.984,-98.016
14,LAW,winner,1.0,99.0,2,101,0.0,9,Racing Bulls,8,0,0.008,-0.992,-98.008
14,LEC,podium,0.6911605607900102,0.30883943920998974,493,150074,0.01978205846805288,1,Ferrari,4,0,0.8,0.10883943920998984,-0.10883943920998979
14,LEC,winner,0.19067091838663103,0.8093290816133689,906,396859,0.010801573235622622,1,Ferrari,4,0,0.496,0.30532908161336897,-0.3053290816133689
14,NOR,podium,0.8591492582023429,0.14085074179765716,144,63427,0.0129548180835283,3,McLaren,1,1,0.536,-0.32314925820234286,0.3231492582023428
14,NOR,winner,0.2883411795126476,0.7116588204873524,766,243643,0.0076799781601480065,3,McLaren,1,1,0.12,-0.1683411795126476,0.1683411795126476
14,OCO,podium,1.0,99.0,1,200,0.0,18,Haas F1 Team,16,0,0.0,-1.0,-98.0
14,OCO,winner,1.0,99.0,5,5002,0.0,18,Haas F1 Team,16,0,0.0,-1.0,-98.0
14,PIA,podium,0.8762824547600314,0.12371754523996854,191,71176,0.012877959065983758,2,McLaren,2,1,0.72,-0.15628245476003144,0.1562824547600315
14,PIA,winner,0.4919141329497178,0.5080858670502821,1507,846681,0.009188660643098978,2,McLaren,2,0,0.24,-0.2519141329497178,0.2519141329497179
14,RUS,podium,0.3109967948717949,0.6890032051282051,230,40560,0.031259522946205986,4,Mercedes,3,1,0.352,0.0410032051282051,-0.0410032051282051
14,RUS,winner,0.02851716738197425,0.9714828326180256,141,144460,0.003395568958387555,4,Mercedes,3,0,0.04,0.01148283261802575,-0.011482832618025629
14,SAI,podium,1.0,99.0,7,1507,0.0,13,Williams,14,0,0.008,-0.992,-98.008
14,SAI,winner,1.0,99.0,4,372,0.0,13,Williams,14,0,0.0,-1.0,-98.0
14,STR,podium,0.030540607563546186,1.0676615003099814,41,8065,0.15149056156705748,6,Aston Martin,7,0,0.12,0.08945939243645382,-0.1876615003099814
14,STR,winner,1.0,99.0,7,1603,0.0,6,Aston Martin,7,0,0.032,-0.968,-98.032
14,TSU,winner,1.0,99.0,3,105,0.0,16,Red Bull Racing,17,0,0.0,-1.0,-98.0
14,VER,podium,0.11207347174287027,0.8879265282571298,497,93587,0.04112961258605772,8,Red Bull Racing,9,0,0.024,-0.08807347174287028,0.08807347174287017
14,VER,winner,0.05800531672101457,4.770362457230705,373,273853,0.0716589917499483,8,Red Bull Racing,9,0,0.008,-0.05000531672101457,-3.7783624572307053
15,ALB,podium,0.02,0.98,2,110,0.0,15,Williams,5,0,0.008,-0.012,0.01200000000000001
15,ALB,winner,1.0,99.0,1,467,0.0,15,Williams,5,0,0.0,-1.0,-98.0
15,ALO,podium,0.021247621249577606,0.9910774183221583,24,56227,0.19798806873728234,10,Aston Martin,8,0,0.04,0.018752378750422394,-0.03107741832215838
15,ALO,winner,1.0,99.0,5,860,0.0,10,Aston Martin,8,0,0.024,-0.976,-98.024
15,ANT,podium,0.9441873804971319,93.3770363288719,8,523,0.5037573111840945,11,Mercedes,16,0,0.016,-0.9281873804971319,-92.3930363288719
15,ANT,winner,1.0,99.0,1,100,0.0,11,Mercedes,16,0,0.008,-0.992,-98.008
15,BOR,winner,1.0,99.0,1,15,0.0,13,Kick Sauber,15,0,0.0,-1.0,-98.0
15,GAS,podium,1.0,99.0,1,93,0.0,14,Alpine,17,0,0.0,-1.0,-98.0
15,HAD,podium,0.09153316903999913,0.9084668309600009,63,179354,0.03037991224642294,4,Racing Bulls,3,1,0.352,0.26046683096000084,-0.2604668309600009
15,HAD,winner,1.0,99.0,11,4662,0.0,4,Racing Bulls,3,0,0.04,-0.96,-98.04
15,HAM,podium,0.05970761189153871,0.9402923881084613,31,42854,0.012066126049791724,7,Ferrari,20,0,0.073,0.013292388108461284,-0.013292388108461228
15,HAM,winner,1.0,99.0,1,1500,0.0,7,Ferrari,20,0,0.008,-0.992,-98.008
15,LEC,podium,0.11887802071346376,0.8811219792865365,63,5214,0.018553695894252598,6,Ferrari,19,0,0.12,0.0011219792865362344,-0.0011219792865364564
15,LEC,winner,0.6964069097888677,68.63449520153551,11,2605,0.4944344795273228,6,Ferrari,19,0,0.032,-0.6644069097888676,-67.66649520153551
15,NOR,podium,0.8974126390672409,0.10258736093275907,146,175994,0.028046540038384516,2,McLaren,18,0,0.72,-0.17741263906724092,0.17741263906724097
15,NOR,winner,0.34414036382081015,0.6558596361791897,289,43373,0.011023963796102449,2,McLaren,18,0,0.24,-0.10414036382081016,0.10414036382081027
15,OCO,winner,1.0,99.0,1,10,0.0,18,Haas F1 Team,10,0,0.0,-1.0,-98.0
15,PIA,podium,0.9068560626706375,0.09314393732936273,150,201817,0.041452595496278354,1,McLaren,1,1,0.8,-0.10685606267063741,0.10685606267063723
15,PIA,winner,0.6089055576828402,0.3910944423171599,481,73124,0.010395005197503908,1,McLaren,1,1,0.496,-0.11290555768284016,0.11290555768284011
15,RUS,podium,0.2765958845648112,0.7234041154351888,165,173396,0.04488673435344213,5,Mercedes,4,0,0.192,-0.08459588456481121,0.08459588456481126
15,RUS,winner,0.46829378191649157,45.43212676479423,45,19974,0.20354385525016722,5,Mercedes,4,0,0.016,-0.45229378191649156,-44.44812676479423
15,SAI,podium,0.06305169538632574,0.9369483046136742,6,1799,0.016733200530681513,9,Williams,13,0,0.016,-0.04705169538632574,0.04705169538632581
15,SAI,winner,1.0,99.0,3,1200,0.0,9,Williams,13,0,0.008,-0.992,-98.008
15,VER,podium,0.6868525188800557,0.31314748111994434,273,140757,0.03158510800391613,3,Red Bull Racing,2,1,0.536,-0.15085251888005569,0.15085251888005563
15,VER,winner,0.08360009502867434,0.9163999049713257,336,180998,0.009484163660605576,3,Red Bull Racing,2,0,0.12,0.036399904971325656,-0.036399904971325725
16,ALB,podium,0.9966950135291843,98.65889060688055,3,5174,0.5484827557301444,14,Williams,7,0,0.0,-0.9966950135291843,-97.65889060688055
16,ALB,winner,1.0,99.0,2,96,0.0,14,Williams,7,0,0.0,-1.0,-98.0
16,ALO,podium,0.15560296296296294,14.543063703703703,8,3375,0.3464823227814082,9,Aston Martin,19,0,0.016,-0.13960296296296293,-13.559063703703703
16,ALO,winner,1.0,99.0,4,656,0.0,9,Aston Martin,19,0,0.008,-0.992,-98.008
16,ANT,podium,0.039009238258560605,0.9609907617414395,28,18077,0.013622848842368127,7,Mercedes,9,0,0.073,0.03399076174143939,-0.033990761741439446
16,ANT,winner,1.0,99.0,2,75,0.0,7,Mercedes,9,0,0.008,-0.992,-98.008
16,BEA,winner,1.0,99.0,2,100,0.0,11,Haas F1 Team,12,0,0.008,-0.992,-98.008
16,BOR,podium,0.029976553341148886,0.970023446658851,10,8530,0.0031622776601683785,8,Kick Sauber,8,0,0.024,-0.005976553341148886,0.0059765533411489935
16,BOR,winner,1.0,99.0,2,96,0.0,8,Kick Sauber,8,0,0.008,-0.992,-98.008
16,COL,winner,1.0,99.0,1,50,0.0,18,Alpine,17,0,0.0,-1.0,-98.0
16,GAS,winner,1.0,99.0,1,50,0.0,19,Alpine,16,0,0.0,-1.0,-98.0
16,HAD,podium,0.6796018289197943,66.33297199466566,12,10498,0.37494545057793527,16,Racing Bulls,10,0,0.0,-0.6796018289197943,-65.33297199466566
16,HAD,winner,1.0,99.0,2,150,0.0,16,Racing Bulls,10,0,0.0,-1.0,-98.0
16,HAM,podium,0.06562861305635193,0.9343713869436481,108,42554,0.012467680613582954,5,Ferrari,6,0,0.192,0.12637138694364808,-0.12637138694364802
16,HAM,winner,1.0,99.0,28,5603,0.0,5,Ferrari,6,0,0.016,-0.984,-98.016
16,HUL,podium,0.5441860465116279,53.40930232558139,5,2150,0.5367681063550628,12,Kick Sauber,20,0,0.008,-0.5361860465116279,-52.417302325581396
16,HUL,winner,1.0,99.0,2,96,0.0,12,Kick Sauber,20,0,0.008,-0.992,-98.008
16,LAW,winner,1.0,99.0,1,50,0.0,20,Racing Bulls,14,0,0.0,-1.0,-98.0
16,LEC,podium,0.4430262684418856,0.5569737315581144,161,11116,0.017440893973896403,4,Ferrari,4,0,0.352,-0.0910262684418856,0.09102626844188566
16,LEC,winner,0.05614738839153377,0.9438526116084662,158,84335,0.01213568510048689,4,Ferrari,4,0,0.04,-0.01614738839153377,0.016147388391533735
16,NOR,podium,0.826335362232779,0.1736646377672209,145,53888,0.026999893571522885,2,McLaren,2,1,0.72,-0.10633536223277906,0.10633536223277912
16,NOR,winner,0.3898416249696916,0.6101583750303083,397,90734,0.010816652650272625,2,McLaren,2,0,0.24,-0.1498416249696916,0.14984162496969167
16,OCO,winner,1.0,99.0,3,196,0.0,15,Haas F1 Team,15,0,0.0,-1.0,-98.0
16,PIA,podium,0.7755909773068352,0.2244090226931648,185,43978,0.0259341342336482,3,McLaren,3,1,0.536,-0.2395909773068352,0.23959097730683518
16,PIA,winner,0.26987535671781226,0.7301246432821877,404,78143,0.010577158147445982,3,McLaren,3,0,0.12,-0.14987535671781227,0.14987535671781227
16,RUS,podium,0.13793997271487038,0.8620600272851298,99,27854,0.017018548819353496,6,Mercedes,5,0,0.12,-0.017939972714870384,0.017939972714870245
16,RUS,winner,0.9126195689043756,90.25861605353232,35,32429,0.4715636424784708,6,Mercedes,5,0,0.032,-0.8806195689043755,-89.29061605353232
16,SAI,podium,0.044814126394052044,0.955185873605948,7,1076,0.00786795792469443,13,Williams,11,0,0.008,-0.036814126394052044,0.036814126394052016
16,SAI,winner,1.0,99.0,3,250,0.0,13,Williams,11,0,0.0,-1.0,-98.0
16,STR,winner,1.0,99.0,2,52,0.0,17,Aston Martin,18,0,0.0,-1.0,-98.0
16,TSU,podium,0.10201438848920863,9.179732307177515,4,5977,0.4867579823005816,10,Red Bull Racing,13,0,0.04,-0.06201438848920863,-8.219732307177516
16,TSU,winner,1.0,99.0,1,50,0.0,10,Red Bull Racing,13,0,0.024,-0.976,-98.024
16,VER,podium,0.7746256527893016,0.2253743472106984,215,40978,0.017433451570038,1,Red Bull Racing,1,1,0.8,0.025374347210698422,-0.02537434721069845
16,VER,winner,0.30030456135007694,0.699695438649923,686,183871,0.022595854992682463,1,Red Bull Racing,1,1,0.496,0.19569543864992306,-0.195695438649923
17,ALB,podium,0.08934010152284264,6.103553299492385,4,591,0.4833563212924119,19,Williams,13,0,0.0,-0.08934010152284264,-5.103553299492385
17,ALB,winner,1.0,99.0,1,935,0.0,19,Williams,13,0,0.0,-1.0,-98.0
17,ALO,podium,0.04915254237288135,0.9508474576271186,2,118,0.042426406871192854,11,Aston Martin,15,0,0.016,-0.03315254237288135,0.033152542372881344
17,ALO,winner,1.0,99.0,3,693,0.0,11,Aston Martin,15,0,0.008,-0.992,-98.008
17,ANT,podium,0.16088323217682762,0.8391167678231725,69,22078,0.1216496443732146,4,Mercedes,4,0,0.352,0.19111676782317236,-0.19111676782317244
17,ANT,winner,0.7108967025572005,70.0837701884253,32,11888,0.47290753034611804,4,Mercedes,4,0,0.04,-0.6708967025572005,-69.12377018842531
17,BEA,podium,1.0,99.0,1,10,0.0,15,Haas F1 Team,12,0,0.008,-0.992,-98.008
17,COL,podium,1.0,99.0,1,100,0.0,16,Alpine,19,0,0.0,-1.0,-98.0
17,GAS,podium,1.0,99.0,1,93,0.0,18,Alpine,18,0,0.0,-1.0,-98.0
17,HAD,podium,0.06231428571428572,0.9376857142857142,13,1750,0.15553876588268178,8,Racing Bulls,10,0,0.024,-0.03831428571428572,0.038314285714285745
17,HAD,winner,1.0,99.0,5,887,0.0,8,Racing Bulls,10,0,0.008,-0.992,-98.008
17,HAM,podium,0.0958199316196024,0.9041800683803977,34,7897,0.043961577779415686,12,Ferrari,8,0,0.008,-0.08781993161960239,0.08781993161960233
17,HAM,winner,0.32970588235294124,31.956908763505403,24,6664,0.43347935109539754,12,Ferrari,8,0,0.008,-0.32170588235294123,-30.964908763505402
17,LAW,podium,0.06863816703035112,1.9133098591549293,70,10082,0.11566613265907363,3,Racing Bulls,5,0,0.536,0.4673618329696489,-1.4493098591549294
17,LAW,winner,1.0,99.0,39,9532,0.0,3,Racing Bulls,5,0,0.12,-0.88,-98.12
17,LEC,podium,0.11411880409126673,1.2753383162863885,75,10168,0.11559684524514773,10,Ferrari,9,0,0.04,-0.07411880409126673,-0.31533831628638853
17,LEC,winner,0.04101747769961562,1.7272035680614986,79,13789,0.18605620143957924,10,Ferrari,9,0,0.024,-0.01701747769961562,-0.7512035680614986
17,NOR,podium,0.696340712556209,0.3036592874437911,242,28910,0.06530575580054981,7,McLaren,7,0,0.073,-0.623340712556209,0.6233407125562089
17,NOR,winner,0.16019445606069657,0.8398055439393034,468,66956,0.09170945328488365,7,McLaren,7,0,0.008,-0.15219445606069656,0.1521944560606966
17,OCO,podium,0.9896808510638297,97.95712765957447,2,94,0.6858935777509511,20,Haas F1 Team,14,0,0.0,-0.9896808510638297,-96.95712765957447
17,PIA,podium,0.48037408236099044,0.5196259176390096,336,54079,0.1446203642342384,9,McLaren,20,0,0.016,-0.4643740823609904,0.4643740823609904
17,PIA,winner,0.10780076418680556,0.8921992358131944,469,102331,0.05563619882786284,9,McLaren,20,0,0.008,-0.09980076418680556,0.09980076418680561
17,RUS,podium,0.32532057789925806,0.6746794221007419,128,25610,0.041240603797408244,5,Mercedes,2,1,0.192,-0.13332057789925805,0.1333205778992581
17,RUS,winner,0.4504894198934792,43.35878076867713,68,20841,0.3679938732932754,5,Mercedes,2,0,0.016,-0.43448941989347917,-42.37478076867713
17,SAI,podium,0.14105016591840716,0.8589498340815928,255,40984,0.1216279619330076,2,Williams,3,1,0.72,0.5789498340815928,-0.5789498340815927
17,SAI,winner,0.42198258600130495,39.79535491709226,165,44447,0.374175881825034,2,Williams,3,0,0.24,-0.18198258600130496,-39.03535491709226
17,STR,podium,1.0,99.0,1,93,0.0,14,Aston Martin,17,0,0.0,-1.0,-98.0
17,STR,winner,1.0,99.0,1,1122,0.0,14,Aston Martin,17,0,0.0,-1.0,-98.0
17,TSU,podium,0.03557097791798108,0.964429022082019,10,1585,0.061860057118197566,6,Red Bull Racing,6,0,0.12,0.08442902208201891,-0.08442902208201897
17,TSU,winner,1.0,99.0,3,772,0.0,6,Red Bull Racing,6,0,0.032,-0.968,-98.032
17,VER,podium,0.882648729522747,0.1173512704772531,214,39434,0.07096396817455647,1,Red Bull Racing,1,1,0.8,-0.08264872952274693,0.08264872952274685
17,VER,winner,0.6585823858564842,0.3414176141435158,938,162449,0.10493801587110957,1,Red Bull Racing,1,1,0.496,-0.1625823858564842,0.1625823858564842
18,ALB,podium,0.4358577405857741,41.98673640167364,3,239,0.5600297611139371,19,Williams,14,0,0.0,-0.4358577405857741,-40.98673640167364
18,ALB,winner,1.0,99.0,4,466,0.0,19,Williams,14,0,0.0,-1.0,-98.0
18,ALO,podium,0.05698736637512148,3.2039455782312922,25,2058,0.19343991315134526,10,Aston Martin,7,0,0.04,-0.01698736637512148,-2.2439455782312923
18,ALO,winner,1.0,99.0,4,430,0.0,10,Aston Martin,7,0,0.024,-0.976,-98.024
18,ANT,podium,0.18040523619806487,0.819594763801935,135,8785,0.015396725258993866,4,Mercedes,5,0,0.352,0.1715947638019351,-0.17159476380193495
18,ANT,winner,0.5142216223763206,50.329032438218455,66,21487,0.45294449764702727,4,Mercedes,5,0,0.04,-0.47422162237632065,-49.369032438218454
18,BEA,podium,0.04176100628930817,0.9582389937106919,3,318,0.011547005383792516,9,Haas F1 Team,9,0,0.016,-0.02576100628930817,0.025761006289308108
18,BEA,winner,1.0,99.0,2,233,0.0,9,Haas F1 Team,9,0,0.008,-0.992,-98.008
18,BOR,podium,0.029999999999999995,0.97,1,15,0.0,14,Kick Sauber,17,0,0.0,-0.029999999999999995,0.030000000000000027
18,BOR,winner,1.0,99.0,5,395,0.0,14,Kick Sauber,17,0,0.0,-1.0,-98.0
18,COL,winner,1.0,99.0,1,187,0.0,16,Alpine,16,0,0.0,-1.0,-98.0
18,GAS,podium,0.020000000000000004,0.9800000000000001,2,116,0.0,18,Alpine,19,0,0.0,-0.020000000000000004,0.019999999999999907
18,GAS,winner,1.0,99.0,1,46,0.0,18,Alpine,19,0,0.0,-1.0,-98.0
18,HAD,podium,0.04539293849658315,0.9546070615034167,31,3512,0.007288228836273769,8,Racing Bulls,11,0,0.024,-0.02139293849658315,0.021392938496583302
18,HAD,winner,1.0,99.0,4,526,0.0,8,Racing Bulls,11,0,0.008,-0.992,-98.008
18,HAM,podium,0.04793418828909434,0.9520658117109057,92,20118,0.0110443660740679,6,Ferrari,8,0,0.12,0.07206581171090565,-0.07206581171090565
18,HAM,winner,0.3299680827646929,31.864947171472586,79,18172,0.35304531321635074,6,Ferrari,8,0,0.032,-0.2979680827646929,-30.896947171472586
18,HUL,podium,0.03,0.97,3,177,0.0,11,Kick Sauber,20,0,0.016,-0.013999999999999999,0.014000000000000012
18,HUL,winner,1.0,99.0,4,382,0.0,11,Kick Sauber,20,0,0.008,-0.992,-98.008
18,LAW,podium,0.03,0.97,1,50,0.0,12,Racing Bulls,15,0,0.008,-0.022,0.02200000000000002
18,LAW,winner,1.0,99.0,2,210,0.0,12,Racing Bulls,15,0,0.008,-0.992,-98.008
18,LEC,podium,0.05996239382740062,0.9400376061725993,81,15423,0.008245836959368879,7,Ferrari,6,0,0.073,0.013037606172599372,-0.013037606172599303
18,LEC,winner,0.9722857142857143,96.19914285714286,24,7000,0.19800042087497355,7,Ferrari,6,0,0.008,-0.9642857142857143,-95.20714285714286
18,NOR,podium,0.4119225399451884,0.5880774600548115,173,19339,0.05601817585701651,5,McLaren,3,1,0.192,-0.2199225399451884,0.2199225399451885
18,NOR,winner,0.04994793740238263,0.9500520625976173,358,65306,0.009489249219118003,5,McLaren,3,0,0.016,-0.03394793740238263,0.033947937402382666
18,OCO,podium,0.035679999999999996,2.54832,3,125,0.5658032638058332,17,Haas F1 Team,18,0,0.0,-0.035679999999999996,-1.54832
18,OCO,winner,1.0,99.0,3,373,0.0,17,Haas F1 Team,18,0,0.0,-1.0,-98.0
18,PIA,podium,0.6945179464762737,0.3054820535237263,187,20589,0.016835497025460847,3,McLaren,4,0,0.536,-0.1585179464762737,0.15851794647627365
18,PIA,winner,0.15594992323522688,0.8440500767647731,554,61226,0.013789697728494518,3,McLaren,4,0,0.12,-0.03594992323522689,0.035949923235226944
18,RUS,podium,0.7619621993127147,0.23803780068728522,187,14550,0.01520639821274472,1,Mercedes,1,1,0.8,0.03803780068728535,-0.03803780068728527
18,RUS,winner,0.3664664476771469,0.633533552322853,454,49013,0.014400730630134077,1,Mercedes,1,1,0.496,0.12953355232285307,-0.12953355232285302
18,SAI,podium,0.21802000000000002,19.98798,7,500,0.36727438814934565,20,Williams,10,0,0.0,-0.21802000000000002,-18.98798
18,SAI,winner,1.0,99.0,4,311,0.0,20,Williams,10,0,0.0,-1.0,-98.0
18,STR,podium,0.295625,28.548125,2,32,0.6929646455628166,15,Aston Martin,13,0,0.008,-0.287625,-27.556124999999998
18,STR,winner,1.0,99.0,2,243,0.0,15,Aston Martin,13,0,0.0,-1.0,-98.0
18,TSU,podium,0.030000000000000002,0.97,4,87,0.0,13,Red Bull Racing,12,0,0.008,-0.022000000000000002,0.02200000000000002
18,TSU,winner,1.0,99.0,4,559,0.0,13,Red Bull Racing,12,0,0.0,-1.0,-98.0
18,VER,podium,0.7948027636908208,0.2051972363091794,264,29381,0.03384967071327526,2,Red Bull Racing,2,1,0.72,-0.07480276369082084,0.07480276369082062
18,VER,winner,0.443107516722724,0.556892483277276,1339,132305,0.01112426078895562,2,Red Bull Racing,2,0,0.24,-0.20310751672272404,0.20310751672272398
19,ALB,podium,0.04,0.96,2,2,0.0,19,Williams,14,0,0.0,-0.04,0.040000000000000036
19,ALB,winner,1.0,99.0,8,1310,0.0,19,Williams,14,0,0.0,-1.0,-98.0
19,ALO,podium,0.06912,3.30688,7,125,0.3583028779970269,10,Aston Martin,10,0,0.04,-0.02912,-2.34688
19,ALO,winner,1.0,99.0,5,513,0.0,10,Aston Martin,10,0,0.024,-0.976,-98.024
19,ANT,podium,0.053426966292134837,0.946573033707865,26,1958,0.011922828781536964,7,Mercedes,13,0,0.073,0.01957303370786516,-0.019573033707865006
19,ANT,winner,1.0,99.0,16,9154,0.0,7,Mercedes,13,0,0.008,-0.992,-98.008
19,BEA,podium,0.7177249175694773,70.23046161092793,14,4246,0.2570072902715938,8,Haas F1 Team,9,0,0.024,-0.6937249175694773,-69.25446161092793
19,BEA,winner,1.0,99.0,8,1595,0.0,8,Haas F1 Team,9,0,0.008,-0.992,-98.008
19,BOR,podium,1.0,99.0,2,47,0.0,16,Kick Sauber,18,0,0.0,-1.0,-98.0
19,BOR,winner,1.0,99.0,4,374,0.0,16,Kick Sauber,18,0,0.0,-1.0,-98.0
19,COL,podium,1.0,99.0,2,47,0.0,15,Alpine,17,0,0.008,-0.992,-98.008
19,COL,winner,1.0,99.0,3,187,0.0,15,Alpine,17,0,0.0,-1.0,-98.0
19,GAS,podium,1.0,99.0,2,47,0.0,14,Alpine,19,0,0.0,-1.0,-98.0
19,GAS,winner,1.0,99.0,4,654,0.0,14,Alpine,19,0,0.0,-1.0,-98.0
19,HAD,podium,0.09032258064516129,0.9096774193548387,5,62,0.029495762407505254,20,Racing Bulls,16,0,0.0,-0.09032258064516129,0.0903225806451613
19,HAD,winner,1.0,99.0,3,187,0.0,20,Racing Bulls,16,0,0.0,-1.0,-98.0
19,HAM,podium,0.15726298237255837,0.8427370176274415,153,16792,0.02667891875399663,5,Ferrari,4,0,0.192,0.034737017627441635,-0.03473701762744141
19,HAM,winner,0.40850235429114073,39.838164048589405,77,25273,0.4514760481017452,5,Ferrari,4,0,0.016,-0.3925023542911407,-38.8541640485894
19,HUL,podium,0.036515151515151514,0.9634848484848483,9,528,0.012692955176439848,11,Kick Sauber,8,0,0.016,-0.020515151515151514,0.02051515151515171
19,HUL,winner,1.0,99.0,7,1763,0.0,11,Kick Sauber,8,0,0.008,-0.992,-98.008
19,LAW,podium,0.04818181818181819,0.9518181818181817,3,11,0.005773502691896259,12,Racing Bulls,11,0,0.008,-0.04018181818181819,0.04018181818181832
19,LAW,winner,1.0,99.0,5,934,0.0,12,Racing Bulls,11,0,0.008,-0.992,-98.008
19,LEC,podium,0.4294950287807431,0.570504971219257,144,7644,0.05504567397876262,3,Ferrari,3,1,0.536,0.10650497121925695,-0.10650497121925706
19,LEC,winner,0.04102110828074397,0.958978891719256,224,78121,0.015692367583776803,3,Ferrari,3,0,0.12,0.07897889171925603,-0.07897889171925598
19,NOR,podium,0.8465293912639406,0.15347060873605947,144,17216,0.030115598959663738,2,McLaren,2,1,0.72,-0.12652939126394058,0.12652939126394055
19,NOR,winner,0.3003714958930655,0.6996285041069344,375,45411,0.01738083440559116,2,McLaren,2,0,0.24,-0.06037149589306551,0.06037149589306556
19,OCO,podium,1.0,99.0,2,47,0.0,17,Haas F1 Team,15,0,0.0,-1.0,-98.0
19,OCO,winner,1.0,99.0,5,841,0.0,17,Haas F1 Team,15,0,0.0,-1.0,-98.0
19,PIA,podium,0.40278571190785317,0.5972142880921469,252,30039,0.06797878741084314,6,McLaren,5,0,0.12,-0.2827857119078532,0.28278571190785307
19,PIA,winner,0.05032605230608367,0.9496739476939163,317,78423,0.008900883761818528,6,McLaren,5,0,0.032,-0.018326052306083668,0.01832605230608364
19,RUS,podium,0.4982857391986746,0.5017142608013254,245,22937,0.04216863023280388,4,Mercedes,6,0,0.352,-0.1462857391986746,0.1462857391986746
19,RUS,winner,0.04647695219052379,0.9535230478094762,171,28007,0.008320216715443803,4,Mercedes,6,0,0.04,-0.006476952190523792,0.006476952190523799
19,SAI,podium,0.050749794012633895,0.9492502059873662,41,3641,0.02037154878746336,9,Williams,20,0,0.016,-0.034749794012633894,0.03474979401263378
19,SAI,winner,1.0,99.0,16,8299,0.0,9,Williams,20,0,0.008,-0.992,-98.008
19,STR,podium,1.0,99.0,3,982,0.0,18,Aston Martin,12,0,0.0,-1.0,-98.0
19,STR,winner,1.0,99.0,4,654,0.0,18,Aston Martin,12,0,0.0,-1.0,-98.0
19,TSU,podium,0.05247058823529411,0.947529411764706,5,340,0.028284271247461905,13,Red Bull Racing,7,0,0.008,-0.04447058823529411,0.04447058823529404
19,TSU,winner,1.0,99.0,5,841,0.0,13,Red Bull Racing,7,0,0.0,-1.0,-98.0
19,VER,podium,0.8730686129848229,0.1269313870151771,198,18976,0.030042612748081187,1,Red Bull Racing,1,1,0.8,-0.07306861298482281,0.07306861298482287
19,VER,winner,0.6155971305627396,0.3844028694372603,1191,179408,0.029152679331241,1,Red Bull Racing,1,1,0.496,-0.11959713056273957,0.11959713056273968
20,ALB,podium,1.0,99.0,1,200,0.0,17,Williams,12,0,0.0,-1.0,-98.0
20,ALB,winner,1.0,99.0,4,287,0.0,17,Williams,12,0,0.0,-1.0,-98.0
20,ALO,podium,1.0,99.0,1,200,0.0,14,Aston Martin,18,0,0.0,-1.0,-98.0
20,ALO,winner,1.0,99.0,6,529,0.0,14,Aston Martin,18,0,0.0,-1.0,-98.0
20,ANT,podium,0.058178164768921646,0.9418218352310783,28,2986,0.014620417701167563,6,Mercedes,6,0,0.12,0.06182183523107835,-0.061821835231078315
20,ANT,winner,0.9782825484764542,96.82781163434903,19,3610,0.30899573228945965,6,Mercedes,6,0,0.032,-0.9462825484764542,-95.85981163434903
20,BEA,podium,0.035,0.9650000000000001,5,642,0.013038404810405298,10,Haas F1 Team,4,0,0.04,0.0049999999999999975,-0.0050000000000001155
20,BEA,winner,1.0,99.0,2,188,0.0,10,Haas F1 Team,4,0,0.024,-0.976,-98.024
20,BOR,podium,1.0,99.0,1,200,0.0,16,Kick Sauber,10,0,0.0,-1.0,-98.0
20,BOR,winner,1.0,99.0,2,188,0.0,16,Kick Sauber,10,0,0.0,-1.0,-98.0
20,COL,podium,1.0,99.0,1,200,0.0,20,Alpine,16,0,0.0,-1.0,-98.0
20,COL,winner,1.0,99.0,2,188,0.0,20,Alpine,16,0,0.0,-1.0,-98.0
20,GAS,podium,1.0,99.0,2,2,0.0,18,Alpine,15,0,0.0,-1.0,-98.0
20,GAS,winner,1.0,99.0,2,188,0.0,18,Alpine,15,0,0.0,-1.0,-98.0
20,HAD,podium,0.03250000000000001,0.9674999999999999,6,280,0.01673320053068151,9,Racing Bulls,13,0,0.016,-0.016500000000000008,0.01650000000000007
20,HAD,winner,1.0,99.0,3,328,0.0,9,Racing Bulls,13,0,0.008,-0.992,-98.008
20,HAM,podium,0.4526346407580665,0.5473653592419335,271,16674,0.04271175610540689,3,Ferrari,8,0,0.536,0.08336535924193356,-0.08336535924193356
20,HAM,winner,0.07120194738114602,0.9287980526188541,486,90994,0.018830570530174482,3,Ferrari,8,0,0.12,0.048798052618853976,-0.04879805261885406
20,HUL,podium,0.486876404494382,47.67716853932584,2,445,0.6929646455628166,13,Kick Sauber,19,0,0.008,-0.478876404494382,-46.68516853932584
20,HUL,winner,1.0,99.0,3,187,0.0,13,Kick Sauber,19,0,0.0,-1.0,-98.0
20,LAW,podium,0.9951243781094528,98.51233830845771,2,201,0.6929646455628166,15,Racing Bulls,20,0,0.008,-0.9871243781094527,-97.52033830845771
20,LAW,winner,1.0,99.0,2,188,0.0,15,Racing Bulls,20,0,0.0,-1.0,-98.0
20,LEC,podium,0.696452775775054,0.3035472242249459,219,12483,0.0248818581716037,2,Ferrari,2,1,0.72,0.02354722422494593,-0.023547224224945873
20,LEC,winner,0.16926330041414464,0.8307366995858554,547,50224,0.012055379775420684,2,Ferrari,2,0,0.24,0.07073669958585535,-0.07073669958585538
20,NOR,podium,0.8712850264805008,0.12871497351949926,215,41540,0.01973449060754372,1,McLaren,1,1,0.8,-0.07128502648050072,0.0712850264805007
20,NOR,winner,0.6624305601664343,0.33756943983356574,1059,135549,0.027384307649101446,1,McLaren,1,1,0.496,-0.16643056016643432,0.16643056016643426
20,OCO,podium,1.0,99.0,1,200,0.0,12,Haas F1 Team,9,0,0.008,-0.992,-98.008
20,OCO,winner,1.0,99.0,2,188,0.0,12,Haas F1 Team,9,0,0.008,-0.992,-98.008
20,PIA,podium,0.15260606472667937,0.8473939352733207,180,44124,0.041724317658257466,8,McLaren,5,0,0.024,-0.12860606472667938,0.12860606472667924
20,PIA,winner,0.0354420451244311,1.589599109131403,234,51635,0.3345850630966347,8,McLaren,5,0,0.008,-0.027442045124431103,-0.597599109131403
20,RUS,podium,0.2866912176020884,0.7133087823979115,155,21452,0.021765786830025724,4,Mercedes,7,0,0.352,0.0653087823979116,-0.06530878239791149
20,RUS,winner,0.03827840134270428,1.4892785062414768,155,47665,0.22817158156219458,4,Mercedes,7,0,0.04,0.0017215986572957226,-0.5292785062414769
20,SAI,podium,0.026092921733707513,0.9739070782662925,29,6414,0.015183605366354276,7,Williams,17,0,0.073,0.04690707826629248,-0.04690707826629248
20,SAI,winner,1.0,99.0,12,1911,0.0,7,Williams,17,0,0.008,-0.992,-98.008
20,STR,podium,1.0,99.0,1,200,0.0,19,Aston Martin,14,0,0.0,-1.0,-98.0
20,STR,winner,1.0,99.0,2,188,0.0,19,Aston Martin,14,0,0.0,-1.0,-98.0
20,TSU,podium,0.36086956521739133,35.073913043478264,4,575,0.5658032638058332,11,Red Bull Racing,11,0,0.016,-0.3448695652173913,-34.08991304347826
20,TSU,winner,1.0,99.0,2,188,0.0,11,Red Bull Racing,11,0,0.008,-0.992,-98.008
20,VER,podium,0.5942525022171545,0.4057474977828455,391,31572,0.031093414832257988,5,Red Bull Racing,3,1,0.192,-0.40225250221715453,0.40225250221715453
20,VER,winner,0.13172030319237224,0.8682796968076278,1343,216892,0.014684760224395008,5,Red Bull Racing,3,0,0.016,-0.11572030319237224,0.11572030319237214
21,ALB,winner,1.0,99.0,4,309,0.0,12,Williams,11,0,0.008,-0.992,-98.008
21,ALO,podium,0.9770212765957448,96.64605114190906,7,5123,0.36063436172547797,11,Aston Martin,14,0,0.016,-0.9610212765957448,-95.66205114190906
21,ANT,podium,0.5498594154642988,0.45014058453570105,220,29733,0.03342404634722835,2,Mercedes,2,1,0.72,0.17014058453570113,-0.17014058453570102
21,ANT,winner,0.10050733182936834,0.8994926681706318,209,39008,0.01252729812771161,2,Mercedes,2,0,0.24,0.13949266817063166,-0.13949266817063177
21,BEA,podium,0.04658133333333333,0.9534186666666667,26,1875,0.042239245331253804,8,Haas F1 Team,6,0,0.024,-0.022581333333333328,0.02258133333333323
21,BEA,winner,1.0,99.0,5,1970,0.0,8,Haas F1 Team,6,0,0.008,-0.992,-98.008
21,COL,winner,1.0,99.0,1,935,0.0,18,Alpine,15,0,0.0,-1.0,-98.0
21,GAS,podium,0.04344328238133548,0.9565567176186646,10,1243,0.013498971154211057,9,Alpine,10,0,0.016,-0.027443282381335476,0.02744328238133542
21,GAS,winner,1.0,99.0,1,187,0.0,9,Alpine,10,0,0.008,-0.992,-98.008
21,HAD,podium,0.06325023371766905,0.936749766282331,41,3209,0.009544504228906276,5,Racing Bulls,8,0,0.192,0.12874976628233095,-0.12874976628233092
21,HAD,winner,1.0,99.0,9,3483,0.0,5,Racing Bulls,8,0,0.016,-0.984,-98.016
21,HAM,podium,0.046939252336448606,0.9530607476635515,20,2996,0.010760551736979405,13,Ferrari,18,0,0.008,-0.038939252336448606,0.03893925233644846
21,HAM,winner,1.0,99.0,11,5013,0.0,13,Ferrari,18,0,0.0,-1.0,-98.0
21,HUL,podium,0.9416042881324055,93.15600714688733,6,5317,0.39928686429683613,10,Kick Sauber,9,0,0.04,-0.9016042881324055,-92.19600714688734
21,HUL,winner,1.0,99.0,3,216,0.0,10,Kick Sauber,9,0,0.024,-0.976,-98.024
21,LAW,podium,0.061181102362204726,1.7740269966254216,4,1778,0.47335680692968457,7,Racing Bulls,7,0,0.073,0.01181889763779527,-0.8470269966254216
21,LAW,winner,1.0,99.0,1,30,0.0,7,Racing Bulls,7,0,0.008,-0.992,-98.008
21,LEC,podium,0.47039713652633375,0.5296028634736664,148,11734,0.0335161378258305,3,Ferrari,19,0,0.536,0.06560286347366628,-0.0656028634736664
21,LEC,winner,0.04104422194409679,0.9589557780559033,116,23970,0.008237479709475344,3,Ferrari,19,0,0.12,0.0789557780559032,-0.07895577805590326
21,NOR,podium,0.8870799171842652,0.11292008281573498,149,24150,0.022391484090337154,1,McLaren,1,1,0.8,-0.08707991718426511,0.08707991718426497
21,NOR,winner,0.7181448997384481,0.2818551002615519,493,114700,0.01883245049488628,1,McLaren,1,1,0.496,-0.2221448997384481,0.2221448997384481
21,PIA,podium,0.6836961465982196,0.3163038534017805,149,15389,0.037541560499503634,4,McLaren,5,0,0.352,-0.33169614659821967,0.3316961465982195
21,PIA,winner,0.10268083908207798,0.8973191609179222,230,35515,0.010982233611509937,4,McLaren,5,0,0.04,-0.06268083908207797,0.06268083908207778
21,RUS,podium,0.20942757111597374,0.7905724288840263,129,11425,0.0339466350469049,6,Mercedes,4,0,0.12,-0.08942757111597374,0.08942757111597366
21,RUS,winner,0.24897333963470572,23.676994801367766,72,35971,0.22429998915073612,6,Mercedes,4,0,0.032,-0.21697333963470572,-22.708994801367766
21,SAI,podium,0.035424836601307186,0.9645751633986928,3,153,0.010000000000000002,15,Williams,13,0,0.008,-0.027424836601307186,0.027424836601307234
21,STR,podium,0.16631578947368422,13.860000000000001,3,38,0.5542562584220407,14,Aston Martin,16,0,0.0,-0.16631578947368422,-12.860000000000001
21,TSU,winner,1.0,99.0,1,93,0.0,19,Red Bull Racing,17,0,0.0,-1.0,-98.0
21,VER,podium,0.13569726020651052,0.8643027397934895,334,60917,0.02618605853803825,16,Red Bull Racing,3,1,0.0,-0.13569726020651052,0.13569726020651052
21,VER,winner,0.03983094339622641,1.1444709433962263,356,99375,0.10174668562701028,16,Red Bull Racing,3,0,0.0,-0.03983094339622641,-0.14447094339622635
22,ALB,podium,0.38012602739726026,35.77165479452054,18,1825,0.36094465746376414,16,Williams,16,0,0.0,-0.38012602739726026,-34.77165479452054
22,ALB,winner,1.0,99.0,12,2987,0.0,16,Williams,16,0,0.0,-1.0,-98.0
22,ALO,podium,0.06688458200752098,1.1335782470350015,27,3457,0.1825445346278741,7,Aston Martin,11,0,0.073,0.006115417992479014,-0.2065782470350015
22,ALO,winner,1.0,99.0,20,4872,0.0,7,Aston Martin,11,0,0.008,-0.992,-98.008
22,ANT,podium,0.04369936217893467,0.9563006378210653,53,5801,0.017162672561783315,17,Mercedes,3,1,0.0,-0.04369936217893467,0.043699362178934664
22,ANT,winner,0.44953367875647665,43.94213386909167,22,9457,0.42035338668431077,17,Mercedes,3,0,0.0,-0.44953367875647665,-42.94213386909167
22,BEA,podium,0.020625,0.9793749999999999,4,32,0.005773502691896256,14,Haas F1 Team,10,0,0.0,-0.020625,0.020625000000000115
22,BEA,winner,1.0,99.0,5,623,0.0,14,Haas F1 Team,10,0,0.0,-1.0,-98.0
22,BOR,podium,0.03,0.97,1,1,0.0,18,Kick Sauber,17,0,0.0,-0.03,0.030000000000000027
22,BOR,winner,1.0,99.0,5,870,0.0,18,Kick Sauber,17,0,0.0,-1.0,-98.0
22,COL,podium,0.02,0.98,2,2,0.0,15,Alpine,15,0,0.008,-0.012,0.01200000000000001
22,COL,winner,1.0,99.0,6,857,0.0,15,Alpine,15,0,0.0,-1.0,-98.0
22,GAS,podium,0.03,0.9700000000000001,4,301,0.0,10,Alpine,13,0,0.04,0.010000000000000002,-0.01000000000000012
22,GAS,winner,1.0,99.0,14,6100,0.0,10,Alpine,13,0,0.024,-0.976,-98.024
22,HAD,podium,0.044866316689048946,0.955133683310951,41,8191,0.0073997363169896555,8,Racing Bulls,6,0,0.024,-0.020866316689048946,0.020866316689048925
22,HAD,winner,1.0,99.0,7,10507,0.0,8,Racing Bulls,6,0,0.008,-0.992,-98.008
22,HAM,podium,0.06979779314714112,2.6863924819175335,144,18941,0.14107913268205782,20,Ferrari,8,0,0.0,-0.06979779314714112,-1.6863924819175335
22,HAM,winner,0.9994388854050221,98.94387708918396,58,36677,0.1286803042025281,20,Ferrari,8,0,0.0,-0.9994388854050221,-97.94387708918396
22,HUL,podium,0.02197260273972603,0.9780273972602739,10,730,0.005163977794943222,11,Kick Sauber,7,0,0.016,-0.005972602739726031,0.005972602739726107
22,HUL,winner,1.0,99.0,11,2492,0.0,11,Kick Sauber,7,0,0.008,-0.992,-98.008
22,LAW,podium,0.042892633398142144,1.0426550010801467,31,4629,0.17262551923882266,6,Racing Bulls,14,0,0.12,0.07710736660185785,-0.16265500108014674
22,LAW,winner,1.0,99.0,23,11833,0.0,6,Racing Bulls,14,0,0.032,-0.968,-98.032
22,LEC,podium,0.11543332676777623,1.7815530825290524,121,10154,0.08648293196152151,9,Ferrari,4,0,0.016,-0.09943332676777623,-0.7975530825290524
22,LEC,winner,0.3875930508931416,37.746806988311974,140,40811,0.483204679809631,9,Ferrari,4,0,0.008,-0.3795930508931416,-36.75480698831198
22,NOR,podium,0.8574267372696938,0.1425732627303061,271,27572,0.02588200852813246,1,McLaren,19,0,0.8,-0.05742673726969372,0.057426737269693856
22,NOR,winner,0.47879931833481626,0.5212006816651837,1644,212421,0.02482554979994831,1,McLaren,19,0,0.496,0.017200681665183737,-0.017200681665183737
22,OCO,podium,0.04,0.96,2,24,0.0,13,Haas F1 Team,9,0,0.008,-0.032,0.03200000000000003
22,OCO,winner,1.0,99.0,4,591,0.0,13,Haas F1 Team,9,0,0.0,-1.0,-98.0
22,PIA,podium,0.329408573514036,0.6705914264859639,414,50691,0.04540556744980272,5,McLaren,20,0,0.192,-0.13740857351403601,0.13740857351403613
22,PIA,winner,0.047071097867135106,0.9557452225675455,381,140609,0.050106186456962,5,McLaren,20,0,0.016,-0.031071097867135106,0.028254777432454525
22,RUS,podium,0.5971661650562332,0.4028338349437668,242,18939,0.047419396415470445,4,Mercedes,2,1,0.352,-0.24516616505623323,0.24516616505623323
22,RUS,winner,0.08112750579776494,0.9188724942022349,553,133241,0.013754923450300289,4,Mercedes,2,0,0.04,-0.04112750579776494,0.04112750579776503
22,SAI,podium,0.2282638221538856,0.7717361778461145,338,62436,0.027106590789610967,3,Williams,5,0,0.536,0.3077361778461144,-0.3077361778461145
22,SAI,winner,0.2457080990492897,23.48659725593998,299,127694,0.3865140766741971,3,Williams,5,0,0.12,-0.1257080990492897,-22.60659725593998
22,STR,podium,0.030235294117647058,0.969764705882353,4,340,0.005000000000000002,12,Aston Martin,18,0,0.008,-0.022235294117647058,0.02223529411764702
22,STR,winner,1.0,99.0,5,693,0.0,12,Aston Martin,18,0,0.008,-0.992,-98.008
22,TSU,podium,0.7763472222222223,76.39865277777777,11,720,0.5076183247641515,19,Red Bull Racing,12,0,0.0,-0.7763472222222223,-75.39865277777777
22,TSU,winner,1.0,99.0,6,1879,0.0,19,Red Bull Racing,12,0,0.0,-1.0,-98.0
22,VER,podium,0.855206640410788,0.14479335958921183,267,20059,0.026975782242125143,2,Red Bull Racing,1,1,0.72,-0.135206640410788,0.1352066404107882
22,VER,winner,0.41526461349172217,0.5847353865082779,1474,183683,0.026029292397376502,2,Red Bull Racing,1,1,0.24,-0.17526461349172218,0.17526461349172207
23,ALB,podium,1.0,99.0,3,167,0.0,15,Williams,11,0,0.008,-0.992,-98.008
23,ALB,winner,1.0,99.0,4,1595,0.0,15,Williams,11,0,0.0,-1.0,-98.0
23,ALO,podium,0.5883498311400954,57.75717247001281,18,8587,0.31347931518004757,8,Aston Martin,7,0,0.024,-0.5643498311400954,-56.78117247001281
23,ALO,winner,1.0,99.0,5,1307,0.0,8,Aston Martin,7,0,0.008,-0.992,-98.008
23,ANT,podium,0.14420612061206123,0.8557938793879388,129,11110,0.028832246697272884,5,Mercedes,5,0,0.192,0.047793879387938776,-0.047793879387938776
23,ANT,winner,0.8128703289553938,80.28321392266092,29,24593,0.3037353657607113,5,Mercedes,5,0,0.016,-0.7968703289553938,-79.29921392266093
23,BEA,podium,0.0296875,0.9703125,2,32,0.007071067811865474,13,Haas F1 Team,19,0,0.008,-0.0216875,0.02168749999999997
23,BEA,winner,1.0,99.0,1,93,0.0,13,Haas F1 Team,19,0,0.0,-1.0,-98.0
23,BOR,winner,1.0,99.0,3,570,0.0,14,Kick Sauber,13,0,0.0,-1.0,-98.0
23,COL,winner,1.0,99.0,1,1,0.0,20,Alpine,14,0,0.0,-1.0,-98.0
23,GAS,podium,0.03,0.97,1,62,0.0,9,Alpine,16,0,0.016,-0.013999999999999999,0.014000000000000012
23,GAS,winner,1.0,99.0,2,139,0.0,9,Alpine,16,0,0.008,-0.992,-98.008
23,HAD,podium,0.04580697485806975,0.95419302514193,23,1233,0.017377464849194203,6,Racing Bulls,18,0,0.12,0.07419302514193024,-0.07419302514193005
23,HAD,winner,1.0,99.0,2,139,0.0,6,Racing Bulls,18,0,0.032,-0.968,-98.032
23,HAM,podium,0.24214971209213051,22.420038387715927,10,521,0.502205137369183,18,Ferrari,12,0,0.0,-0.24214971209213051,-21.420038387715927
23,HAM,winner,1.0,99.0,5,312,0.0,18,Ferrari,12,0,0.0,-1.0,-98.0
23,HUL,podium,1.0,99.0,2,193,0.0,11,Kick Sauber,20,0,0.016,-0.984,-98.016
23,HUL,winner,1.0,99.0,3,658,0.0,11,Kick Sauber,20,0,0.008,-0.992,-98.008
23,LAW,winner,1.0,99.0,1,93,0.0,12,Racing Bulls,9,0,0.008,-0.992,-98.008
23,LEC,podium,0.04138525875588083,0.9586147412441192,23,1913,0.009493080483968247,10,Ferrari,8,0,0.04,-0.0013852587558808305,0.0013852587558808027
23,LEC,winner,1.0,99.0,4,218,0.0,10,Ferrari,8,0,0.024,-0.976,-98.024
23,NOR,podium,0.8224506381870278,0.17754936181297212,122,19195,0.021988437798754527,2,McLaren,4,0,0.72,-0.10245063818702782,0.1024506381870279
23,NOR,winner,0.24516781980187818,0.7548321801981219,571,58247,0.012036726502487684,2,McLaren,4,0,0.24,-0.005167819801878193,0.005167819801878082
23,OCO,winner,1.0,99.0,3,660,0.0,17,Haas F1 Team,15,0,0.0,-1.0,-98.0
23,PIA,podium,0.8705249303189843,0.1294750696810158,160,12916,0.015969704021705625,1,McLaren,2,1,0.8,-0.07052493031898421,0.07052493031898416
23,PIA,winner,0.6022177323508437,0.3977822676491562,598,63105,0.013971171683225406,1,McLaren,2,0,0.496,-0.10621773235084375,0.10621773235084381
23,RUS,podium,0.36447235935285205,0.635527640647148,182,20459,0.029250083090753425,4,Mercedes,6,0,0.352,-0.01247235935285207,0.01247235935285207
23,RUS,winner,0.03432661148454715,0.9656733885154527,143,54003,0.007867838702372324,4,Mercedes,6,0,0.04,0.0056733885154528485,-0.0056733885154527375
23,SAI,podium,0.06034883720930233,0.9396511627906975,41,1806,0.018303005217723125,7,Williams,3,1,0.073,0.012651162790697668,-0.012651162790697446
23,SAI,winner,1.0,99.0,4,281,0.0,7,Williams,3,0,0.008,-0.992,-98.008
23,STR,winner,1.0,99.0,3,653,0.0,19,Aston Martin,17,0,0.0,-1.0,-98.0
23,TSU,podium,0.029999999999999995,0.97,1,15,0.0,16,Red Bull Racing,10,0,0.0,-0.029999999999999995,0.030000000000000027
23,TSU,winner,1.0,99.0,3,280,0.0,16,Red Bull Racing,10,0,0.0,-1.0,-98.0
23,VER,podium,0.7044946725652689,0.2955053274347312,220,32098,0.037119733791862605,3,Red Bull Racing,1,1,0.536,-0.16849467256526884,0.1684946725652688
23,VER,winner,0.15812216755717787,0.8418778324428221,908,170127,0.018315242437177644,3,Red Bull Racing,1,1,0.12,-0.03812216755717787,0.0381221675571779
24,ALB,podium,1.0,99.0,2,560,0.0,17,Williams,16,0,0.0,-1.0,-98.0
24,ALB,winner,1.0,99.0,4,421,0.0,17,Williams,16,0,0.0,-1.0,-98.0
24,ALO,podium,0.0531449203187251,0.9468550796812748,27,4016,0.02432566323325824,6,Aston Martin,6,0,0.12,0.0668550796812749,-0.0668550796812748
24,ALO,winner,1.0,99.0,11,6889,0.0,6,Aston Martin,6,0,0.032,-0.968,-98.032
24,ANT,podium,0.020089620484682217,0.9889638774577044,34,10935,0.16806861343965868,14,Mercedes,15,0,0.0,-0.020089620484682217,0.011036122542295579
24,ANT,winner,1.0,99.0,7,849,0.0,14,Mercedes,15,0,0.0,-1.0,-98.0
24,BEA,podium,1.0,99.0,10,900,0.0,11,Haas F1 Team,12,0,0.016,-0.984,-98.016
24,BEA,winner,1.0,99.0,1,6,0.0,11,Haas F1 Team,12,0,0.008,-0.992,-98.008
24,BOR,podium,0.03,0.9699999999999999,12,2784,1.0871157471457064e-17,7,Kick Sauber,11,0,0.073,0.043,-0.042999999999999816
24,BOR,winner,1.0,99.0,1,9,0.0,7,Kick Sauber,11,0,0.008,-0.992,-98.008
24,COL,winner,1.0,99.0,3,181,0.0,20,Alpine,20,0,0.0,-1.0,-98.0
24,GAS,winner,1.0,99.0,1,18,0.0,19,Alpine,19,0,0.0,-1.0,-98.0
24,HAD,podium,0.11936009538950716,10.717682829888712,16,5032,0.24217073866730196,9,Racing Bulls,17,0,0.016,-0.10336009538950716,-9.733682829888712
24,HAD,winner,1.0,99.0,1,140,0.0,9,Racing Bulls,17,0,0.008,-0.992,-98.008
24,HAM,podium,0.04052356020942408,3.032774869109948,10,1910,0.30990321069650123,16,Ferrari,8,0,0.0,-0.04052356020942408,-2.032774869109948
24,HAM,winner,1.0,99.0,16,4884,0.0,16,Ferrari,8,0,0.0,-1.0,-98.0
24,HUL,podium,1.0,99.0,2,2824,0.0,18,Kick Sauber,9,0,0.0,-1.0,-98.0
24,HUL,winner,1.0,99.0,2,102,0.0,18,Kick Sauber,9,0,0.0,-1.0,-98.0
24,LAW,winner,1.0,99.0,2,15,0.0,13,Racing Bulls,18,0,0.0,-1.0,-98.0
24,LEC,podium,0.13928972042642465,0.8607102795735754,148,23357,0.01220703759594889,5,Ferrari,4,0,0.192,0.05271027957357535,-0.052710279573575325
24,LEC,winner,0.9782541343939711,96.82496964622148,42,19108,0.25544795661070646,5,Ferrari,4,0,0.016,-0.9622541343939711,-95.84096964622148
24,NOR,podium,0.7509678645816115,0.24903213541838864,276,60494,0.023184515072143204,2,McLaren,3,1,0.72,-0.030967864581611493,0.030967864581611382
24,NOR,winner,0.20887463924430916,0.791125360755691,779,101523,0.009977981309450556,2,McLaren,3,0,0.24,0.031125360755690834,-0.031125360755690945
24,OCO,podium,0.03,0.97,1,62,0.0,8,Haas F1 Team,7,0,0.024,-0.005999999999999998,0.006000000000000005
24,OCO,winner,1.0,99.0,2,109,0.0,8,Haas F1 Team,7,0,0.008,-0.992,-98.008
24,PIA,podium,0.7297089548834451,0.27029104511655494,147,21921,0.019162893195740265,3,McLaren,2,1,0.536,-0.19370895488344508,0.19370895488344503
24,PIA,winner,0.09058882351236196,0.909411176487638,327,69002,0.009132561989176132,3,McLaren,2,0,0.12,0.02941117648763804,-0.029411176487638024
24,RUS,podium,0.39373059027972424,0.6062694097202759,236,17839,0.034025933555825824,4,Mercedes,5,0,0.352,-0.041730590279724256,0.041730590279724145
24,RUS,winner,0.022690343390901146,1.190198575364559,96,29762,0.1712798827814114,4,Mercedes,5,0,0.04,0.017309656609098854,-0.230198575364559
24,SAI,podium,0.021222883470915724,1.1023133038971011,35,10418,0.16565023392678924,12,Williams,13,0,0.008,-0.013222883470915724,-0.11031330389710114
24,SAI,winner,1.0,99.0,8,1459,0.0,12,Williams,13,0,0.008,-0.992,-98.008
24,STR,podium,1.0,99.0,4,143,0.0,15,Aston Martin,10,0,0.008,-0.992,-98.008
24,STR,winner,1.0,99.0,2,15,0.0,15,Aston Martin,10,0,0.0,-1.0,-98.0
24,TSU,podium,0.02,0.98,2,233,0.0,10,Red Bull Racing,14,0,0.04,0.02,-0.020000000000000018
24,TSU,winner,1.0,99.0,2,60,0.0,10,Red Bull Racing,14,0,0.024,-0.976,-98.024
24,VER,podium,0.8944696754659855,0.10553032453401458,144,10569,0.019129765836202534,1,Red Bull Racing,1,1,0.8,-0.0944696754659855,0.09446967546598538
24,VER,winner,0.7166252480705622,0.28337475192943773,1271,181400,0.012115876016107297,1,Red Bull Racing,1,1,0.496,-0.22062524807056216,0.22062524807056227
