round,event_code,race_name,market_type,driver,grid_pos,finish_pos,outcome,yes_vwap,no_vwap,volume,n_trades,qual_end_utc,race_start_utc
1,AGP25,Australia,RACE,NOR,1,1,1,0.4124,0.5876,3895.0,58,2025-03-15T06:20:00+00:00,2025-03-16T04:00:00+00:00
1,AGP25,Australia,RACE,VER,3,2,0,0.3159,0.6841,3999.0,115,2025-03-15T06:20:00+00:00,2025-03-16T04:00:00+00:00
1,AGP25,Australia,RACE,SAI,10,18,0,0.0454,0.9546,690.0,14,2025-03-15T06:20:00+00:00,2025-03-16T04:00:00+00:00
1,AGP25,Australia,RACE,TSU,5,12,0,0.0297,0.9703,313.0,5,2025-03-15T06:20:00+00:00,2025-03-16T04:00:00+00:00
1,AGP25,Australia,RACE,HAM,8,10,0,0.0695,0.9305,2705.0,21,2025-03-15T06:20:00+00:00,2025-03-16T04:00:00+00:00
1,AGP25,Australia,RACE,LEC,7,8,0,0.0636,0.9364,1335.0,19,2025-03-15T06:20:00+00:00,2025-03-16T04:00:00+00:00
1,AGP25,Australia,RACE,RUS,4,3,0,0.0746,0.9254,353.0,9,2025-03-15T06:20:00+00:00,2025-03-16T04:00:00+00:00
1,AGP25,Australia,RACE,PIA,2,9,0,0.2229,0.7771,1328.0,24,2025-03-15T06:20:00+00:00,2025-03-16T04:00:00+00:00
2,CGP25,China,RACE,VER,4,4,0,0.113,0.887,3918.0,50,2025-03-22T08:20:00+00:00,2025-03-23T07:00:00+00:00
2,CGP25,China,RACE,PIA,1,1,1,0.4038,0.5962,24981.0,692,2025-03-22T08:20:00+00:00,2025-03-23T07:00:00+00:00
2,CGP25,China,RACE,RUS,2,3,0,0.0929,0.9071,1068.0,27,2025-03-22T08:20:00+00:00,2025-03-23T07:00:00+00:00
2,CGP25,China,RACE,NOR,3,2,0,0.3923,0.6077,6803.0,177,2025-03-22T08:20:00+00:00,2025-03-23T07:00:00+00:00
2,CGP25,China,RACE,HAM,5,19,0,0.0971,0.9029,1905.0,30,2025-03-22T08:20:00+00:00,2025-03-23T07:00:00+00:00
2,CGP25,China,RACE,LEC,6,18,0,0.0602,0.9398,228.0,11,2025-03-22T08:20:00+00:00,2025-03-23T07:00:00+00:00
3,JGP25,Japan,RACE,VER,1,1,1,0.3236,0.6764,9211.0,87,2025-04-05T07:20:00+00:00,2025-04-06T05:00:00+00:00
3,JGP25,Japan,RACE,RUS,5,5,0,0.052,0.948,2383.0,9,2025-04-05T07:20:00+00:00,2025-04-06T05:00:00+00:00
3,JGP25,Japan,RACE,NOR,2,2,0,0.419,0.581,3221.0,47,2025-04-05T07:20:00+00:00,2025-04-06T05:00:00+00:00
3,JGP25,Japan,RACE,PIA,3,3,0,0.2156,0.7844,605.0,18,2025-04-05T07:20:00+00:00,2025-04-06T05:00:00+00:00
3,JGP25,Japan,RACE,HAM,8,7,0,0.0317,0.9683,3294.0,5,2025-04-05T07:20:00+00:00,2025-04-06T05:00:00+00:00
3,JGP25,Japan,RACE,LEC,4,4,0,0.0453,0.9547,684.0,6,2025-04-05T07:20:00+00:00,2025-04-06T05:00:00+00:00
3,JGP25,Japan,RACEPODIUM,PIA,3,3,1,0.6776,0.3224,189.0,6,2025-04-05T07:20:00+00:00,2025-04-06T05:00:00+00:00
3,JGP25,Japan,RACEPODIUM,VER,1,1,1,0.7486,0.2514,904.0,17,2025-04-05T07:20:00+00:00,2025-04-06T05:00:00+00:00
3,JGP25,Japan,RACEPODIUM,RUS,5,5,0,0.4234,0.5766,416.0,15,2025-04-05T07:20:00+00:00,2025-04-06T05:00:00+00:00
3,JGP25,Japan,RACEPODIUM,TSU,15,12,0,0.0484,0.9516,755.0,6,2025-04-05T07:20:00+00:00,2025-04-06T05:00:00+00:00
3,JGP25,Japan,RACEPODIUM,HAM,8,7,0,0.1759,0.8241,741.0,4,2025-04-05T07:20:00+00:00,2025-04-06T05:00:00+00:00
3,JGP25,Japan,RACEPODIUM,NOR,2,2,1,0.7968,0.2032,222.0,5,2025-04-05T07:20:00+00:00,2025-04-06T05:00:00+00:00
3,JGP25,Japan,RACEPODIUM,LEC,4,4,0,0.3291,0.6709,212.0,4,2025-04-05T07:20:00+00:00,2025-04-06T05:00:00+00:00
4,BGP25,Bahrain,RACE,RUS,2,2,0,0.1221,0.8779,8273.0,93,2025-04-12T16:20:00+00:00,2025-04-13T15:00:00+00:00
4,BGP25,Bahrain,RACE,NOR,6,3,0,0.182,0.818,10842.0,102,2025-04-12T16:20:00+00:00,2025-04-13T15:00:00+00:00
4,BGP25,Bahrain,RACE,HAM,9,5,0,0.0214,0.9786,294.0,5,2025-04-12T16:20:00+00:00,2025-04-13T15:00:00+00:00
4,BGP25,Bahrain,RACE,LEC,3,4,0,0.0717,0.9283,10599.0,69,2025-04-12T16:20:00+00:00,2025-04-13T15:00:00+00:00
4,BGP25,Bahrain,RACE,PIA,1,1,1,0.7168,0.2832,11374.0,128,2025-04-12T16:20:00+00:00,2025-04-13T15:00:00+00:00
4,BGP25,Bahrain,RACE,GAS,5,7,0,0.02,0.98,351.0,4,2025-04-12T16:20:00+00:00,2025-04-13T15:00:00+00:00
4,BGP25,Bahrain,RACE,VER,7,6,0,0.0546,0.9454,5295.0,45,2025-04-12T16:20:00+00:00,2025-04-13T15:00:00+00:00
4,BGP25,Bahrain,RACE,ANT,4,11,0,0.0217,0.9783,1312.0,8,2025-04-12T16:20:00+00:00,2025-04-13T15:00:00+00:00
4,BGP25,Bahrain,RACEPODIUM,VER,7,6,0,0.2473,0.7527,953.0,20,2025-04-12T16:20:00+00:00,2025-04-13T15:00:00+00:00
4,BGP25,Bahrain,RACEPODIUM,ANT,4,11,0,0.1808,0.8192,301.0,8,2025-04-12T16:20:00+00:00,2025-04-13T15:00:00+00:00
4,BGP25,Bahrain,RACEPODIUM,GAS,5,7,0,0.0673,0.9327,287.0,7,2025-04-12T16:20:00+00:00,2025-04-13T15:00:00+00:00
4,BGP25,Bahrain,RACEPODIUM,RUS,2,2,1,0.6101,0.3899,1019.0,14,2025-04-12T16:20:00+00:00,2025-04-13T15:00:00+00:00
4,BGP25,Bahrain,RACEPODIUM,PIA,1,1,1,0.8889,0.1111,63.0,6,2025-04-12T16:20:00+00:00,2025-04-13T15:00:00+00:00
4,BGP25,Bahrain,RACEPODIUM,HAM,9,5,0,0.0644,0.9356,182.0,5,2025-04-12T16:20:00+00:00,2025-04-13T15:00:00+00:00
4,BGP25,Bahrain,RACEPODIUM,NOR,6,3,1,0.5893,0.4107,901.0,9,2025-04-12T16:20:00+00:00,2025-04-13T15:00:00+00:00
4,BGP25,Bahrain,RACEPODIUM,LEC,3,4,0,0.4137,0.5863,575.0,20,2025-04-12T16:20:00+00:00,2025-04-13T15:00:00+00:00
5,SAGP25,Saudi Arabia,RACE,BOR,20,18,0,0.01,0.99,408.0,3,2025-04-19T18:20:00+00:00,2025-04-20T17:00:00+00:00
5,SAGP25,Saudi Arabia,RACE,ALO,13,11,0,0.01,0.99,1466.0,4,2025-04-19T18:20:00+00:00,2025-04-20T17:00:00+00:00
5,SAGP25,Saudi Arabia,RACE,NOR,10,4,0,0.0591,0.9409,4619.0,82,2025-04-19T18:20:00+00:00,2025-04-20T17:00:00+00:00
5,SAGP25,Saudi Arabia,RACE,OCO,19,14,0,0.01,0.99,293.0,3,2025-04-19T18:20:00+00:00,2025-04-20T17:00:00+00:00
5,SAGP25,Saudi Arabia,RACE,PIA,2,1,1,0.4782,0.5218,9458.0,186,2025-04-19T18:20:00+00:00,2025-04-20T17:00:00+00:00
5,SAGP25,Saudi Arabia,RACE,SAI,6,8,0,0.01,0.99,279.0,3,2025-04-19T18:20:00+00:00,2025-04-20T17:00:00+00:00
5,SAGP25,Saudi Arabia,RACE,STR,16,16,0,0.01,0.99,286.0,3,2025-04-19T18:20:00+00:00,2025-04-20T17:00:00+00:00
5,SAGP25,Saudi Arabia,RACE,RUS,3,5,0,0.0629,0.9371,3171.0,84,2025-04-19T18:20:00+00:00,2025-04-20T17:00:00+00:00
5,SAGP25,Saudi Arabia,RACE,ANT,5,6,0,0.0141,0.9859,1127.0,4,2025-04-19T18:20:00+00:00,2025-04-20T17:00:00+00:00
5,SAGP25,Saudi Arabia,RACE,LEC,4,3,0,0.0208,0.9792,3255.0,47,2025-04-19T18:20:00+00:00,2025-04-20T17:00:00+00:00
5,SAGP25,Saudi Arabia,RACE,DOO,17,17,0,0.01,0.99,473.0,3,2025-04-19T18:20:00+00:00,2025-04-20T17:00:00+00:00
5,SAGP25,Saudi Arabia,RACE,ALB,11,9,0,0.01,0.99,295.0,3,2025-04-19T18:20:00+00:00,2025-04-20T17:00:00+00:00
5,SAGP25,Saudi Arabia,RACE,HAM,7,7,0,0.0162,0.9838,1588.0,11,2025-04-19T18:20:00+00:00,2025-04-20T17:00:00+00:00
5,SAGP25,Saudi Arabia,RACE,VER,1,2,0,0.4414,0.5586,26968.0,346,2025-04-19T18:20:00+00:00,2025-04-20T17:00:00+00:00
5,SAGP25,Saudi Arabia,RACEPODIUM,PIA,2,1,1,0.7943,0.2057,1092.0,20,2025-04-19T18:20:00+00:00,2025-04-20T17:00:00+00:00
5,SAGP25,Saudi Arabia,RACEPODIUM,VER,1,2,1,0.7282,0.2718,5078.0,63,2025-04-19T18:20:00+00:00,2025-04-20T17:00:00+00:00
5,SAGP25,Saudi Arabia,RACEPODIUM,TSU,8,19,0,0.0161,0.9839,180.0,3,2025-04-19T18:20:00+00:00,2025-04-20T17:00:00+00:00
5,SAGP25,Saudi Arabia,RACEPODIUM,LEC,4,3,1,0.1535,0.8465,2946.0,44,2025-04-19T18:20:00+00:00,2025-04-20T17:00:00+00:00
5,SAGP25,Saudi Arabia,RACEPODIUM,NOR,10,4,0,0.3989,0.6011,3313.0,35,2025-04-19T18:20:00+00:00,2025-04-20T17:00:00+00:00
5,SAGP25,Saudi Arabia,RACEPODIUM,HAM,7,7,0,0.0484,0.9516,1787.0,17,2025-04-19T18:20:00+00:00,2025-04-20T17:00:00+00:00
5,SAGP25,Saudi Arabia,RACEPODIUM,ANT,5,6,0,0.0425,0.9575,1759.0,16,2025-04-19T18:20:00+00:00,2025-04-20T17:00:00+00:00
5,SAGP25,Saudi Arabia,RACEPODIUM,SAI,6,8,0,0.0262,0.9738,901.0,11,2025-04-19T18:20:00+00:00,2025-04-20T17:00:00+00:00
5,SAGP25,Saudi Arabia,RACEPODIUM,RUS,3,5,0,0.5089,0.4911,3375.0,64,2025-04-19T18:20:00+00:00,2025-04-20T17:00:00+00:00
6,MGP25,Miami,RACE,TSU,10,10,0,0.01,0.99,1128.0,3,2025-05-03T21:20:00+00:00,2025-05-04T20:00:00+00:00
6,MGP25,Miami,RACE,ALO,17,15,0,0.01,0.99,500.0,5,2025-05-03T21:20:00+00:00,2025-05-04T20:00:00+00:00
6,MGP25,Miami,RACE,ALB,7,5,0,0.01,0.99,380.0,4,2025-05-03T21:20:00+00:00,2025-05-04T20:00:00+00:00
6,MGP25,Miami,RACE,PIA,4,1,1,0.1832,0.8168,17708.0,256,2025-05-03T21:20:00+00:00,2025-05-04T20:00:00+00:00
6,MGP25,Miami,RACE,NOR,2,2,0,0.3673,0.6327,24072.0,239,2025-05-03T21:20:00+00:00,2025-05-04T20:00:00+00:00
6,MGP25,Miami,RACE,RUS,5,3,0,0.0266,0.9734,11139.0,60,2025-05-03T21:20:00+00:00,2025-05-04T20:00:00+00:00
6,MGP25,Miami,RACE,LEC,8,7,0,0.0174,0.9826,6526.0,33,2025-05-03T21:20:00+00:00,2025-05-04T20:00:00+00:00
6,MGP25,Miami,RACE,HAM,12,8,0,0.0183,0.9817,9399.0,32,2025-05-03T21:20:00+00:00,2025-05-04T20:00:00+00:00
6,MGP25,Miami,RACE,VER,1,4,0,0.386,0.614,33469.0,398,2025-05-03T21:20:00+00:00,2025-05-04T20:00:00+00:00
6,MGP25,Miami,RACE,ANT,3,6,0,0.0571,0.9429,13371.0,92,2025-05-03T21:20:00+00:00,2025-05-04T20:00:00+00:00
6,MGP25,Miami,RACE,SAI,6,9,0,0.01,0.99,4781.0,8,2025-05-03T21:20:00+00:00,2025-05-04T20:00:00+00:00
6,MGP25,Miami,RACE,HUL,16,14,0,0.01,0.99,293.0,4,2025-05-03T21:20:00+00:00,2025-05-04T20:00:00+00:00
6,MGP25,Miami,RACEPODIUM,SAI,6,9,0,0.0344,0.9656,494.0,10,2025-05-03T21:20:00+00:00,2025-05-04T20:00:00+00:00
6,MGP25,Miami,RACEPODIUM,VER,1,4,0,0.7873,0.2127,1569.0,25,2025-05-03T21:20:00+00:00,2025-05-04T20:00:00+00:00
6,MGP25,Miami,RACEPODIUM,LEC,8,7,0,0.0662,0.9338,1381.0,27,2025-05-03T21:20:00+00:00,2025-05-04T20:00:00+00:00
6,MGP25,Miami,RACEPODIUM,PIA,4,1,1,0.6825,0.3175,704.0,29,2025-05-03T21:20:00+00:00,2025-05-04T20:00:00+00:00
6,MGP25,Miami,RACEPODIUM,ANT,3,6,0,0.351,0.649,4942.0,65,2025-05-03T21:20:00+00:00,2025-05-04T20:00:00+00:00
6,MGP25,Miami,RACEPODIUM,HAM,12,8,0,0.0409,0.9591,1854.0,9,2025-05-03T21:20:00+00:00,2025-05-04T20:00:00+00:00
6,MGP25,Miami,RACEPODIUM,ALB,7,5,0,0.0285,0.9715,154.0,4,2025-05-03T21:20:00+00:00,2025-05-04T20:00:00+00:00
6,MGP25,Miami,RACEPODIUM,NOR,2,2,1,0.7802,0.2198,599.0,25,2025-05-03T21:20:00+00:00,2025-05-04T20:00:00+00:00
6,MGP25,Miami,RACEPODIUM,RUS,5,3,1,0.18,0.82,641.0,11,2025-05-03T21:20:00+00:00,2025-05-04T20:00:00+00:00
7,ERGP25,Emilia Romagna,RACE,ANT,13,19,0,0.01,0.99,1279.0,4,2025-05-17T15:20:00+00:00,2025-05-18T13:00:00+00:00
7,ERGP25,Emilia Romagna,RACE,RUS,3,7,0,0.0435,0.9565,3095.0,37,2025-05-17T15:20:00+00:00,2025-05-18T13:00:00+00:00
7,ERGP25,Emilia Romagna,RACE,VER,2,1,1,0.223,0.777,13861.0,182,2025-05-17T15:20:00+00:00,2025-05-18T13:00:00+00:00
7,ERGP25,Emilia Romagna,RACE,PIA,1,3,0,0.6282,0.3718,25075.0,215,2025-05-17T15:20:00+00:00,2025-05-18T13:00:00+00:00
7,ERGP25,Emilia Romagna,RACE,ALO,5,11,0,0.01,0.99,396.0,5,2025-05-17T15:20:00+00:00,2025-05-18T13:00:00+00:00
7,ERGP25,Emilia Romagna,RACE,NOR,4,2,0,0.1099,0.8901,6907.0,110,2025-05-17T15:20:00+00:00,2025-05-18T13:00:00+00:00
7,ERGP25,Emilia Romagna,RACE,HAM,12,4,0,0.0131,0.9869,2997.0,14,2025-05-17T15:20:00+00:00,2025-05-18T13:00:00+00:00
7,ERGP25,Emilia Romagna,RACE,LEC,11,6,0,0.019,0.981,971.0,9,2025-05-17T15:20:00+00:00,2025-05-18T13:00:00+00:00
7,ERGP25,Emilia Romagna,RACEPODIUM,PIA,1,3,1,0.8662,0.1338,50.0,3,2025-05-17T15:20:00+00:00,2025-05-18T13:00:00+00:00
7,ERGP25,Emilia Romagna,RACEPODIUM,HAM,12,4,0,0.0686,0.9314,1409.0,7,2025-05-17T15:20:00+00:00,2025-05-18T13:00:00+00:00
7,ERGP25,Emilia Romagna,RACEPODIUM,VER,2,1,1,0.7877,0.2123,1372.0,24,2025-05-17T15:20:00+00:00,2025-05-18T13:00:00+00:00
7,ERGP25,Emilia Romagna,RACEPODIUM,NOR,4,2,1,0.6473,0.3527,281.0,5,2025-05-17T15:20:00+00:00,2025-05-18T13:00:00+00:00
7,ERGP25,Emilia Romagna,RACEPODIUM,RUS,3,7,0,0.494,0.506,2082.0,23,2025-05-17T15:20:00+00:00,2025-05-18T13:00:00+00:00
7,ERGP25,Emilia Romagna,RACEPODIUM,ALO,5,11,0,0.0486,0.9514,142.0,4,2025-05-17T15:20:00+00:00,2025-05-18T13:00:00+00:00
8,MCGP25,Monaco,RACE,ALO,7,19,0,0.01,0.99,587.0,5,2025-05-24T15:20:00+00:00,2025-05-25T13:00:00+00:00
8,MCGP25,Monaco,RACE,PIA,3,3,0,0.1173,0.8827,12171.0,90,2025-05-24T15:20:00+00:00,2025-05-25T13:00:00+00:00
8,MCGP25,Monaco,RACE,RUS,14,11,0,0.01,0.99,610.0,4,2025-05-24T15:20:00+00:00,2025-05-25T13:00:00+00:00
8,MCGP25,Monaco,RACE,HAD,6,6,0,0.01,0.99,200.0,3,2025-05-24T15:20:00+00:00,2025-05-25T13:00:00+00:00
8,MCGP25,Monaco,RACE,HAM,4,5,0,0.0384,0.9616,2659.0,35,2025-05-24T15:20:00+00:00,2025-05-25T13:00:00+00:00
8,MCGP25,Monaco,RACE,LEC,2,2,0,0.2717,0.7283,4800.0,79,2025-05-24T15:20:00+00:00,2025-05-25T13:00:00+00:00
8,MCGP25,Monaco,RACE,VER,5,4,0,0.0629,0.9371,10921.0,110,2025-05-24T15:20:00+00:00,2025-05-25T13:00:00+00:00
8,MCGP25,Monaco,RACE,NOR,1,1,1,0.541,0.459,12121.0,156,2025-05-24T15:20:00+00:00,2025-05-25T13:00:00+00:00
8,MCGP25,Monaco,RACEPODIUM,HAM,4,5,0,0.2356,0.7644,84.0,4,2025-05-24T15:20:00+00:00,2025-05-25T13:00:00+00:00
8,MCGP25,Monaco,RACEPODIUM,VER,5,4,0,0.4769,0.5231,2536.0,18,2025-05-24T15:20:00+00:00,2025-05-25T13:00:00+00:00
8,MCGP25,Monaco,RACEPODIUM,PIA,3,3,1,0.7414,0.2586,641.0,15,2025-05-24T15:20:00+00:00,2025-05-25T13:00:00+00:00
8,MCGP25,Monaco,RACEPODIUM,LEC,2,2,1,0.7005,0.2995,263.0,15,2025-05-24T15:20:00+00:00,2025-05-25T13:00:00+00:00
8,MCGP25,Monaco,RACEPODIUM,NOR,1,1,1,0.7811,0.2189,284.0,15,2025-05-24T15:20:00+00:00,2025-05-25T13:00:00+00:00
8,MCGP25,Monaco,RACEPODIUM,RUS,14,11,0,0.0492,0.9508,316.0,7,2025-05-24T15:20:00+00:00,2025-05-25T13:00:00+00:00
9,SGP25,Spain,RACE,HAM,5,6,0,0.0146,0.9854,2256.0,17,2025-05-31T15:20:00+00:00,2025-06-01T13:00:00+00:00
9,SGP25,Spain,RACE,RUS,4,4,0,0.0249,0.9751,2132.0,20,2025-05-31T15:20:00+00:00,2025-06-01T13:00:00+00:00
9,SGP25,Spain,RACE,PIA,1,1,1,0.5942,0.4058,11553.0,121,2025-05-31T15:20:00+00:00,2025-06-01T13:00:00+00:00
9,SGP25,Spain,RACE,NOR,2,2,0,0.2569,0.7431,7288.0,125,2025-05-31T15:20:00+00:00,2025-06-01T13:00:00+00:00
9,SGP25,Spain,RACE,ANT,6,18,0,0.01,0.99,399.0,3,2025-05-31T15:20:00+00:00,2025-06-01T13:00:00+00:00
9,SGP25,Spain,RACE,ALO,10,9,0,0.01,0.99,3135.0,7,2025-05-31T15:20:00+00:00,2025-06-01T13:00:00+00:00
9,SGP25,Spain,RACE,VER,3,10,0,0.1241,0.8759,14077.0,113,2025-05-31T15:20:00+00:00,2025-06-01T13:00:00+00:00
9,SGP25,Spain,RACE,LEC,7,3,0,0.0169,0.9831,1898.0,15,2025-05-31T15:20:00+00:00,2025-06-01T13:00:00+00:00
9,SGP25,Spain,RACEPODIUM,HAM,5,6,0,0.17,0.83,456.0,10,2025-05-31T15:20:00+00:00,2025-06-01T13:00:00+00:00
9,SGP25,Spain,RACEPODIUM,RUS,4,4,0,0.2801,0.7199,151.0,9,2025-05-31T15:20:00+00:00,2025-06-01T13:00:00+00:00
9,SGP25,Spain,RACEPODIUM,VER,3,10,0,0.7593,0.2407,324.0,5,2025-05-31T15:20:00+00:00,2025-06-01T13:00:00+00:00
10,CAGP25,Canada,RACE,LEC,8,5,0,0.015,0.985,919.0,11,2025-06-14T21:20:00+00:00,2025-06-15T18:00:00+00:00
10,CAGP25,Canada,RACE,ALB,10,20,0,0.01,0.99,279.0,3,2025-06-14T21:20:00+00:00,2025-06-15T18:00:00+00:00
10,CAGP25,Canada,RACE,HAM,5,6,0,0.0224,0.9776,2632.0,36,2025-06-14T21:20:00+00:00,2025-06-15T18:00:00+00:00
10,CAGP25,Canada,RACE,ALO,6,7,0,0.01,0.99,1694.0,6,2025-06-14T21:20:00+00:00,2025-06-15T18:00:00+00:00
10,CAGP25,Canada,RACE,RUS,1,1,1,0.2461,0.7539,5864.0,94,2025-06-14T21:20:00+00:00,2025-06-15T18:00:00+00:00
10,CAGP25,Canada,RACE,VER,2,2,0,0.4022,0.5978,19731.0,249,2025-06-14T21:20:00+00:00,2025-06-15T18:00:00+00:00
10,CAGP25,Canada,RACE,ANT,4,3,0,0.0204,0.9796,2197.0,34,2025-06-14T21:20:00+00:00,2025-06-15T18:00:00+00:00
10,CAGP25,Canada,RACE,PIA,3,4,0,0.3668,0.6332,3713.0,116,2025-06-14T21:20:00+00:00,2025-06-15T18:00:00+00:00
10,CAGP25,Canada,RACE,NOR,7,18,0,0.0858,0.9142,2749.0,81,2025-06-14T21:20:00+00:00,2025-06-15T18:00:00+00:00
10,CAGP25,Canada,RACEPODIUM,VER,2,2,1,0.7277,0.2723,362.0,8,2025-06-14T21:20:00+00:00,2025-06-15T18:00:00+00:00
10,CAGP25,Canada,RACEPODIUM,HAM,5,6,0,0.1539,0.8461,832.0,12,2025-06-14T21:20:00+00:00,2025-06-15T18:00:00+00:00
10,CAGP25,Canada,RACEPODIUM,PIA,3,4,0,0.7981,0.2019,844.0,22,2025-06-14T21:20:00+00:00,2025-06-15T18:00:00+00:00
10,CAGP25,Canada,RACEPODIUM,LEC,8,5,0,0.094,0.906,317.0,6,2025-06-14T21:20:00+00:00,2025-06-15T18:00:00+00:00
10,CAGP25,Canada,RACEPODIUM,ALO,6,7,0,0.0598,0.9402,579.0,7,2025-06-14T21:20:00+00:00,2025-06-15T18:00:00+00:00
10,CAGP25,Canada,RACEPODIUM,NOR,7,18,0,0.5692,0.4308,780.0,17,2025-06-14T21:20:00+00:00,2025-06-15T18:00:00+00:00
10,CAGP25,Canada,RACEPODIUM,ALB,10,20,0,0.0402,0.9598,127.0,4,2025-06-14T21:20:00+00:00,2025-06-15T18:00:00+00:00
10,CAGP25,Canada,RACEPODIUM,RUS,1,1,1,0.6395,0.3605,121.0,9,2025-06-14T21:20:00+00:00,2025-06-15T18:00:00+00:00
10,CAGP25,Canada,RACEPODIUM,ANT,4,3,1,0.1484,0.8516,749.0,12,2025-06-14T21:20:00+00:00,2025-06-15T18:00:00+00:00
11,AUGP25,Austria,RACE,LEC,2,3,0,0.0876,0.9124,5030.0,76,2025-06-28T15:20:00+00:00,2025-06-29T13:00:00+00:00
11,AUGP25,Austria,RACE,ANT,9,19,0,0.018,0.982,510.0,5,2025-06-28T15:20:00+00:00,2025-06-29T13:00:00+00:00
11,AUGP25,Austria,RACE,VER,7,18,0,0.0528,0.9472,11907.0,106,2025-06-28T15:20:00+00:00,2025-06-29T13:00:00+00:00
11,AUGP25,Austria,RACE,HAM,4,4,0,0.0175,0.9825,1954.0,49,2025-06-28T15:20:00+00:00,2025-06-29T13:00:00+00:00
11,AUGP25,Austria,RACE,PIA,3,2,0,0.1821,0.8179,7112.0,84,2025-06-28T15:20:00+00:00,2025-06-29T13:00:00+00:00
11,AUGP25,Austria,RACE,RUS,5,5,0,0.0243,0.9757,2506.0,14,2025-06-28T15:20:00+00:00,2025-06-29T13:00:00+00:00
11,AUGP25,Austria,RACE,NOR,1,1,1,0.6847,0.3153,14788.0,138,2025-06-28T15:20:00+00:00,2025-06-29T13:00:00+00:00
11,AUGP25,Austria,RACEPODIUM,HAM,4,4,0,0.1902,0.8098,792.0,15,2025-06-28T15:20:00+00:00,2025-06-29T13:00:00+00:00
11,AUGP25,Austria,RACEPODIUM,NOR,1,1,1,0.8479,0.1521,43.0,7,2025-06-28T15:20:00+00:00,2025-06-29T13:00:00+00:00
11,AUGP25,Austria,RACEPODIUM,PIA,3,2,1,0.7753,0.2247,150.0,13,2025-06-28T15:20:00+00:00,2025-06-29T13:00:00+00:00
11,AUGP25,Austria,RACEPODIUM,RUS,5,5,0,0.1918,0.8082,34.0,3,2025-06-28T15:20:00+00:00,2025-06-29T13:00:00+00:00
11,AUGP25,Austria,RACEPODIUM,VER,7,18,0,0.3963,0.6037,1190.0,27,2025-06-28T15:20:00+00:00,2025-06-29T13:00:00+00:00
11,AUGP25,Austria,RACEPODIUM,LEC,2,3,1,0.5242,0.4758,2227.0,36,2025-06-28T15:20:00+00:00,2025-06-29T13:00:00+00:00
12,BRGP25,Great Britain,RACE,HAM,5,4,0,0.0805,0.9195,13044.0,262,2025-07-05T15:20:00+00:00,2025-07-06T14:00:00+00:00
12,BRGP25,Great Britain,RACE,ALB,14,8,0,0.01,0.99,670.0,6,2025-07-05T15:20:00+00:00,2025-07-06T14:00:00+00:00
12,BRGP25,Great Britain,RACE,PIA,2,2,0,0.3361,0.6639,22073.0,243,2025-07-05T15:20:00+00:00,2025-07-06T14:00:00+00:00
12,BRGP25,Great Britain,RACE,VER,1,5,0,0.3723,0.6277,57279.0,582,2025-07-05T15:20:00+00:00,2025-07-06T14:00:00+00:00
12,BRGP25,Great Britain,RACE,ANT,7,16,0,0.01,0.99,627.0,6,2025-07-05T15:20:00+00:00,2025-07-06T14:00:00+00:00
12,BRGP25,Great Britain,RACE,NOR,3,1,1,0.1994,0.8006,13336.0,235,2025-07-05T15:20:00+00:00,2025-07-06T14:00:00+00:00
12,BRGP25,Great Britain,RACE,LEC,6,14,0,0.0458,0.9542,8822.0,81,2025-07-05T15:20:00+00:00,2025-07-06T14:00:00+00:00
12,BRGP25,Great Britain,RACE,ALO,9,9,0,0.01,0.99,1080.0,5,2025-07-05T15:20:00+00:00,2025-07-06T14:00:00+00:00
12,BRGP25,Great Britain,RACE,GAS,10,6,0,0.01,0.99,103.0,3,2025-07-05T15:20:00+00:00,2025-07-06T14:00:00+00:00
12,BRGP25,Great Britain,RACE,RUS,4,10,0,0.0501,0.9499,11333.0,123,2025-07-05T15:20:00+00:00,2025-07-06T14:00:00+00:00
12,BRGP25,Great Britain,RACE,COL,20,20,0,0.01,0.99,200.0,3,2025-07-05T15:20:00+00:00,2025-07-06T14:00:00+00:00
12,BRGP25,Great Britain,RACEPODIUM,NOR,3,1,1,0.6965,0.3035,427.0,19,2025-07-05T15:20:00+00:00,2025-07-06T14:00:00+00:00
12,BRGP25,Great Britain,RACEPODIUM,PIA,2,2,1,0.7604,0.2396,287.0,8,2025-07-05T15:20:00+00:00,2025-07-06T14:00:00+00:00
12,BRGP25,Great Britain,RACEPODIUM,RUS,4,10,0,0.1123,0.8877,471.0,13,2025-07-05T15:20:00+00:00,2025-07-06T14:00:00+00:00
12,BRGP25,Great Britain,RACEPODIUM,VER,1,5,0,0.7955,0.2045,1191.0,30,2025-07-05T15:20:00+00:00,2025-07-06T14:00:00+00:00
12,BRGP25,Great Britain,RACEPODIUM,HAM,5,4,0,0.2772,0.7228,6961.0,59,2025-07-05T15:20:00+00:00,2025-07-06T14:00:00+00:00
12,BRGP25,Great Britain,RACEPODIUM,LEC,6,14,0,0.1504,0.8496,1595.0,20,2025-07-05T15:20:00+00:00,2025-07-06T14:00:00+00:00
12,BRGP25,Great Britain,RACEPODIUM,ANT,7,16,0,0.0617,0.9383,1323.0,9,2025-07-05T15:20:00+00:00,2025-07-06T14:00:00+00:00
13,BELGP25,Belgium,RACE,STR,20,14,0,0.01,0.99,934.0,6,2025-07-26T15:20:00+00:00,2025-07-27T13:00:00+00:00
13,BELGP25,Belgium,RACE,ALB,5,6,0,0.01,0.99,17954.0,53,2025-07-26T15:20:00+00:00,2025-07-27T13:00:00+00:00
13,BELGP25,Belgium,RACE,RUS,6,5,0,0.0214,0.9786,78545.0,89,2025-07-26T15:20:00+00:00,2025-07-27T13:00:00+00:00
13,BELGP25,Belgium,RACE,HAD,8,20,0,0.01,0.99,2536.0,6,2025-07-26T15:20:00+00:00,2025-07-27T13:00:00+00:00
13,BELGP25,Belgium,RACE,ALO,19,17,0,0.01,0.99,51546.0,26,2025-07-26T15:20:00+00:00,2025-07-27T13:00:00+00:00
13,BELGP25,Belgium,RACE,LAW,9,8,0,0.01,0.99,467.0,6,2025-07-26T15:20:00+00:00,2025-07-27T13:00:00+00:00
13,BELGP25,Belgium,RACE,TSU,7,13,0,0.01,0.99,4377.0,10,2025-07-26T15:20:00+00:00,2025-07-27T13:00:00+00:00
13,BELGP25,Belgium,RACE,HAM,16,7,0,0.0111,0.9889,37395.0,75,2025-07-26T15:20:00+00:00,2025-07-27T13:00:00+00:00
13,BELGP25,Belgium,RACE,VER,4,4,0,0.1449,0.8551,375346.0,1135,2025-07-26T15:20:00+00:00,2025-07-27T13:00:00+00:00
13,BELGP25,Belgium,RACE,NOR,1,2,0,0.429,0.571,315454.0,1087,2025-07-26T15:20:00+00:00,2025-07-27T13:00:00+00:00
13,BELGP25,Belgium,RACE,ANT,18,16,0,0.01,0.99,2729.0,15,2025-07-26T15:20:00+00:00,2025-07-27T13:00:00+00:00
13,BELGP25,Belgium,RACE,PIA,2,1,1,0.3834,0.6166,189482.0,845,2025-07-26T15:20:00+00:00,2025-07-27T13:00:00+00:00
13,BELGP25,Belgium,RACE,HUL,14,12,0,0.01,0.99,30002.0,18,2025-07-26T15:20:00+00:00,2025-07-27T13:00:00+00:00
13,BELGP25,Belgium,RACE,OCO,11,15,0,0.01,0.99,8632.0,12,2025-07-26T15:20:00+00:00,2025-07-27T13:00:00+00:00
13,BELGP25,Belgium,RACE,SAI,15,18,0,0.01,0.99,55716.0,36,2025-07-26T15:20:00+00:00,2025-07-27T13:00:00+00:00
13,BELGP25,Belgium,RACE,COL,17,19,0,0.01,0.99,301.0,3,2025-07-26T15:20:00+00:00,2025-07-27T13:00:00+00:00
13,BELGP25,Belgium,RACE,GAS,13,10,0,0.01,0.99,1301.0,4,2025-07-26T15:20:00+00:00,2025-07-27T13:00:00+00:00
13,BELGP25,Belgium,RACE,BEA,12,11,0,0.01,0.99,102.0,3,2025-07-26T15:20:00+00:00,2025-07-27T13:00:00+00:00
13,BELGP25,Belgium,RACE,LEC,3,3,0,0.0467,0.9533,112623.0,252,2025-07-26T15:20:00+00:00,2025-07-27T13:00:00+00:00
13,BELGP25,Belgium,RACEPODIUM,NOR,1,2,1,0.8614,0.1386,163503.0,207,2025-07-26T15:20:00+00:00,2025-07-27T13:00:00+00:00
13,BELGP25,Belgium,RACEPODIUM,BOR,10,9,0,0.0125,0.9875,884.0,5,2025-07-26T15:20:00+00:00,2025-07-27T13:00:00+00:00
13,BELGP25,Belgium,RACEPODIUM,HAM,16,7,0,0.063,0.937,51043.0,155,2025-07-26T15:20:00+00:00,2025-07-27T13:00:00+00:00
13,BELGP25,Belgium,RACEPODIUM,LEC,3,3,1,0.3483,0.6517,63147.0,199,2025-07-26T15:20:00+00:00,2025-07-27T13:00:00+00:00
13,BELGP25,Belgium,RACEPODIUM,PIA,2,1,1,0.8378,0.1622,142129.0,189,2025-07-26T15:20:00+00:00,2025-07-27T13:00:00+00:00
13,BELGP25,Belgium,RACEPODIUM,LAW,9,8,0,0.0137,0.9863,1387.0,11,2025-07-26T15:20:00+00:00,2025-07-27T13:00:00+00:00
13,BELGP25,Belgium,RACEPODIUM,STR,20,14,0,0.01,0.99,939.0,8,2025-07-26T15:20:00+00:00,2025-07-27T13:00:00+00:00
13,BELGP25,Belgium,RACEPODIUM,SAI,15,18,0,0.0187,0.9813,4753.0,17,2025-07-26T15:20:00+00:00,2025-07-27T13:00:00+00:00
13,BELGP25,Belgium,RACEPODIUM,RUS,6,5,0,0.1516,0.8484,47607.0,128,2025-07-26T15:20:00+00:00,2025-07-27T13:00:00+00:00
13,BELGP25,Belgium,RACEPODIUM,HUL,14,12,0,0.0199,0.9801,13177.0,20,2025-07-26T15:20:00+00:00,2025-07-27T13:00:00+00:00
13,BELGP25,Belgium,RACEPODIUM,GAS,13,10,0,0.0127,0.9873,1733.0,16,2025-07-26T15:20:00+00:00,2025-07-27T13:00:00+00:00
13,BELGP25,Belgium,RACEPODIUM,TSU,7,13,0,0.0429,0.9571,7174.0,27,2025-07-26T15:20:00+00:00,2025-07-27T13:00:00+00:00
13,BELGP25,Belgium,RACEPODIUM,VER,4,4,0,0.6544,0.3456,112735.0,343,2025-07-26T15:20:00+00:00,2025-07-27T13:00:00+00:00
13,BELGP25,Belgium,RACEPODIUM,HAD,8,20,0,0.0476,0.9524,4644.0,27,2025-07-26T15:20:00+00:00,2025-07-27T13:00:00+00:00
13,BELGP25,Belgium,RACEPODIUM,ALO,19,17,0,0.01,0.99,1587.0,15,2025-07-26T15:20:00+00:00,2025-07-27T13:00:00+00:00
13,BELGP25,Belgium,RACEPODIUM,BEA,12,11,0,0.0102,0.9898,1297.0,9,2025-07-26T15:20:00+00:00,2025-07-27T13:00:00+00:00
13,BELGP25,Belgium,RACEPODIUM,OCO,11,15,0,0.012,0.988,1980.0,11,2025-07-26T15:20:00+00:00,2025-07-27T13:00:00+00:00
13,BELGP25,Belgium,RACEPODIUM,COL,17,19,0,0.01,0.99,1596.0,6,2025-07-26T15:20:00+00:00,2025-07-27T13:00:00+00:00
13,BELGP25,Belgium,RACEPODIUM,ALB,5,6,0,0.0841,0.9159,23619.0,59,2025-07-26T15:20:00+00:00,2025-07-27T13:00:00+00:00
13,BELGP25,Belgium,RACEPODIUM,ANT,18,16,0,0.0179,0.9821,1805.0,19,2025-07-26T15:20:00+00:00,2025-07-27T13:00:00+00:00
14,HUNGP25,Hungary,RACE,HAM,12,12,0,0.01,0.99,32720.0,51,2025-08-02T15:20:00+00:00,2025-08-03T13:00:00+00:00
14,HUNGP25,Hungary,RACE,PIA,2,2,0,0.4919,0.5081,846681.0,1507,2025-08-02T15:20:00+00:00,2025-08-03T13:00:00+00:00
14,HUNGP25,Hungary,RACE,ALB,20,15,0,0.01,0.99,12630.0,24,2025-08-02T15:20:00+00:00,2025-08-03T13:00:00+00:00
14,HUNGP25,Hungary,RACE,SAI,13,14,0,0.01,0.99,372.0,4,2025-08-02T15:20:00+00:00,2025-08-03T13:00:00+00:00
14,HUNGP25,Hungary,RACE,COL,14,18,0,0.01,0.99,5011.0,7,2025-08-02T15:20:00+00:00,2025-08-03T13:00:00+00:00
14,HUNGP25,Hungary,RACE,GAS,17,19,0,0.01,0.99,104.0,3,2025-08-02T15:20:00+00:00,2025-08-03T13:00:00+00:00
14,HUNGP25,Hungary,RACE,OCO,18,16,0,0.01,0.99,5002.0,5,2025-08-02T15:20:00+00:00,2025-08-03T13:00:00+00:00
14,HUNGP25,Hungary,RACE,TSU,16,17,0,0.01,0.99,105.0,3,2025-08-02T15:20:00+00:00,2025-08-03T13:00:00+00:00
14,HUNGP25,Hungary,RACE,LEC,1,4,0,0.1907,0.8093,396859.0,906,2025-08-02T15:20:00+00:00,2025-08-03T13:00:00+00:00
14,HUNGP25,Hungary,RACE,ALO,5,5,0,0.01,0.99,35749.0,46,2025-08-02T15:20:00+00:00,2025-08-03T13:00:00+00:00
14,HUNGP25,Hungary,RACE,BOR,7,6,0,0.01,0.99,32.0,3,2025-08-02T15:20:00+00:00,2025-08-03T13:00:00+00:00
14,HUNGP25,Hungary,RACE,STR,6,7,0,0.01,0.99,1603.0,7,2025-08-02T15:20:00+00:00,2025-08-03T13:00:00+00:00
14,HUNGP25,Hungary,RACE,NOR,3,1,1,0.2883,0.7117,243643.0,766,2025-08-02T15:20:00+00:00,2025-08-03T13:00:00+00:00
14,HUNGP25,Hungary,RACE,ANT,15,10,0,0.01,0.99,287.0,7,2025-08-02T15:20:00+00:00,2025-08-03T13:00:00+00:00
14,HUNGP25,Hungary,RACE,RUS,4,3,0,0.0285,0.9715,144460.0,141,2025-08-02T15:20:00+00:00,2025-08-03T13:00:00+00:00
14,HUNGP25,Hungary,RACE,VER,8,9,0,0.0197,0.9803,273853.0,373,2025-08-02T15:20:00+00:00,2025-08-03T13:00:00+00:00
14,HUNGP25,Hungary,RACEPODIUM,PIA,2,2,1,0.8763,0.1237,71176.0,191,2025-08-02T15:20:00+00:00,2025-08-03T13:00:00+00:00
14,HUNGP25,Hungary,RACEPODIUM,HUL,19,13,0,0.0131,0.9869,1600.0,3,2025-08-02T15:20:00+00:00,2025-08-03T13:00:00+00:00
14,HUNGP25,Hungary,RACEPODIUM,ALB,20,15,0,0.01,0.99,3377.0,7,2025-08-02T15:20:00+00:00,2025-08-03T13:00:00+00:00
14,HUNGP25,Hungary,RACEPODIUM,HAM,12,12,0,0.0255,0.9745,38884.0,93,2025-08-02T15:20:00+00:00,2025-08-03T13:00:00+00:00
14,HUNGP25,Hungary,RACEPODIUM,ANT,15,10,0,0.0114,0.9886,1735.0,5,2025-08-02T15:20:00+00:00,2025-08-03T13:00:00+00:00
14,HUNGP25,Hungary,RACEPODIUM,RUS,4,3,1,0.311,0.689,40560.0,230,2025-08-02T15:20:00+00:00,2025-08-03T13:00:00+00:00
14,HUNGP25,Hungary,RACEPODIUM,STR,6,7,0,0.0296,0.9704,8065.0,41,2025-08-02T15:20:00+00:00,2025-08-03T13:00:00+00:00
14,HUNGP25,Hungary,RACEPODIUM,LEC,1,4,0,0.6912,0.3088,150074.0,493,2025-08-02T15:20:00+00:00,2025-08-03T13:00:00+00:00
14,HUNGP25,Hungary,RACEPODIUM,NOR,3,1,1,0.8591,0.1409,63427.0,144,2025-08-02T15:20:00+00:00,2025-08-03T13:00:00+00:00
14,HUNGP25,Hungary,RACEPODIUM,SAI,13,14,0,0.01,0.99,1507.0,7,2025-08-02T15:20:00+00:00,2025-08-03T13:00:00+00:00
14,HUNGP25,Hungary,RACEPODIUM,VER,8,9,0,0.1121,0.8879,93587.0,497,2025-08-02T15:20:00+00:00,2025-08-03T13:00:00+00:00
14,HUNGP25,Hungary,RACEPODIUM,ALO,5,5,0,0.1258,0.8742,36324.0,152,2025-08-02T15:20:00+00:00,2025-08-03T13:00:00+00:00
14,HUNGP25,Hungary,RACEPODIUM,BOR,7,6,0,0.016,0.984,840.0,4,2025-08-02T15:20:00+00:00,2025-08-03T13:00:00+00:00
15,DUTGP25,Netherlands,RACE,NOR,2,18,0,0.3439,0.6561,40123.0,263,2025-08-30T15:20:00+00:00,2025-08-31T13:00:00+00:00
15,DUTGP25,Netherlands,RACE,PIA,1,1,1,0.6091,0.3909,64728.0,444,2025-08-30T15:20:00+00:00,2025-08-31T13:00:00+00:00
15,DUTGP25,Netherlands,RACE,RUS,5,4,0,0.0193,0.9807,19974.0,45,2025-08-30T15:20:00+00:00,2025-08-31T13:00:00+00:00
15,DUTGP25,Netherlands,RACE,SAI,9,13,0,0.01,0.99,1200.0,3,2025-08-30T15:20:00+00:00,2025-08-31T13:00:00+00:00
15,DUTGP25,Netherlands,RACE,HAD,4,3,0,0.01,0.99,4332.0,9,2025-08-30T15:20:00+00:00,2025-08-31T13:00:00+00:00
15,DUTGP25,Netherlands,RACE,LEC,6,19,0,0.0127,0.9873,2465.0,10,2025-08-30T15:20:00+00:00,2025-08-31T13:00:00+00:00
15,DUTGP25,Netherlands,RACE,VER,3,2,0,0.0835,0.9165,178358.0,311,2025-08-30T15:20:00+00:00,2025-08-31T13:00:00+00:00
15,DUTGP25,Netherlands,RACEPODIUM,SAI,9,13,0,0.0661,0.9339,1649.0,5,2025-08-30T15:20:00+00:00,2025-08-31T13:00:00+00:00
15,DUTGP25,Netherlands,RACEPODIUM,RUS,5,4,0,0.2766,0.7234,173366.0,163,2025-08-30T15:20:00+00:00,2025-08-31T13:00:00+00:00
15,DUTGP25,Netherlands,RACEPODIUM,PIA,1,1,1,0.9068,0.0932,201712.0,148,2025-08-30T15:20:00+00:00,2025-08-31T13:00:00+00:00
15,DUTGP25,Netherlands,RACEPODIUM,ALO,10,8,0,0.0211,0.9789,55952.0,22,2025-08-30T15:20:00+00:00,2025-08-31T13:00:00+00:00
15,DUTGP25,Netherlands,RACEPODIUM,VER,3,2,1,0.6858,0.3142,112788.0,246,2025-08-30T15:20:00+00:00,2025-08-31T13:00:00+00:00
15,DUTGP25,Netherlands,RACEPODIUM,HAD,4,3,1,0.0915,0.9085,179164.0,57,2025-08-30T15:20:00+00:00,2025-08-31T13:00:00+00:00
15,DUTGP25,Netherlands,RACEPODIUM,LEC,6,19,0,0.1188,0.8812,5130.0,59,2025-08-30T15:20:00+00:00,2025-08-31T13:00:00+00:00
15,DUTGP25,Netherlands,RACEPODIUM,ANT,11,16,0,0.0116,0.9884,323.0,6,2025-08-30T15:20:00+00:00,2025-08-31T13:00:00+00:00
15,DUTGP25,Netherlands,RACEPODIUM,NOR,2,18,0,0.8903,0.1097,150791.0,140,2025-08-30T15:20:00+00:00,2025-08-31T13:00:00+00:00
15,DUTGP25,Netherlands,RACEPODIUM,HAM,7,20,0,0.0597,0.9403,42664.0,29,2025-08-30T15:20:00+00:00,2025-08-31T13:00:00+00:00
16,ITAGP25,Italy,RACE,LEC,4,4,0,0.0561,0.9439,84335.0,158,2025-09-06T15:20:00+00:00,2025-09-07T13:00:00+00:00
16,ITAGP25,Italy,RACE,VER,1,1,1,0.3003,0.6997,183871.0,686,2025-09-06T15:20:00+00:00,2025-09-07T13:00:00+00:00
16,ITAGP25,Italy,RACE,NOR,2,2,0,0.3898,0.6102,90734.0,397,2025-09-06T15:20:00+00:00,2025-09-07T13:00:00+00:00
16,ITAGP25,Italy,RACE,PIA,3,3,0,0.2699,0.7301,78143.0,404,2025-09-06T15:20:00+00:00,2025-09-07T13:00:00+00:00
16,ITAGP25,Italy,RACE,HAM,5,6,0,0.01,0.99,5603.0,28,2025-09-06T15:20:00+00:00,2025-09-07T13:00:00+00:00
16,ITAGP25,Italy,RACE,SAI,13,11,0,0.01,0.99,250.0,3,2025-09-06T15:20:00+00:00,2025-09-07T13:00:00+00:00
16,ITAGP25,Italy,RACE,RUS,6,5,0,0.0109,0.9891,32429.0,35,2025-09-06T15:20:00+00:00,2025-09-07T13:00:00+00:00
16,ITAGP25,Italy,RACE,ALO,9,19,0,0.01,0.99,656.0,4,2025-09-06T15:20:00+00:00,2025-09-07T13:00:00+00:00
16,ITAGP25,Italy,RACE,OCO,15,15,0,0.01,0.99,196.0,3,2025-09-06T15:20:00+00:00,2025-09-07T13:00:00+00:00
16,ITAGP25,Italy,RACEPODIUM,HAM,5,6,0,0.0656,0.9344,42554.0,108,2025-09-06T15:20:00+00:00,2025-09-07T13:00:00+00:00
16,ITAGP25,Italy,RACEPODIUM,HAD,16,10,0,0.0195,0.9805,10498.0,12,2025-09-06T15:20:00+00:00,2025-09-07T13:00:00+00:00
16,ITAGP25,Italy,RACEPODIUM,RUS,6,5,0,0.1379,0.8621,27854.0,99,2025-09-06T15:20:00+00:00,2025-09-07T13:00:00+00:00
16,ITAGP25,Italy,RACEPODIUM,NOR,2,2,1,0.8263,0.1737,53888.0,145,2025-09-06T15:20:00+00:00,2025-09-07T13:00:00+00:00
16,ITAGP25,Italy,RACEPODIUM,SAI,13,11,0,0.0448,0.9552,1076.0,7,2025-09-06T15:20:00+00:00,2025-09-07T13:00:00+00:00
16,ITAGP25,Italy,RACEPODIUM,ALO,9,19,0,0.0186,0.9814,3375.0,8,2025-09-06T15:20:00+00:00,2025-09-07T13:00:00+00:00
16,ITAGP25,Italy,RACEPODIUM,ANT,7,9,0,0.039,0.961,18077.0,28,2025-09-06T15:20:00+00:00,2025-09-07T13:00:00+00:00
16,ITAGP25,Italy,RACEPODIUM,TSU,10,13,0,0.0192,0.9808,5977.0,4,2025-09-06T15:20:00+00:00,2025-09-07T13:00:00+00:00
16,ITAGP25,Italy,RACEPODIUM,VER,1,1,1,0.7746,0.2254,40978.0,215,2025-09-06T15:20:00+00:00,2025-09-07T13:00:00+00:00
16,ITAGP25,Italy,RACEPODIUM,BOR,8,8,0,0.03,0.97,8530.0,10,2025-09-06T15:20:00+00:00,2025-09-07T13:00:00+00:00
16,ITAGP25,Italy,RACEPODIUM,HUL,12,20,0,0.0147,0.9853,2150.0,5,2025-09-06T15:20:00+00:00,2025-09-07T13:00:00+00:00
16,ITAGP25,Italy,RACEPODIUM,ALB,14,7,0,0.0101,0.9899,5174.0,3,2025-09-06T15:20:00+00:00,2025-09-07T13:00:00+00:00
16,ITAGP25,Italy,RACEPODIUM,PIA,3,3,1,0.7756,0.2244,43978.0,185,2025-09-06T15:20:00+00:00,2025-09-07T13:00:00+00:00
16,ITAGP25,Italy,RACEPODIUM,LEC,4,4,0,0.443,0.557,11116.0,161,2025-09-06T15:20:00+00:00,2025-09-07T13:00:00+00:00
17,AZEGP25,Azerbaijan,RACE,VER,1,1,1,0.6586,0.3414,162449.0,938,2025-09-20T13:20:00+00:00,2025-09-21T11:00:00+00:00
17,AZEGP25,Azerbaijan,RACE,HAM,12,8,0,0.0168,0.9832,6664.0,24,2025-09-20T13:20:00+00:00,2025-09-21T11:00:00+00:00
17,AZEGP25,Azerbaijan,RACE,RUS,5,2,0,0.0224,0.9776,20841.0,68,2025-09-20T13:20:00+00:00,2025-09-21T11:00:00+00:00
17,AZEGP25,Azerbaijan,RACE,NOR,7,7,0,0.1602,0.8398,66956.0,468,2025-09-20T13:20:00+00:00,2025-09-21T11:00:00+00:00
17,AZEGP25,Azerbaijan,RACE,HAD,8,10,0,0.01,0.99,887.0,5,2025-09-20T13:20:00+00:00,2025-09-21T11:00:00+00:00
17,AZEGP25,Azerbaijan,RACE,TSU,6,6,0,0.01,0.99,772.0,3,2025-09-20T13:20:00+00:00,2025-09-21T11:00:00+00:00
17,AZEGP25,Azerbaijan,RACE,LEC,10,9,0,0.0333,0.9667,13789.0,79,2025-09-20T13:20:00+00:00,2025-09-21T11:00:00+00:00
17,AZEGP25,Azerbaijan,RACE,LAW,3,5,0,0.01,0.99,9532.0,39,2025-09-20T13:20:00+00:00,2025-09-21T11:00:00+00:00
17,AZEGP25,Azerbaijan,RACE,ALO,11,15,0,0.01,0.99,693.0,3,2025-09-20T13:20:00+00:00,2025-09-21T11:00:00+00:00
17,AZEGP25,Azerbaijan,RACE,PIA,9,20,0,0.1078,0.8922,102331.0,469,2025-09-20T13:20:00+00:00,2025-09-21T11:00:00+00:00
17,AZEGP25,Azerbaijan,RACE,SAI,2,3,0,0.0298,0.9702,44447.0,165,2025-09-20T13:20:00+00:00,2025-09-21T11:00:00+00:00
17,AZEGP25,Azerbaijan,RACE,ANT,4,4,0,0.013,0.987,11888.0,32,2025-09-20T13:20:00+00:00,2025-09-21T11:00:00+00:00
17,AZEGP25,Azerbaijan,RACEPODIUM,LEC,10,9,0,0.1102,0.8898,10168.0,75,2025-09-20T13:20:00+00:00,2025-09-21T11:00:00+00:00
17,AZEGP25,Azerbaijan,RACEPODIUM,ALB,19,13,0,0.0374,0.9626,591.0,4,2025-09-20T13:20:00+00:00,2025-09-21T11:00:00+00:00
17,AZEGP25,Azerbaijan,RACEPODIUM,VER,1,1,1,0.8826,0.1174,39434.0,214,2025-09-20T13:20:00+00:00,2025-09-21T11:00:00+00:00
17,AZEGP25,Azerbaijan,RACEPODIUM,SAI,2,3,1,0.1411,0.8589,40984.0,255,2025-09-20T13:20:00+00:00,2025-09-21T11:00:00+00:00
17,AZEGP25,Azerbaijan,RACEPODIUM,HAM,12,8,0,0.0958,0.9042,7897.0,34,2025-09-20T13:20:00+00:00,2025-09-21T11:00:00+00:00
17,AZEGP25,Azerbaijan,RACEPODIUM,NOR,7,7,0,0.6963,0.3037,28910.0,242,2025-09-20T13:20:00+00:00,2025-09-21T11:00:00+00:00
17,AZEGP25,Azerbaijan,RACEPODIUM,HAD,8,10,0,0.0623,0.9377,1750.0,13,2025-09-20T13:20:00+00:00,2025-09-21T11:00:00+00:00
17,AZEGP25,Azerbaijan,RACEPODIUM,PIA,9,20,0,0.4804,0.5196,54079.0,336,2025-09-20T13:20:00+00:00,2025-09-21T11:00:00+00:00
17,AZEGP25,Azerbaijan,RACEPODIUM,TSU,6,6,0,0.0356,0.9644,1585.0,10,2025-09-20T13:20:00+00:00,2025-09-21T11:00:00+00:00
17,AZEGP25,Azerbaijan,RACEPODIUM,LAW,3,5,0,0.0588,0.9412,10082.0,70,2025-09-20T13:20:00+00:00,2025-09-21T11:00:00+00:00
17,AZEGP25,Azerbaijan,RACEPODIUM,RUS,5,2,1,0.3253,0.6747,25610.0,128,2025-09-20T13:20:00+00:00,2025-09-21T11:00:00+00:00
17,AZEGP25,Azerbaijan,RACEPODIUM,ANT,4,4,0,0.1609,0.8391,22078.0,69,2025-09-20T13:20:00+00:00,2025-09-21T11:00:00+00:00
18,SINGP25,Singapore,RACE,OCO,17,18,0,0.01,0.99,373.0,3,2025-10-04T14:20:00+00:00,2025-10-05T12:00:00+00:00
18,SINGP25,Singapore,RACE,PIA,3,4,0,0.1559,0.8441,61226.0,554,2025-10-04T14:20:00+00:00,2025-10-05T12:00:00+00:00
18,SINGP25,Singapore,RACE,NOR,5,3,0,0.0499,0.9501,65306.0,358,2025-10-04T14:20:00+00:00,2025-10-05T12:00:00+00:00
18,SINGP25,Singapore,RACE,ANT,4,5,0,0.0158,0.9842,21487.0,66,2025-10-04T14:20:00+00:00,2025-10-05T12:00:00+00:00
18,SINGP25,Singapore,RACE,HUL,11,20,0,0.01,0.99,382.0,4,2025-10-04T14:20:00+00:00,2025-10-05T12:00:00+00:00
18,SINGP25,Singapore,RACE,TSU,13,12,0,0.01,0.99,559.0,4,2025-10-04T14:20:00+00:00,2025-10-05T12:00:00+00:00
18,SINGP25,Singapore,RACE,RUS,1,1,1,0.3665,0.6335,49013.0,454,2025-10-04T14:20:00+00:00,2025-10-05T12:00:00+00:00
18,SINGP25,Singapore,RACE,HAM,6,8,0,0.018,0.982,18172.0,79,2025-10-04T14:20:00+00:00,2025-10-05T12:00:00+00:00
18,SINGP25,Singapore,RACE,ALB,19,14,0,0.01,0.99,466.0,4,2025-10-04T14:20:00+00:00,2025-10-05T12:00:00+00:00
18,SINGP25,Singapore,RACE,VER,2,2,0,0.4431,0.5569,132305.0,1339,2025-10-04T14:20:00+00:00,2025-10-05T12:00:00+00:00
18,SINGP25,Singapore,RACE,BOR,14,17,0,0.01,0.99,395.0,5,2025-10-04T14:20:00+00:00,2025-10-05T12:00:00+00:00
18,SINGP25,Singapore,RACE,LEC,7,6,0,0.0106,0.9894,7000.0,24,2025-10-04T14:20:00+00:00,2025-10-05T12:00:00+00:00
18,SINGP25,Singapore,RACE,HAD,8,11,0,0.01,0.99,526.0,4,2025-10-04T14:20:00+00:00,2025-10-05T12:00:00+00:00
18,SINGP25,Singapore,RACE,ALO,10,7,0,0.01,0.99,430.0,4,2025-10-04T14:20:00+00:00,2025-10-05T12:00:00+00:00
18,SINGP25,Singapore,RACE,SAI,20,10,0,0.01,0.99,311.0,4,2025-10-04T14:20:00+00:00,2025-10-05T12:00:00+00:00
18,SINGP25,Singapore,RACEPODIUM,SAI,20,10,0,0.026,0.974,500.0,7,2025-10-04T14:20:00+00:00,2025-10-05T12:00:00+00:00
18,SINGP25,Singapore,RACEPODIUM,LEC,7,6,0,0.06,0.94,15423.0,81,2025-10-04T14:20:00+00:00,2025-10-05T12:00:00+00:00
18,SINGP25,Singapore,RACEPODIUM,TSU,13,12,0,0.03,0.97,87.0,4,2025-10-04T14:20:00+00:00,2025-10-05T12:00:00+00:00
18,SINGP25,Singapore,RACEPODIUM,BEA,9,9,0,0.0418,0.9582,318.0,3,2025-10-04T14:20:00+00:00,2025-10-05T12:00:00+00:00
18,SINGP25,Singapore,RACEPODIUM,HUL,11,20,0,0.03,0.97,177.0,3,2025-10-04T14:20:00+00:00,2025-10-05T12:00:00+00:00
18,SINGP25,Singapore,RACEPODIUM,VER,2,2,1,0.7948,0.2052,29381.0,264,2025-10-04T14:20:00+00:00,2025-10-05T12:00:00+00:00
18,SINGP25,Singapore,RACEPODIUM,NOR,5,3,1,0.4119,0.5881,19339.0,173,2025-10-04T14:20:00+00:00,2025-10-05T12:00:00+00:00
18,SINGP25,Singapore,RACEPODIUM,HAM,6,8,0,0.0479,0.9521,20118.0,92,2025-10-04T14:20:00+00:00,2025-10-05T12:00:00+00:00
18,SINGP25,Singapore,RACEPODIUM,PIA,3,4,0,0.6945,0.3055,20589.0,187,2025-10-04T14:20:00+00:00,2025-10-05T12:00:00+00:00
18,SINGP25,Singapore,RACEPODIUM,ALO,10,7,0,0.0344,0.9656,2058.0,25,2025-10-04T14:20:00+00:00,2025-10-05T12:00:00+00:00
18,SINGP25,Singapore,RACEPODIUM,RUS,1,1,1,0.762,0.238,14550.0,187,2025-10-04T14:20:00+00:00,2025-10-05T12:00:00+00:00
18,SINGP25,Singapore,RACEPODIUM,OCO,17,18,0,0.0198,0.9802,125.0,3,2025-10-04T14:20:00+00:00,2025-10-05T12:00:00+00:00
18,SINGP25,Singapore,RACEPODIUM,ANT,4,5,0,0.1804,0.8196,8785.0,135,2025-10-04T14:20:00+00:00,2025-10-05T12:00:00+00:00
18,SINGP25,Singapore,RACEPODIUM,ALB,19,14,0,0.0216,0.9784,239.0,3,2025-10-04T14:20:00+00:00,2025-10-05T12:00:00+00:00
18,SINGP25,Singapore,RACEPODIUM,HAD,8,11,0,0.0454,0.9546,3512.0,31,2025-10-04T14:20:00+00:00,2025-10-05T12:00:00+00:00
19,UNISGP25,United States,RACE,TSU,13,7,0,0.01,0.99,841.0,5,2025-10-18T23:20:00+00:00,2025-10-19T19:00:00+00:00
19,UNISGP25,United States,RACE,LEC,3,3,0,0.0401,0.9599,75542.0,186,2025-10-18T23:20:00+00:00,2025-10-19T19:00:00+00:00
19,UNISGP25,United States,RACE,SAI,9,20,0,0.01,0.99,8149.0,15,2025-10-18T23:20:00+00:00,2025-10-19T19:00:00+00:00
19,UNISGP25,United States,RACE,BOR,16,18,0,0.01,0.99,374.0,4,2025-10-18T23:20:00+00:00,2025-10-19T19:00:00+00:00
19,UNISGP25,United States,RACE,BEA,8,9,0,0.01,0.99,1595.0,8,2025-10-18T23:20:00+00:00,2025-10-19T19:00:00+00:00
19,UNISGP25,United States,RACE,STR,18,12,0,0.01,0.99,654.0,4,2025-10-18T23:20:00+00:00,2025-10-19T19:00:00+00:00
19,UNISGP25,United States,RACE,NOR,2,2,0,0.2975,0.7025,41566.0,330,2025-10-18T23:20:00+00:00,2025-10-19T19:00:00+00:00
19,UNISGP25,United States,RACE,RUS,4,6,0,0.0466,0.9534,27566.0,155,2025-10-18T23:20:00+00:00,2025-10-19T19:00:00+00:00
19,UNISGP25,United States,RACE,VER,1,1,1,0.6163,0.3837,168682.0,1050,2025-10-18T23:20:00+00:00,2025-10-19T19:00:00+00:00
19,UNISGP25,United States,RACE,HUL,11,8,0,0.01,0.99,1763.0,7,2025-10-18T23:20:00+00:00,2025-10-19T19:00:00+00:00
19,UNISGP25,United States,RACE,ALB,19,14,0,0.01,0.99,1310.0,8,2025-10-18T23:20:00+00:00,2025-10-19T19:00:00+00:00
19,UNISGP25,United States,RACE,HAM,5,4,0,0.0161,0.9839,24989.0,71,2025-10-18T23:20:00+00:00,2025-10-19T19:00:00+00:00
19,UNISGP25,United States,RACE,HAD,20,16,0,0.01,0.99,187.0,3,2025-10-18T23:20:00+00:00,2025-10-19T19:00:00+00:00
19,UNISGP25,United States,RACE,OCO,17,15,0,0.01,0.99,841.0,5,2025-10-18T23:20:00+00:00,2025-10-19T19:00:00+00:00
19,UNISGP25,United States,RACE,COL,15,17,0,0.01,0.99,187.0,3,2025-10-18T23:20:00+00:00,2025-10-19T19:00:00+00:00
19,UNISGP25,United States,RACE,LAW,12,11,0,0.01,0.99,934.0,5,2025-10-18T23:20:00+00:00,2025-10-19T19:00:00+00:00
19,UNISGP25,United States,RACE,ANT,7,13,0,0.01,0.99,9004.0,15,2025-10-18T23:20:00+00:00,2025-10-19T19:00:00+00:00
19,UNISGP25,United States,RACE,GAS,14,19,0,0.01,0.99,654.0,4,2025-10-18T23:20:00+00:00,2025-10-19T19:00:00+00:00
19,UNISGP25,United States,RACE,PIA,6,5,0,0.0512,0.9488,73465.0,285,2025-10-18T23:20:00+00:00,2025-10-19T19:00:00+00:00
19,UNISGP25,United States,RACE,ALO,10,10,0,0.01,0.99,513.0,5,2025-10-18T23:20:00+00:00,2025-10-19T19:00:00+00:00
19,UNISGP25,United States,RACEPODIUM,BEA,8,9,0,0.0173,0.9827,4199.0,13,2025-10-18T23:20:00+00:00,2025-10-19T19:00:00+00:00
19,UNISGP25,United States,RACEPODIUM,VER,1,1,1,0.8732,0.1268,18934.0,196,2025-10-18T23:20:00+00:00,2025-10-19T19:00:00+00:00
19,UNISGP25,United States,RACEPODIUM,ANT,7,13,0,0.0534,0.9466,1958.0,26,2025-10-18T23:20:00+00:00,2025-10-19T19:00:00+00:00
19,UNISGP25,United States,RACEPODIUM,SAI,9,20,0,0.0501,0.9499,3594.0,40,2025-10-18T23:20:00+00:00,2025-10-19T19:00:00+00:00
19,UNISGP25,United States,RACEPODIUM,STR,18,12,0,0.01,0.99,982.0,3,2025-10-18T23:20:00+00:00,2025-10-19T19:00:00+00:00
19,UNISGP25,United States,RACEPODIUM,RUS,4,6,0,0.4999,0.5001,22220.0,226,2025-10-18T23:20:00+00:00,2025-10-19T19:00:00+00:00
19,UNISGP25,United States,RACEPODIUM,NOR,2,2,1,0.8471,0.1529,16981.0,137,2025-10-18T23:20:00+00:00,2025-10-19T19:00:00+00:00
19,UNISGP25,United States,RACEPODIUM,LAW,12,11,0,0.0482,0.9518,11.0,3,2025-10-18T23:20:00+00:00,2025-10-19T19:00:00+00:00
19,UNISGP25,United States,RACEPODIUM,TSU,13,7,0,0.0525,0.9475,340.0,5,2025-10-18T23:20:00+00:00,2025-10-19T19:00:00+00:00
19,UNISGP25,United States,RACEPODIUM,LEC,3,3,1,0.4286,0.5714,7510.0,135,2025-10-18T23:20:00+00:00,2025-10-19T19:00:00+00:00
19,UNISGP25,United States,RACEPODIUM,HAD,20,16,0,0.049,0.951,20.0,4,2025-10-18T23:20:00+00:00,2025-10-19T19:00:00+00:00
19,UNISGP25,United States,RACEPODIUM,ALO,10,10,0,0.0454,0.9546,125.0,7,2025-10-18T23:20:00+00:00,2025-10-19T19:00:00+00:00
19,UNISGP25,United States,RACEPODIUM,HUL,11,8,0,0.0365,0.9635,528.0,9,2025-10-18T23:20:00+00:00,2025-10-19T19:00:00+00:00
19,UNISGP25,United States,RACEPODIUM,PIA,6,5,0,0.4056,0.5944,29461.0,238,2025-10-18T23:20:00+00:00,2025-10-19T19:00:00+00:00
19,UNISGP25,United States,RACEPODIUM,HAM,5,4,0,0.1569,0.8431,16489.0,145,2025-10-18T23:20:00+00:00,2025-10-19T19:00:00+00:00
20,GRAPDM25,Mexico,RACE,ANT,6,6,0,0.0101,0.9899,3580.0,18,2025-10-25T23:20:00+00:00,2025-10-26T20:00:00+00:00
20,GRAPDM25,Mexico,RACE,SAI,7,17,0,0.01,0.99,1911.0,12,2025-10-25T23:20:00+00:00,2025-10-26T20:00:00+00:00
20,GRAPDM25,Mexico,RACE,RUS,4,7,0,0.0334,0.9666,46083.0,146,2025-10-25T23:20:00+00:00,2025-10-26T20:00:00+00:00
20,GRAPDM25,Mexico,RACE,ALB,17,12,0,0.01,0.99,287.0,4,2025-10-25T23:20:00+00:00,2025-10-26T20:00:00+00:00
20,GRAPDM25,Mexico,RACE,HUL,13,19,0,0.01,0.99,187.0,3,2025-10-25T23:20:00+00:00,2025-10-26T20:00:00+00:00
20,GRAPDM25,Mexico,RACE,PIA,8,5,0,0.0291,0.9709,50993.0,216,2025-10-25T23:20:00+00:00,2025-10-26T20:00:00+00:00
20,GRAPDM25,Mexico,RACE,HAM,3,8,0,0.0714,0.9286,89394.0,457,2025-10-25T23:20:00+00:00,2025-10-26T20:00:00+00:00
20,GRAPDM25,Mexico,RACE,HAD,9,13,0,0.01,0.99,328.0,3,2025-10-25T23:20:00+00:00,2025-10-26T20:00:00+00:00
20,GRAPDM25,Mexico,RACE,LEC,2,2,0,0.1694,0.8306,47039.0,512,2025-10-25T23:20:00+00:00,2025-10-26T20:00:00+00:00
20,GRAPDM25,Mexico,RACE,NOR,1,1,1,0.6501,0.3499,105659.0,946,2025-10-25T23:20:00+00:00,2025-10-26T20:00:00+00:00
20,GRAPDM25,Mexico,RACE,VER,5,3,0,0.1321,0.8679,201353.0,1243,2025-10-25T23:20:00+00:00,2025-10-26T20:00:00+00:00
20,GRAPDM25,Mexico,RACE,ALO,14,18,0,0.01,0.99,529.0,6,2025-10-25T23:20:00+00:00,2025-10-26T20:00:00+00:00
20,GRAPDM25,Mexico,RACEPODIUM,VER,5,3,1,0.6003,0.3997,27720.0,344,2025-10-25T23:20:00+00:00,2025-10-26T20:00:00+00:00
20,GRAPDM25,Mexico,RACEPODIUM,HAM,3,8,0,0.4507,0.5493,15219.0,238,2025-10-25T23:20:00+00:00,2025-10-26T20:00:00+00:00
20,GRAPDM25,Mexico,RACEPODIUM,LEC,2,2,1,0.6941,0.3059,11662.0,200,2025-10-25T23:20:00+00:00,2025-10-26T20:00:00+00:00
20,GRAPDM25,Mexico,RACEPODIUM,TSU,11,11,0,0.0165,0.9835,575.0,4,2025-10-25T23:20:00+00:00,2025-10-26T20:00:00+00:00
20,GRAPDM25,Mexico,RACEPODIUM,SAI,7,17,0,0.0259,0.9741,6351.0,24,2025-10-25T23:20:00+00:00,2025-10-26T20:00:00+00:00
20,GRAPDM25,Mexico,RACEPODIUM,ANT,6,6,0,0.0592,0.9408,2854.0,25,2025-10-25T23:20:00+00:00,2025-10-26T20:00:00+00:00
20,GRAPDM25,Mexico,RACEPODIUM,NOR,1,1,1,0.8711,0.1289,41283.0,201,2025-10-25T23:20:00+00:00,2025-10-26T20:00:00+00:00
20,GRAPDM25,Mexico,RACEPODIUM,BEA,10,4,0,0.0336,0.9664,586.0,4,2025-10-25T23:20:00+00:00,2025-10-26T20:00:00+00:00
20,GRAPDM25,Mexico,RACEPODIUM,HAD,9,13,0,0.0325,0.9675,280.0,6,2025-10-25T23:20:00+00:00,2025-10-26T20:00:00+00:00
20,GRAPDM25,Mexico,RACEPODIUM,RUS,4,7,0,0.2872,0.7128,20597.0,145,2025-10-25T23:20:00+00:00,2025-10-26T20:00:00+00:00
20,GRAPDM25,Mexico,RACEPODIUM,PIA,8,5,0,0.1503,0.8497,43149.0,168,2025-10-25T23:20:00+00:00,2025-10-26T20:00:00+00:00
21,SAOPGP25,São Paulo,RACE,HAM,13,18,0,0.01,0.99,5013.0,11,2025-11-08T19:20:00+00:00,2025-11-09T17:00:00+00:00
21,SAOPGP25,São Paulo,RACE,ALB,12,11,0,0.01,0.99,309.0,4,2025-11-08T19:20:00+00:00,2025-11-09T17:00:00+00:00
21,SAOPGP25,São Paulo,RACE,PIA,4,5,0,0.1027,0.8973,35515.0,230,2025-11-08T19:20:00+00:00,2025-11-09T17:00:00+00:00
21,SAOPGP25,São Paulo,RACE,VER,16,3,0,0.038,0.962,99375.0,356,2025-11-08T19:20:00+00:00,2025-11-09T17:00:00+00:00
21,SAOPGP25,São Paulo,RACE,RUS,6,4,0,0.0197,0.9803,35971.0,72,2025-11-08T19:20:00+00:00,2025-11-09T17:00:00+00:00
21,SAOPGP25,São Paulo,RACE,ANT,2,2,0,0.1005,0.8995,39008.0,209,2025-11-08T19:20:00+00:00,2025-11-09T17:00:00+00:00
21,SAOPGP25,São Paulo,RACE,HAD,5,8,0,0.01,0.99,3483.0,9,2025-11-08T19:20:00+00:00,2025-11-09T17:00:00+00:00
21,SAOPGP25,São Paulo,RACE,LEC,3,19,0,0.041,0.959,23970.0,116,2025-11-08T19:20:00+00:00,2025-11-09T17:00:00+00:00
21,SAOPGP25,São Paulo,RACE,BEA,8,6,0,0.01,0.99,1970.0,5,2025-11-08T19:20:00+00:00,2025-11-09T17:00:00+00:00
21,SAOPGP25,São Paulo,RACE,HUL,10,9,0,0.01,0.99,216.0,3,2025-11-08T19:20:00+00:00,2025-11-09T17:00:00+00:00
21,SAOPGP25,São Paulo,RACE,NOR,1,1,1,0.7181,0.2819,114700.0,493,2025-11-08T19:20:00+00:00,2025-11-09T17:00:00+00:00
21,SAOPGP25,São Paulo,RACEPODIUM,BEA,8,6,0,0.0466,0.9534,1875.0,26,2025-11-08T19:20:00+00:00,2025-11-09T17:00:00+00:00
21,SAOPGP25,São Paulo,RACEPODIUM,ALO,11,14,0,0.0108,0.9892,5123.0,7,2025-11-08T19:20:00+00:00,2025-11-09T17:00:00+00:00
21,SAOPGP25,São Paulo,RACEPODIUM,PIA,4,5,0,0.6837,0.3163,15389.0,149,2025-11-08T19:20:00+00:00,2025-11-09T17:00:00+00:00
21,SAOPGP25,São Paulo,RACEPODIUM,ANT,2,2,1,0.5499,0.4501,29733.0,220,2025-11-08T19:20:00+00:00,2025-11-09T17:00:00+00:00
21,SAOPGP25,São Paulo,RACEPODIUM,HUL,10,9,0,0.0106,0.9894,5317.0,6,2025-11-08T19:20:00+00:00,2025-11-09T17:00:00+00:00
21,SAOPGP25,São Paulo,RACEPODIUM,GAS,9,10,0,0.0434,0.9566,1243.0,10,2025-11-08T19:20:00+00:00,2025-11-09T17:00:00+00:00
21,SAOPGP25,São Paulo,RACEPODIUM,NOR,1,1,1,0.8871,0.1129,24150.0,149,2025-11-08T19:20:00+00:00,2025-11-09T17:00:00+00:00
21,SAOPGP25,São Paulo,RACEPODIUM,SAI,15,13,0,0.0354,0.9646,153.0,3,2025-11-08T19:20:00+00:00,2025-11-09T17:00:00+00:00
21,SAOPGP25,São Paulo,RACEPODIUM,RUS,6,4,0,0.2094,0.7906,11425.0,129,2025-11-08T19:20:00+00:00,2025-11-09T17:00:00+00:00
21,SAOPGP25,São Paulo,RACEPODIUM,LAW,7,7,0,0.0528,0.9472,1778.0,4,2025-11-08T19:20:00+00:00,2025-11-09T17:00:00+00:00
21,SAOPGP25,São Paulo,RACEPODIUM,VER,16,3,1,0.1357,0.8643,60917.0,334,2025-11-08T19:20:00+00:00,2025-11-09T17:00:00+00:00
21,SAOPGP25,São Paulo,RACEPODIUM,HAD,5,8,0,0.0633,0.9367,3209.0,41,2025-11-08T19:20:00+00:00,2025-11-09T17:00:00+00:00
21,SAOPGP25,São Paulo,RACEPODIUM,HAM,13,18,0,0.0469,0.9531,2996.0,20,2025-11-08T19:20:00+00:00,2025-11-09T17:00:00+00:00
21,SAOPGP25,São Paulo,RACEPODIUM,STR,14,16,0,0.0361,0.9639,38.0,3,2025-11-08T19:20:00+00:00,2025-11-09T17:00:00+00:00
21,SAOPGP25,São Paulo,RACEPODIUM,LEC,3,19,0,0.4704,0.5296,11734.0,148,2025-11-08T19:20:00+00:00,2025-11-09T17:00:00+00:00
22,LASVGP25,Las Vegas,RACE,OCO,13,9,0,0.01,0.99,1561.0,8,2025-11-22T07:20:00+00:00,2025-11-23T06:00:00+00:00
22,LASVGP25,Las Vegas,RACE,BEA,14,10,0,0.01,0.99,1881.0,11,2025-11-22T07:20:00+00:00,2025-11-23T06:00:00+00:00
22,LASVGP25,Las Vegas,RACE,ALO,7,11,0,0.01,0.99,6319.0,25,2025-11-22T07:20:00+00:00,2025-11-23T06:00:00+00:00
22,LASVGP25,Las Vegas,RACE,SAI,3,5,0,0.0179,0.9821,140201.0,288,2025-11-22T07:20:00+00:00,2025-11-23T06:00:00+00:00
22,LASVGP25,Las Vegas,RACE,BOR,18,17,0,0.01,0.99,1056.0,7,2025-11-22T07:20:00+00:00,2025-11-23T06:00:00+00:00
22,LASVGP25,Las Vegas,RACE,VER,2,1,1,0.7255,0.2745,572517.0,3925,2025-11-22T07:20:00+00:00,2025-11-23T06:00:00+00:00
22,LASVGP25,Las Vegas,RACE,HAD,8,6,0,0.01,0.99,14434.0,17,2025-11-22T07:20:00+00:00,2025-11-23T06:00:00+00:00
22,LASVGP25,Las Vegas,RACE,PIA,5,20,0,0.0429,0.9571,161417.0,461,2025-11-22T07:20:00+00:00,2025-11-23T06:00:00+00:00
22,LASVGP25,Las Vegas,RACE,HUL,11,7,0,0.01,0.99,3539.0,18,2025-11-22T07:20:00+00:00,2025-11-23T06:00:00+00:00
22,LASVGP25,Las Vegas,RACE,RUS,4,2,0,0.0942,0.9058,266965.0,1486,2025-11-22T07:20:00+00:00,2025-11-23T06:00:00+00:00
22,LASVGP25,Las Vegas,RACE,STR,12,18,0,0.01,0.99,1801.0,8,2025-11-22T07:20:00+00:00,2025-11-23T06:00:00+00:00
22,LASVGP25,Las Vegas,RACE,ANT,17,3,0,0.0138,0.9862,13200.0,39,2025-11-22T07:20:00+00:00,2025-11-23T06:00:00+00:00
22,LASVGP25,Las Vegas,RACE,LAW,6,14,0,0.01,0.99,12263.0,26,2025-11-22T07:20:00+00:00,2025-11-23T06:00:00+00:00
22,LASVGP25,Las Vegas,RACE,GAS,10,13,0,0.01,0.99,6668.0,16,2025-11-22T07:20:00+00:00,2025-11-23T06:00:00+00:00
22,LASVGP25,Las Vegas,RACE,HAM,20,8,0,0.01,0.99,55877.0,109,2025-11-22T07:20:00+00:00,2025-11-23T06:00:00+00:00
22,LASVGP25,Las Vegas,RACE,ALB,16,16,0,0.01,0.99,4794.0,19,2025-11-22T07:20:00+00:00,2025-11-23T06:00:00+00:00
22,LASVGP25,Las Vegas,RACE,NOR,1,19,0,0.2774,0.7226,450794.0,3288,2025-11-22T07:20:00+00:00,2025-11-23T06:00:00+00:00
22,LASVGP25,Las Vegas,RACE,LEC,9,4,0,0.0176,0.9824,91867.0,228,2025-11-22T07:20:00+00:00,2025-11-23T06:00:00+00:00
22,LASVGP25,Las Vegas,RACE,TSU,19,12,0,0.01,0.99,720.0,7,2025-11-22T07:20:00+00:00,2025-11-23T06:00:00+00:00
22,LASVGP25,Las Vegas,RACE,COL,15,15,0,0.01,0.99,959.0,8,2025-11-22T07:20:00+00:00,2025-11-23T06:00:00+00:00
22,LASVGP25,Las Vegas,RACEPODIUM,SAI,3,5,0,0.2174,0.7826,69386.0,431,2025-11-22T07:20:00+00:00,2025-11-23T06:00:00+00:00
22,LASVGP25,Las Vegas,RACEPODIUM,STR,12,18,0,0.0302,0.9698,340.0,4,2025-11-22T07:20:00+00:00,2025-11-23T06:00:00+00:00
22,LASVGP25,Las Vegas,RACEPODIUM,TSU,19,12,0,0.0144,0.9856,753.0,12,2025-11-22T07:20:00+00:00,2025-11-23T06:00:00+00:00
22,LASVGP25,Las Vegas,RACEPODIUM,ALB,16,16,0,0.0287,0.9713,1981.0,19,2025-11-22T07:20:00+00:00,2025-11-23T06:00:00+00:00
22,LASVGP25,Las Vegas,RACEPODIUM,RUS,4,2,1,0.739,0.261,43129.0,517,2025-11-22T07:20:00+00:00,2025-11-23T06:00:00+00:00
22,LASVGP25,Las Vegas,RACEPODIUM,ALO,7,11,0,0.0648,0.9352,3446.0,26,2025-11-22T07:20:00+00:00,2025-11-23T06:00:00+00:00
22,LASVGP25,Las Vegas,RACEPODIUM,HAM,20,8,0,0.0471,0.9529,23723.0,173,2025-11-22T07:20:00+00:00,2025-11-23T06:00:00+00:00
22,LASVGP25,Las Vegas,RACEPODIUM,GAS,10,13,0,0.03,0.97,301.0,4,2025-11-22T07:20:00+00:00,2025-11-23T06:00:00+00:00
22,LASVGP25,Las Vegas,RACEPODIUM,BEA,14,10,0,0.0206,0.9794,32.0,4,2025-11-22T07:20:00+00:00,2025-11-23T06:00:00+00:00
22,LASVGP25,Las Vegas,RACEPODIUM,HUL,11,7,0,0.0385,0.9615,4622.0,28,2025-11-22T07:20:00+00:00,2025-11-23T06:00:00+00:00
22,LASVGP25,Las Vegas,RACEPODIUM,NOR,1,19,0,0.8978,0.1022,64316.0,448,2025-11-22T07:20:00+00:00,2025-11-23T06:00:00+00:00
22,LASVGP25,Las Vegas,RACEPODIUM,ANT,17,3,1,0.0435,0.9565,10349.0,102,2025-11-22T07:20:00+00:00,2025-11-23T06:00:00+00:00
22,LASVGP25,Las Vegas,RACEPODIUM,VER,2,1,1,0.8507,0.1493,32798.0,350,2025-11-22T07:20:00+00:00,2025-11-23T06:00:00+00:00
22,LASVGP25,Las Vegas,RACEPODIUM,LAW,6,14,0,0.042,0.958,4609.0,31,2025-11-22T07:20:00+00:00,2025-11-23T06:00:00+00:00
22,LASVGP25,Las Vegas,RACEPODIUM,LEC,9,4,0,0.1661,0.8339,37390.0,392,2025-11-22T07:20:00+00:00,2025-11-23T06:00:00+00:00
22,LASVGP25,Las Vegas,RACEPODIUM,PIA,5,20,0,0.2709,0.7291,71049.0,632,2025-11-22T07:20:00+00:00,2025-11-23T06:00:00+00:00
22,LASVGP25,Las Vegas,RACEPODIUM,HAD,8,6,0,0.046,0.954,8907.0,53,2025-11-22T07:20:00+00:00,2025-11-23T06:00:00+00:00
22,LASVGP25,Las Vegas,FASTESTLAP,SAI,3,5,0,0.0523,0.9477,1136.0,6,2025-11-22T07:20:00+00:00,2025-11-23T06:00:00+00:00
22,LASVGP25,Las Vegas,FASTESTLAP,HAM,20,8,0,0.0565,0.9435,264.0,5,2025-11-22T07:20:00+00:00,2025-11-23T06:00:00+00:00
22,LASVGP25,Las Vegas,FASTESTLAP,NOR,1,19,0,0.2614,0.7386,4566.0,57,2025-11-22T07:20:00+00:00,2025-11-23T06:00:00+00:00
22,LASVGP25,Las Vegas,FASTESTLAP,RUS,4,2,0,0.1345,0.8655,1070.0,14,2025-11-22T07:20:00+00:00,2025-11-23T06:00:00+00:00
22,LASVGP25,Las Vegas,FASTESTLAP,ANT,17,3,0,0.0661,0.9339,711.0,7,2025-11-22T07:20:00+00:00,2025-11-23T06:00:00+00:00
22,LASVGP25,Las Vegas,FASTESTLAP,PIA,5,20,0,0.1199,0.8801,1541.0,15,2025-11-22T07:20:00+00:00,2025-11-23T06:00:00+00:00
22,LASVGP25,Las Vegas,FASTESTLAP,LEC,9,4,0,0.0361,0.9639,288.0,6,2025-11-22T07:20:00+00:00,2025-11-23T06:00:00+00:00
22,LASVGP25,Las Vegas,FASTESTLAP,VER,2,1,1,0.4841,0.5159,5143.0,81,2025-11-22T07:20:00+00:00,2025-11-23T06:00:00+00:00
23,QATGP25,Qatar,RACE,STR,19,17,0,0.01,0.99,653.0,3,2025-11-29T17:20:00+00:00,2025-11-30T16:00:00+00:00
23,QATGP25,Qatar,RACE,RUS,4,6,0,0.0366,0.9634,58315.0,211,2025-11-29T17:20:00+00:00,2025-11-30T16:00:00+00:00
23,QATGP25,Qatar,RACE,NOR,2,4,0,0.262,0.738,70132.0,774,2025-11-29T17:20:00+00:00,2025-11-30T16:00:00+00:00
23,QATGP25,Qatar,RACE,TSU,16,10,0,0.01,0.99,280.0,3,2025-11-29T17:20:00+00:00,2025-11-30T16:00:00+00:00
23,QATGP25,Qatar,RACE,BOR,14,13,0,0.01,0.99,570.0,3,2025-11-29T17:20:00+00:00,2025-11-30T16:00:00+00:00
23,QATGP25,Qatar,RACE,LEC,10,8,0,0.015,0.985,2506.0,19,2025-11-29T17:20:00+00:00,2025-11-30T16:00:00+00:00
23,QATGP25,Qatar,RACE,VER,3,1,1,0.1632,0.8368,188989.0,1113,2025-11-29T17:20:00+00:00,2025-11-30T16:00:00+00:00
23,QATGP25,Qatar,RACE,ALO,8,7,0,0.01,0.99,1395.0,7,2025-11-29T17:20:00+00:00,2025-11-30T16:00:00+00:00
23,QATGP25,Qatar,RACE,PIA,1,2,0,0.562,0.438,87793.0,773,2025-11-29T17:20:00+00:00,2025-11-30T16:00:00+00:00
23,QATGP25,Qatar,RACE,OCO,17,15,0,0.01,0.99,660.0,3,2025-11-29T17:20:00+00:00,2025-11-30T16:00:00+00:00
23,QATGP25,Qatar,RACE,ALB,15,11,0,0.01,0.99,1595.0,4,2025-11-29T17:20:00+00:00,2025-11-30T16:00:00+00:00
23,QATGP25,Qatar,RACE,SAI,7,3,0,0.01,0.99,281.0,4,2025-11-29T17:20:00+00:00,2025-11-30T16:00:00+00:00
23,QATGP25,Qatar,RACE,HUL,11,20,0,0.01,0.99,658.0,3,2025-11-29T17:20:00+00:00,2025-11-30T16:00:00+00:00
23,QATGP25,Qatar,RACE,ANT,5,5,0,0.0119,0.9881,26062.0,56,2025-11-29T17:20:00+00:00,2025-11-30T16:00:00+00:00
23,QATGP25,Qatar,RACE,HAM,18,12,0,0.01,0.99,499.0,6,2025-11-29T17:20:00+00:00,2025-11-30T16:00:00+00:00
23,QATGP25,Qatar,RACEPODIUM,HAM,18,12,0,0.03,0.97,851.0,20,2025-11-29T17:20:00+00:00,2025-11-30T16:00:00+00:00
23,QATGP25,Qatar,RACEPODIUM,GAS,9,16,0,0.0112,0.9888,1039.0,4,2025-11-29T17:20:00+00:00,2025-11-30T16:00:00+00:00
23,QATGP25,Qatar,RACEPODIUM,HAD,6,18,0,0.0457,0.9543,1256.0,25,2025-11-29T17:20:00+00:00,2025-11-30T16:00:00+00:00
23,QATGP25,Qatar,RACEPODIUM,NOR,2,4,0,0.8213,0.1787,19761.0,156,2025-11-29T17:20:00+00:00,2025-11-30T16:00:00+00:00
23,QATGP25,Qatar,RACEPODIUM,SAI,7,3,1,0.0619,0.9381,1981.0,46,2025-11-29T17:20:00+00:00,2025-11-30T16:00:00+00:00
23,QATGP25,Qatar,RACEPODIUM,HUL,11,20,0,0.01,0.99,197.0,3,2025-11-29T17:20:00+00:00,2025-11-30T16:00:00+00:00
23,QATGP25,Qatar,RACEPODIUM,PIA,1,2,1,0.8657,0.1343,13851.0,187,2025-11-29T17:20:00+00:00,2025-11-30T16:00:00+00:00
23,QATGP25,Qatar,RACEPODIUM,VER,3,1,1,0.7027,0.2973,33952.0,279,2025-11-29T17:20:00+00:00,2025-11-30T16:00:00+00:00
23,QATGP25,Qatar,RACEPODIUM,ALB,15,11,0,0.01,0.99,167.0,3,2025-11-29T17:20:00+00:00,2025-11-30T16:00:00+00:00
23,QATGP25,Qatar,RACEPODIUM,LEC,10,8,0,0.0542,0.9458,2308.0,32,2025-11-29T17:20:00+00:00,2025-11-30T16:00:00+00:00
23,QATGP25,Qatar,RACEPODIUM,ALO,8,7,0,0.0163,0.9837,8803.0,21,2025-11-29T17:20:00+00:00,2025-11-30T16:00:00+00:00
23,QATGP25,Qatar,RACEPODIUM,RUS,4,6,0,0.3737,0.6263,22182.0,251,2025-11-29T17:20:00+00:00,2025-11-30T16:00:00+00:00
23,QATGP25,Qatar,RACEPODIUM,ANT,5,5,0,0.136,0.864,13063.0,157,2025-11-29T17:20:00+00:00,2025-11-30T16:00:00+00:00
23,QATGP25,Qatar,FASTESTLAP,LEC,10,8,0,0.01,0.99,287.0,3,2025-11-29T17:20:00+00:00,2025-11-30T16:00:00+00:00
23,QATGP25,Qatar,FASTESTLAP,VER,3,1,0,0.3143,0.6857,787.0,41,2025-11-29T17:20:00+00:00,2025-11-30T16:00:00+00:00
23,QATGP25,Qatar,FASTESTLAP,PIA,1,2,1,0.3796,0.6204,513.0,29,2025-11-29T17:20:00+00:00,2025-11-30T16:00:00+00:00
23,QATGP25,Qatar,FASTESTLAP,ANT,5,5,0,0.0563,0.9437,621.0,7,2025-11-29T17:20:00+00:00,2025-11-30T16:00:00+00:00
23,QATGP25,Qatar,FASTESTLAP,RUS,4,6,0,0.072,0.928,1025.0,7,2025-11-29T17:20:00+00:00,2025-11-30T16:00:00+00:00
23,QATGP25,Qatar,FASTESTLAP,NOR,2,4,0,0.3309,0.6691,426.0,22,2025-11-29T17:20:00+00:00,2025-11-30T16:00:00+00:00
24,ABUDGP25,Abu Dhabi,RACE,NOR,2,3,0,0.2089,0.7911,101523.0,779,2025-12-06T15:20:00+00:00,2025-12-07T13:00:00+00:00
24,ABUDGP25,Abu Dhabi,RACE,VER,1,1,1,0.7166,0.2834,181400.0,1271,2025-12-06T15:20:00+00:00,2025-12-07T13:00:00+00:00
24,ABUDGP25,Abu Dhabi,RACE,ALB,17,16,0,0.01,0.99,421.0,4,2025-12-06T15:20:00+00:00,2025-12-07T13:00:00+00:00
24,ABUDGP25,Abu Dhabi,RACE,ANT,14,15,0,0.01,0.99,849.0,7,2025-12-06T15:20:00+00:00,2025-12-07T13:00:00+00:00
24,ABUDGP25,Abu Dhabi,RACE,ALO,6,6,0,0.01,0.99,6889.0,11,2025-12-06T15:20:00+00:00,2025-12-07T13:00:00+00:00
24,ABUDGP25,Abu Dhabi,RACE,HAM,16,8,0,0.01,0.99,4884.0,16,2025-12-06T15:20:00+00:00,2025-12-07T13:00:00+00:00
24,ABUDGP25,Abu Dhabi,RACE,COL,20,20,0,0.01,0.99,181.0,3,2025-12-06T15:20:00+00:00,2025-12-07T13:00:00+00:00
24,ABUDGP25,Abu Dhabi,RACE,LEC,5,4,0,0.0102,0.9898,19108.0,42,2025-12-06T15:20:00+00:00,2025-12-07T13:00:00+00:00
24,ABUDGP25,Abu Dhabi,RACE,RUS,4,5,0,0.0206,0.9794,29762.0,96,2025-12-06T15:20:00+00:00,2025-12-07T13:00:00+00:00
24,ABUDGP25,Abu Dhabi,RACE,PIA,3,2,0,0.0906,0.9094,69002.0,327,2025-12-06T15:20:00+00:00,2025-12-07T13:00:00+00:00
24,ABUDGP25,Abu Dhabi,RACE,SAI,12,13,0,0.01,0.99,1459.0,8,2025-12-06T15:20:00+00:00,2025-12-07T13:00:00+00:00
24,ABUDGP25,Abu Dhabi,RACEPODIUM,LEC,5,4,0,0.1393,0.8607,23357.0,148,2025-12-06T15:20:00+00:00,2025-12-07T13:00:00+00:00
24,ABUDGP25,Abu Dhabi,RACEPODIUM,NOR,2,3,1,0.751,0.249,60494.0,276,2025-12-06T15:20:00+00:00,2025-12-07T13:00:00+00:00
24,ABUDGP25,Abu Dhabi,RACEPODIUM,HAM,16,8,0,0.0198,0.9802,1910.0,10,2025-12-06T15:20:00+00:00,2025-12-07T13:00:00+00:00
24,ABUDGP25,Abu Dhabi,RACEPODIUM,BEA,11,12,0,0.01,0.99,900.0,10,2025-12-06T15:20:00+00:00,2025-12-07T13:00:00+00:00
24,ABUDGP25,Abu Dhabi,RACEPODIUM,ANT,14,15,0,0.02,0.98,10935.0,34,2025-12-06T15:20:00+00:00,2025-12-07T13:00:00+00:00
24,ABUDGP25,Abu Dhabi,RACEPODIUM,STR,15,10,0,0.01,0.99,143.0,4,2025-12-06T15:20:00+00:00,2025-12-07T13:00:00+00:00
24,ABUDGP25,Abu Dhabi,RACEPODIUM,PIA,3,2,1,0.7297,0.2703,21921.0,147,2025-12-06T15:20:00+00:00,2025-12-07T13:00:00+00:00
24,ABUDGP25,Abu Dhabi,RACEPODIUM,VER,1,1,1,0.8945,0.1055,10569.0,144,2025-12-06T15:20:00+00:00,2025-12-07T13:00:00+00:00
24,ABUDGP25,Abu Dhabi,RACEPODIUM,SAI,12,13,0,0.02,0.98,10418.0,35,2025-12-06T15:20:00+00:00,2025-12-07T13:00:00+00:00
24,ABUDGP25,Abu Dhabi,RACEPODIUM,RUS,4,5,0,0.3937,0.6063,17839.0,236,2025-12-06T15:20:00+00:00,2025-12-07T13:00:00+00:00
24,ABUDGP25,Abu Dhabi,RACEPODIUM,HAD,9,17,0,0.021,0.979,5032.0,16,2025-12-06T15:20:00+00:00,2025-12-07T13:00:00+00:00
24,ABUDGP25,Abu Dhabi,RACEPODIUM,BOR,7,11,0,0.03,0.97,2784.0,12,2025-12-06T15:20:00+00:00,2025-12-07T13:00:00+00:00
24,ABUDGP25,Abu Dhabi,RACEPODIUM,ALO,6,6,0,0.0531,0.9469,4016.0,27,2025-12-06T15:20:00+00:00,2025-12-07T13:00:00+00:00
24,ABUDGP25,Abu Dhabi,FASTESTLAP,RUS,4,5,0,0.0685,0.9315,2963.0,35,2025-12-06T15:20:00+00:00,2025-12-07T13:00:00+00:00
24,ABUDGP25,Abu Dhabi,FASTESTLAP,NOR,2,3,0,0.3394,0.6606,4029.0,83,2025-12-06T15:20:00+00:00,2025-12-07T13:00:00+00:00
24,ABUDGP25,Abu Dhabi,FASTESTLAP,VER,1,1,0,0.3908,0.6092,38689.0,525,2025-12-06T15:20:00+00:00,2025-12-07T13:00:00+00:00
24,ABUDGP25,Abu Dhabi,FASTESTLAP,TSU,10,14,0,0.0323,0.9677,753.0,8,2025-12-06T15:20:00+00:00,2025-12-07T13:00:00+00:00
24,ABUDGP25,Abu Dhabi,FASTESTLAP,PIA,3,2,0,0.2072,0.7928,2153.0,74,2025-12-06T15:20:00+00:00,2025-12-07T13:00:00+00:00
24,ABUDGP25,Abu Dhabi,FASTESTLAP,LEC,5,4,1,0.0498,0.9502,239.0,5,2025-12-06T15:20:00+00:00,2025-12-07T13:00:00+00:00
24,ABUDGP25,Abu Dhabi,FASTESTLAP,ANT,14,15,0,0.056,0.944,590.0,8,2025-12-06T15:20:00+00:00,2025-12-07T13:00:00+00:00
